episode,step,b1,b2,action,q1,q2,q3
1,1,0,0,3,0.0,0.0,-0.1
1,2,0,0,2,0.0,0.0,-0.1
1,3,0,1,2,0.0,0.1,0.0
1,4,0,2,1,0.0,0.0,0.0
1,5,2,2,1,-0.19010000000000002,0.0,0.0
1,6,0,1,2,0.0,0.29000000000000004,0.0
1,7,0,2,3,0.0,0.0,-0.07129
1,8,0,1,1,0.0,0.29000000000000004,0.0
1,9,2,2,1,-0.37109000000000003,0.0,0.0
1,10,0,2,1,0.0,0.0,-0.07129
1,11,2,2,1,-0.533981,0.0,0.0
1,12,0,2,3,0.0,0.0,-0.13545100000000002
1,13,0,1,1,0.0,0.29000000000000004,0.0
1,14,2,2,1,-0.6805829000000001,0.0,0.0
1,15,0,2,2,0.0,-0.7000000000000001,-0.13545100000000002
1,16,0,0,2,0.0,0.028710000000000003,-0.1
1,17,0,1,1,0.0,0.29000000000000004,0.0
1,18,2,2,1,-0.8125246100000001,0.0,0.0
1,19,0,2,2,0.0,-0.82715771,-0.13545100000000002
1,20,0,0,3,0.0,0.028710000000000003,-0.18715771
1,21,0,0,2,0.0,0.054549,-0.18715771
1,22,0,1,1,0.0,0.29000000000000004,0.0
1,23,2,2,2,-0.8125246100000001,-0.2,0.0
1,24,2,0,2,0.0,0.0,0.0
1,25,1,2,3,0.0,0.0,-0.1
1,26,2,2,2,-0.8125246100000001,-0.38,0.0
1,27,2,0,1,-0.194599649,0.0,0.0
1,28,0,0,1,0.0,0.054549,-0.18715771
1,29,2,0,1,-0.36973933310000007,0.0,0.0
1,30,0,0,3,0.0,0.054549,-0.263041588
1,31,0,0,3,0.0,0.054549,-0.3313370782
1,32,0,0,2,0.0,0.0490941,-0.3313370782
1,33,0,2,3,0.0,-0.82715771,-0.22190590000000002
1,34,0,2,2,0.0,-0.9395816231,-0.22190590000000002
1,35,0,0,1,0.0,0.0490941,-0.3313370782
1,36,2,0,3,-0.36973933310000007,0.0,-0.1
1,37,2,0,2,-0.36973933310000007,0.0,-0.1
1,38,1,2,3,0.0,0.0,-0.19
1,39,1,2,2,0.0,-0.2,-0.19
1,40,2,0,3,-0.36973933310000007,0.0,-0.19
1,41,2,0,3,-0.36973933310000007,0.0,-0.271
1,42,1,0,2,0.0,0.0,0.0
1,43,2,2,3,-0.8125246100000001,-0.38,-0.1
1,44,1,1,1,0.09010000000000001,0.0,0.0
1,45,2,2,3,-0.8125246100000001,-0.38,-0.18108010000000002
1,46,1,1,3,0.09010000000000001,0.0,-0.1179269299
1,47,2,2,2,-0.8125246100000001,-0.542,-0.18108010000000002
1,48,2,0,3,-0.36973933310000007,0.0,-0.34390000000000004
1,49,2,0,3,-0.36973933310000007,0.0,-0.40951000000000004
1,50,1,0,2,0.0,0.008919900000000001,0.0
1,51,1,1,3,0.09010000000000001,0.0,-0.22406116681
1,52,2,2,3,-0.8125246100000001,-0.542,-0.28089901990000005
1,53,2,2,3,-0.8125246100000001,-0.542,-0.38061812088010005
1,54,2,2,3,-0.8125246100000001,-0.542,-0.48023750275921995
1,55,2,2,1,-1.1312721490000002,-0.542,-0.48023750275921995
1,56,0,2,3,0.0,-0.9395816231,-0.29971531
1,57,0,2,2,0.0,-1.04076314489,-0.29971531
1,58,0,0,1,0.0,0.0490941,-0.3313370782
1,59,2,0,1,-0.5279050838900001,0.0,-0.40951000000000004
1,60,0,0,3,0.0,0.0490941,-0.39334305448
1,61,0,0,1,0.0,0.0490941,-0.39334305448
1,62,2,0,1,-0.6702542596010002,0.0,-0.40951000000000004
1,63,0,0,1,0.0008830701000000002,0.0490941,-0.39334305448
1,64,1,0,1,0.1008830701,0.008919900000000001,0.0
1,65,1,0,2,0.1008830701,-0.039515602773162774,0.0
1,66,2,2,3,-1.1312721490000002,-0.542,-0.5797572652564608
1,67,2,2,1,-1.4181449341000003,-0.542,-0.5797572652564608
1,68,1,2,1,-0.1,-0.2,-0.19
1,69,2,1,3,0.0,0.0,-0.1099
2,1,0,0,2,0.0008830701000000002,0.07289469000000001,-0.39334305448
2,2,0,1,3,0.0,0.29000000000000004,-0.07129
2,3,0,1,3,0.0,0.29000000000000004,-0.13545100000000002
2,4,0,1,1,-0.05365800000000001,0.29000000000000004,-0.13545100000000002
2,5,2,2,3,-1.4181449341000003,-0.542,-0.6128616387308147
2,6,1,1,2,0.09010000000000001,0.046341999999999994,-0.22406116681
2,7,2,2,1,-1.4763304406900002,-0.542,-0.6128616387308147
2,8,0,2,1,-0.05365800000000001,-1.04076314489,-0.29971531
2,9,2,2,3,-1.4763304406900002,-0.542,-0.6515754748577332
2,10,2,1,3,0.0,0.0,-0.20881
2,11,1,2,3,-0.1,-0.2,-0.324658
2,12,2,2,1,-1.5340095386210002,-0.542,-0.6515754748577332
2,13,0,2,2,-0.05365800000000001,-1.3294702560910001,-0.29971531
2,14,0,0,1,0.0007947630900000002,0.07289469000000001,-0.39334305448
2,15,2,0,3,-0.6702542596010002,0.0,-0.46855900000000006
2,16,2,0,2,-0.6702542596010002,-0.0099,-0.46855900000000006
2,17,1,2,1,-0.04365800000000001,-0.2,-0.324658
2,18,2,2,2,-1.5340095386210002,-0.6778125760601,-0.6515754748577332
2,19,1,0,1,0.28981466309000004,-0.039515602773162774,0.0
2,20,2,0,1,-1.2960122593309,-0.0099,-0.46855900000000006
2,21,0,0,1,-0.00026481321900000013,0.07289469000000001,-0.39334305448
2,22,2,0,3,-1.2960122593309,-0.0099,-0.49301144835409005
2,23,1,0,2,0.28981466309000004,-0.10007001450676208,0.0
2,24,2,2,2,-1.5340095386210002,-0.78133966680818,-0.6515754748577332
2,25,1,0,2,0.28981466309000004,-0.15456898506700145,0.0
2,26,2,2,2,-1.5340095386210002,-0.904185800127362,-0.6515754748577332
2,27,2,0,3,-1.2960122593309,-0.0099,-0.5150186518727711
2,28,1,0,3,0.28981466309000004,-0.15456898506700145,-0.07130834835408999
2,29,1,0,2,0.28981466309000004,-0.2036180585712169,-0.07130834835408999
2,30,2,2,1,-1.5859207267589002,-0.904185800127362,-0.6515754748577332
2,31,0,2,2,-0.05365800000000001,-1.3893066561719,-0.29971531
2,32,0,0,3,-0.00026481321900000013,0.07289469000000001,-0.446792174722
2,33,0,0,3,-0.00026481321900000013,0.07289469000000001,-0.4948963829398
2,34,0,0,1,-0.0012184318971000003,0.07289469000000001,-0.4948963829398
2,35,2,0,2,-1.2960122593309,-0.07341597201091558,-0.5150186518727711
2,36,2,2,2,-1.5859207267589002,-0.9850755684687158,-0.6515754748577332
2,37,1,0,3,0.28981466309000004,-0.2036180585712169,-0.17144569474776164
2,38,2,0,2,-1.2960122593309,-0.1305803468207396,-0.5150186518727711
2,39,2,2,3,-1.5859207267589002,-0.9850755684687158,-0.6864179273719598
2,40,2,1,2,0.0,0.1,-0.20881
2,41,2,1,3,0.0,0.1,-0.292251142
2,42,1,2,2,-0.04365800000000001,-0.5929274543352532,-0.324658
2,43,2,0,1,-1.35919445908781,-0.1305803468207396,-0.5150186518727711
2,44,0,0,1,0.02759506293852001,0.07289469000000001,-0.4948963829398
2,45,1,0,2,0.28981466309000004,-0.25121162752391923,-0.17144569474776164
2,46,2,2,3,-1.5859207267589002,-0.9850755684687158,-0.7857315094445878
2,47,2,2,2,-1.5859207267589002,-1.0994954659570975,-0.7857315094445878
2,48,2,0,2,-1.35919445908781,-0.12184445413866564,-0.5150186518727711
2,49,1,2,2,-0.04365800000000001,-0.7456973098614558,-0.324658
2,50,2,0,3,-1.35919445908781,-0.12184445413866564,-0.5755793876452219
2,51,2,0,3,-1.35919445908781,-0.12184445413866564,-0.6300840498404277
2,52,2,0,2,-1.35919445908781,-0.11398215072479907,-0.6300840498404277
2,53,1,2,2,-0.04365800000000001,-0.8424359272294002,-0.324658
2,54,1,0,1,0.34954896385924494,-0.25121162752391923,-0.17144569474776164
2,55,2,0,2,-1.35919445908781,-0.09268393565231917,-0.6300840498404277
2,56,2,1,3,0.0,0.1,-0.44081344723501426
2,57,2,2,2,-1.5859207267589002,-1.1987216289909672,-0.7857315094445878
2,58,2,0,2,-1.35919445908781,-0.08773768408708725,-0.6300840498404277
2,59,1,2,3,-0.04365800000000001,-0.8424359272294002,-0.4699796194350142
2,60,2,2,2,-1.5859207267589002,-1.287535496816492,-0.7857315094445878
2,61,2,0,2,-1.35919445908781,-0.15675133511339273,-0.6300840498404277
2,62,2,2,3,-1.5859207267589002,-1.287535496816492,-0.8849457779351433
2,63,2,2,3,-1.5859207267589002,-1.287535496816492,-0.900773342141629
2,64,1,2,2,-0.04365800000000001,-0.9235869870843949,-0.4699796194350142
2,65,1,0,2,0.34954896385924494,-0.3152670256435486,-0.17144569474776164
2,66,2,2,3,-1.5859207267589002,-1.287535496816492,-0.9998725687994874
2,67,2,2,3,-1.5859207267589002,-1.287535496816492,-0.9909654119195387
2,68,1,1,2,0.09010000000000001,0.043602224219965666,-0.22406116681
2,69,2,2,3,-1.5859207267589002,-1.287535496816492,-1.089974446507619
2,70,2,2,3,-1.5859207267589002,-1.287535496816492,-1.1888844720611114
2,71,2,2,3,-1.5859207267589002,-1.287535496816492,-1.1610761248550001
2,72,1,1,2,0.09010000000000001,0.2481619017979691,-0.22406116681
2,73,1,1,3,0.09010000000000001,0.2481619017979691,-0.416601586489645
2,74,2,2,3,-1.5859207267589002,-1.287535496816492,-1.2599150487301451
2,75,2,2,3,-1.5859207267589002,-1.287535496816492,-1.358655133681415
2,76,2,2,2,-1.5859207267589002,-0.9862479613196755,-1.358655133681415
2,77,2,2,2,-1.5859207267589002,-0.963055136909709,-1.358655133681415
2,78,1,1,3,0.09010000000000001,0.2481619017979691,-0.4503733995626816
3,1,0,0,3,0.02759506293852001,0.07289469000000001,-0.53819017033582
3,2,0,0,3,0.02759506293852001,0.07289469000000001,-0.577154578992238
3,3,0,0,3,0.02759506293852001,0.07289469000000001,-0.6122225467830142
3,4,0,0,1,0.009317174468442126,0.07289469000000001,-0.6122225467830142
3,5,2,0,1,-1.416058438869029,-0.15675133511339273,-0.6300840498404277
3,6,0,0,2,0.009317174468442126,0.09431522100000002,-0.6122225467830142
3,7,0,1,2,-0.05365800000000001,0.355687858,-0.13545100000000002
3,8,0,2,2,-0.05365800000000001,-1.64103878367571,-0.29971531
3,9,0,0,2,0.009317174468442126,0.12009679684200003,-0.6122225467830142
3,10,0,1,3,-0.05365800000000001,0.355687858,-0.22721804200000004
3,11,0,2,1,-0.05261434200000001,-1.64103878367571,-0.29971531
3,12,1,2,3,-0.04365800000000001,-0.9235869870843949,-0.618324116045574
3,13,2,2,2,-1.5859207267589002,-1.082268005394964,-1.358655133681415
3,14,2,0,1,-1.4625630120947681,-0.15675133511339273,-0.6300840498404277
3,15,0,0,2,0.009317174468442126,0.14330021509980004,-0.6122225467830142
3,16,0,1,1,-0.15543673253410145,0.355687858,-0.22721804200000004
3,17,2,2,2,-1.5859207267589002,-1.1895595870316935,-1.358655133681415
3,18,2,0,1,-1.5021199895904112,-0.15675133511339273,-0.6300840498404277
3,19,0,0,2,0.009317174468442126,0.16418329153182004,-0.6122225467830142
3,20,0,1,1,-0.25765945839682897,0.355687858,-0.22721804200000004
3,21,2,2,2,-1.5859207267589002,-1.28612201050475,-1.358655133681415
3,22,2,0,1,-1.53565384476972,-0.15675133511339273,-0.6300840498404277
3,23,0,0,2,0.009317174468442126,0.14255614252063803,-0.6122225467830142
3,24,0,2,3,-0.05261434200000001,-1.64103878367571,-0.37495259885800003
3,25,0,2,2,-0.05261434200000001,-1.6628218471985958,-0.37495259885800003
3,26,0,0,2,0.009317174468442126,0.12309170841057422,-0.6122225467830142
3,27,0,2,2,-0.05261434200000001,-1.6843535833460894,-0.37495259885800003
3,28,0,0,2,0.009317174468442126,0.1459956355115168,-0.6122225467830142
3,29,0,1,2,-0.25765945839682897,0.414910252342,-0.22721804200000004
3,30,0,2,2,-0.05261434200000001,-1.9014646570958402,-0.37495259885800003
3,31,0,0,2,0.009317174468442126,0.12618725210236514,-0.6122225467830142
3,32,0,2,3,-0.05261434200000001,-1.9014646570958402,-0.4426661588302
3,33,0,2,1,-0.05167504980000001,-1.9014646570958402,-0.4426661588302
3,34,1,2,1,0.0706078,-0.9235869870843949,-0.618324116045574
3,35,2,1,3,0.0,0.1,-0.4897419303115128
3,36,1,2,1,0.27053719220000005,-0.9235869870843949,-0.618324116045574
3,37,1,2,2,0.27053719220000005,-0.9966229409538901,-0.618324116045574
3,38,1,0,1,0.6491994148953857,-0.3152670256435486,-0.17144569474776164
3,39,1,0,3,0.6491994148953857,-0.3152670256435486,-0.26981950744921135
3,40,2,0,2,-1.53565384476972,-0.13117620160205345,-0.6300840498404277
3,41,2,1,2,0.0,0.06267392096002977,-0.4897419303115128
3,42,2,2,2,-1.5859207267589002,-1.4932390673796319,-1.358655133681415
3,43,1,0,3,0.6491994148953857,-0.3152670256435486,-0.27856681462964705
3,44,1,0,1,0.9712930294472438,-0.3152670256435486,-0.27856681462964705
3,45,2,0,2,-1.53565384476972,-0.09127539941404811,-0.6300840498404277
3,46,1,2,1,0.749688191155043,-0.9966229409538901,-0.618324116045574
3,47,2,1,2,0.0,0.23062565978837607,-0.4897419303115128
3,48,1,2,3,0.749688191155043,-0.9966229409538901,-0.5822725735166674
3,49,1,2,1,1.1402125138050787,-0.9966229409538901,-0.5822725735166674
3,50,2,2,3,-1.5859207267589002,-1.4932390673796319,-1.2999576799942243
3,51,2,1,2,0.0,0.4303950341285877,-0.4897419303115128
3,52,2,1,1,-2.858923885018142,0.4303950341285877,-0.4897419303115128
3,53,0,1,3,-0.25765945839682897,0.414910252342,-0.26342012281814203
3,54,0,1,1,-0.3605893228765743,0.414910252342,-0.26342012281814203
3,55,2,2,3,-1.5859207267589002,-1.4932390673796319,-1.39865772231423
3,56,2,2,3,-1.5859207267589002,-1.4932390673796319,-1.4972590645919157
3,57,2,2,2,-1.5859207267589002,-2.0529514251836596,-1.4972590645919157
3,58,2,0,2,-1.53565384476972,-0.23037650686724295,-0.6300840498404277
3,59,2,2,3,-1.5859207267589002,-2.0529514251836596,-1.5957618055273237
3,60,2,2,1,-1.5862525391011522,-2.0529514251836596,-1.5957618055273237
3,61,0,1,3,-0.3605893228765743,0.414910252342,-0.2960019955544698
3,62,0,1,2,-0.3605893228765743,0.5144953420896581,-0.2960019955544698
3,63,0,1,1,-0.4815693919599309,0.5144953420896581,-0.2960019955544698
3,64,2,2,1,-1.632743115121237,-2.0529514251836596,-1.5957618055273237
3,65,0,2,3,-0.05167504980000001,-1.9014646570958402,-0.44746450408030386
3,66,0,1,3,-0.4815693919599309,0.5144953420896581,-0.3715176259292229
3,67,0,2,3,-0.05167504980000001,-1.9014646570958402,-0.5078338836024735
3,68,0,2,1,-0.20448796356720508,-1.9014646570958402,-0.5078338836024735
3,69,2,2,3,-1.632743115121237,-2.0529514251836596,-1.4233045861078886
3,70,1,2,1,0.9852841083998899,-0.9966229409538901,-0.5822725735166674
3,71,2,2,3,-1.632743115121237,-2.0529514251836596,-1.3383650191183696
3,72,2,1,2,-2.858923885018142,0.6299646390944591,-0.4897419303115128
3,73,2,1,3,-2.858923885018142,0.6299646390944591,-0.44322461054877244
3,74,1,2,1,1.1491221968302523,-0.9966229409538901,-0.5822725735166674
3,75,2,1,1,-3.4055296334090466,0.6299646390944591,-0.44322461054877244
3,76,2,2,3,-1.632743115121237,-2.0529514251836596,-1.7370266540992512
4,1,0,0,2,0.009317174468442126,0.09332421849897532,-0.6122225467830142
4,2,0,2,1,-0.345680735607487,-1.9014646570958402,-0.5078338836024735
4,3,2,2,1,-1.7036911964342545,-2.0529514251836596,-1.7370266540992512
4,4,0,2,3,-0.345680735607487,-1.9014646570958402,-0.5912728880673673
4,5,0,2,3,-0.345680735607487,-1.9014646570958402,-0.6663679920857718
4,6,0,2,1,-0.19734956456054334,-1.9014646570958402,-0.6663679920857718
4,7,1,2,3,1.1491221968302523,-0.9966229409538901,-0.5102822186788056
4,8,1,2,2,1.1491221968302523,-1.1197679210383582,-0.5102822186788056
4,9,2,0,2,-1.53565384476972,-0.09357575869432366,-0.6300840498404277
4,10,1,2,2,1.1491221968302523,-1.2170551290452605,-0.5102822186788056
4,11,2,0,2,-1.53565384476972,-0.02185168355453984,-0.6300840498404277
4,12,2,1,2,-3.4055296334090466,0.7807312726712082,-0.44322461054877244
4,13,1,2,3,1.1491221968302523,-1.2170551290452605,-0.7279194252579163
4,14,2,2,1,-1.7528596836823227,-2.0529514251836596,-1.7370266540992512
4,15,0,2,1,-0.34958024686031486,-1.9014646570958402,-0.6663679920857718
4,16,2,2,3,-1.7528596836823227,-2.0529514251836596,-1.835289627445152
4,17,2,2,1,-1.8121821597532617,-2.0529514251836596,-1.835289627445152
4,18,0,2,1,-0.23732982617983375,-1.9014646570958402,-0.6663679920857718
4,19,2,1,3,-3.4055296334090466,0.7807312726712082,-0.6783081833094682
4,20,2,2,1,-1.854459596569739,-2.0529514251836596,-1.835289627445152
4,21,0,2,1,-0.0998337460756554,-1.9014646570958402,-0.6663679920857718
4,22,1,2,1,1.247973074633422,-1.2170551290452605,-0.7279194252579163
4,23,1,2,1,1.14148209405301,-1.2170551290452605,-0.7279194252579163
4,24,2,2,3,-1.854459596569739,-2.0529514251836596,-1.6387539373893887
4,25,1,2,2,1.14148209405301,-1.497512932812634,-0.7279194252579163
4,26,2,0,2,-1.53565384476972,-0.18190315500063534,-0.6300840498404277
4,27,2,2,3,-1.854459596569739,-2.0529514251836596,-1.7371151834519993
4,28,2,2,3,-1.854459596569739,-2.0529514251836596,-1.5503969377955513
4,29,1,2,3,1.14148209405301,-1.497512932812634,-0.6421207554208767
4,30,1,2,2,1.14148209405301,-1.5657700518764335,-0.6421207554208767
4,31,2,0,2,-1.53565384476972,-0.3172021363423314,-0.6300840498404277
4,32,2,2,3,-1.854459596569739,-2.0529514251836596,-1.382350516704748
4,33,1,2,3,1.14148209405301,-1.5657700518764335,-0.5649019525675409
4,34,1,2,1,1.1904811834939388,-1.5657700518764335,-0.5649019525675409
4,35,2,2,3,-1.854459596569739,-2.0529514251836596,-1.2262578278683733
4,36,1,2,1,1.5487254611389947,-1.5657700518764335,-0.5649019525675409
4,37,2,1,1,-4.614041631201266,0.7807312726712082,-0.6783081833094682
4,38,0,1,2,-0.4815693919599309,0.5531622670192023,-0.3715176259292229
4,39,0,2,1,0.0634734491846706,-1.9014646570958402,-0.6663679920857718
4,40,1,2,1,1.5711453110195448,-1.5657700518764335,-0.5649019525675409
4,41,2,1,3,-4.614041631201266,0.7807312726712082,-0.5549339791875865
4,42,1,2,1,1.4926312549586214,-1.5657700518764335,-0.5649019525675409
4,43,2,2,3,-1.854459596569739,-2.0529514251836596,-1.0558615508406324
4,44,1,2,1,1.5388378359295367,-1.5657700518764335,-0.5649019525675409
4,45,2,2,3,-1.854459596569739,-2.0529514251836596,-1.1548056892897918
4,46,2,2,3,-1.854459596569739,-2.0529514251836596,-0.9869801746037885
4,47,1,2,1,1.8622464483310326,-1.5657700518764335,-0.5649019525675409
4,48,2,1,2,-4.614041631201266,0.979950541398537,-0.5549339791875865
4,49,2,1,2,-4.614041631201266,1.2789705908571385,-0.5549339791875865
4,50,2,1,3,-4.614041631201266,1.2789705908571385,-0.4728224927739711
4,51,2,1,3,-4.614041631201266,1.2789705908571385,-0.623251280782349
4,52,2,2,3,-1.854459596569739,-2.0529514251836596,-0.8039197587586374
4,53,1,2,1,2.096433747380824,-1.5657700518764335,-0.5649019525675409
4,54,2,2,3,-1.854459596569739,-2.0529514251836596,-0.9031158389998788
4,55,2,2,3,-1.854459596569739,-2.0529514251836596,-1.0022127231608788
4,56,2,2,3,-1.854459596569739,-2.0529514251836596,-0.7944445098540893
4,57,1,2,1,2.6134084611375985,-1.5657700518764335,-0.5649019525675409
4,58,2,1,2,-4.614041631201266,1.4724235252958697,-0.623251280782349
4,59,2,2,3,-1.854459596569739,-2.0529514251836596,-0.8936500653442352
4,60,2,2,3,-1.854459596569739,-2.0529514251836596,-0.6455576211571894
4,61,1,2,1,3.19783754402813,-1.5657700518764335,-0.5649019525675409
4,62,2,1,1,-7.846353596611857,1.4724235252958697,-0.623251280782349
4,63,0,2,1,0.37371202112498847,-1.9014646570958402,-0.6663679920857718
4,64,1,2,1,2.914143585130755,-1.5657700518764335,-0.5649019525675409
4,65,2,2,3,-1.854459596569739,-2.0529514251836596,-0.5352319300371793
4,66,2,1,1,-7.424720746859298,1.4724235252958697,-0.623251280782349
4,67,0,2,1,0.6248410339404344,-1.9014646570958402,-0.6663679920857718
4,68,1,2,1,3.011229441545624,-1.5657700518764335,-0.5649019525675409
4,69,1,2,1,3.2082182121040788,-1.5657700518764335,-0.5649019525675409
4,70,1,2,1,3.5050099938919748,-1.5657700518764335,-0.5649019525675409
4,71,1,2,1,3.5015210334290967,-1.5657700518764335,-0.5649019525675409
4,72,2,2,3,-1.854459596569739,-2.0529514251836596,-0.23505815472398073
4,73,1,2,1,3.797138859090478,-1.5657700518764335,-0.5649019525675409
4,74,2,1,2,-7.424720746859298,1.9709511017705739,-0.623251280782349
4,75,2,1,1,-8.820389409813265,1.9709511017705739,-0.623251280782349
4,76,0,2,1,0.7574810896216778,-1.9014646570958402,-0.6663679920857718
4,77,2,1,1,-8.013782440553939,1.9709511017705739,-0.623251280782349
4,78,1,1,1,-0.042180757317674095,0.2481619017979691,-0.4503733995626816
4,79,2,2,3,-1.854459596569739,-2.0529514251836596,-0.33482309656925674
5,1,0,0,2,0.009317174468442126,0.1589824245216239,-0.6122225467830142
5,2,0,2,1,0.6485854940991536,-1.9014646570958402,-0.6663679920857718
5,3,2,2,3,-1.854459596569739,-2.0529514251836596,-0.4344882734726875
5,4,2,2,3,-1.854459596569739,-2.0529514251836596,-0.5340537851992148
5,5,2,2,3,-1.854459596569739,-2.0529514251836596,-0.6335197314140155
5,6,2,2,3,-1.854459596569739,-2.0529514251836596,-0.7328862116826015
5,7,2,2,3,-1.854459596569739,-2.0529514251836596,-0.8321533254709189
5,8,2,2,3,-1.854459596569739,-2.0529514251836596,-0.931321172145448
5,9,2,2,3,-1.854459596569739,-2.0529514251836596,-0.5622723078809458
5,10,1,2,1,3.4617600147012166,-1.5657700518764335,-0.5649019525675409
5,11,2,2,3,-1.854459596569739,-2.0529514251836596,-0.6617100355730648
5,12,2,2,3,-1.854459596569739,-2.0529514251836596,-0.7610483255374918
5,13,2,2,3,-1.854459596569739,-2.0529514251836596,-0.5898193339084558
5,14,2,1,1,-7.548194232582729,1.9709511017705739,-0.623251280782349
5,15,0,2,1,0.9264411861446586,-1.9014646570958402,-0.6663679920857718
5,16,1,2,1,3.558298254686515,-1.5657700518764335,-0.5649019525675409
5,17,1,2,1,3.7547399564318287,-1.5657700518764335,-0.5649019525675409
5,18,1,2,1,4.0509852164753966,-1.5657700518764335,-0.5649019525675409
5,19,1,2,1,4.446934231258921,-1.5657700518764335,-0.5649019525675409
5,20,1,2,1,4.942487297027662,-1.5657700518764335,-0.5649019525675409
5,21,1,2,1,5.243362726400182,-1.5657700518764335,-0.5649019525675409
5,22,2,1,1,-9.601657131896134,1.9709511017705739,-0.623251280782349
5,23,0,2,1,0.7754049534732557,-1.9014646570958402,-0.6663679920857718
5,24,2,2,3,-1.854459596569739,-2.0529514251836596,-0.6892295145745473
5,25,2,2,3,-1.854459596569739,-2.0529514251836596,-0.5251824040418057
5,26,2,1,1,-8.764726328312669,1.9709511017705739,-0.623251280782349
5,27,0,2,1,1.216957368039548,-1.9014646570958402,-0.6663679920857718
5,28,1,2,1,5.014150612835451,-1.5657700518764335,-0.5649019525675409
5,29,2,1,2,-8.764726328312669,2.3702569022642264,-0.623251280782349
5,30,1,2,1,4.6607424935517665,-1.5657700518764335,-0.5649019525675409
5,31,2,2,3,-1.854459596569739,-2.0529514251836596,-0.6246572216377639
5,32,2,2,3,-1.854459596569739,-2.0529514251836596,-0.7240325644161262
5,33,2,2,3,-1.854459596569739,-2.0529514251836596,-0.29021580111288864
5,34,1,2,1,4.465936879886414,-1.5657700518764335,-0.5649019525675409
5,35,2,2,3,-1.854459596569739,-2.0529514251836596,-0.3899255853117758
5,36,2,2,3,-1.854459596569739,-2.0529514251836596,-0.489535659726464
5,37,2,2,3,-1.854459596569739,-2.0529514251836596,-0.09845434264506264
5,38,1,2,1,4.409596211975911,-1.5657700518764335,-0.5649019525675409
5,39,2,2,3,-1.854459596569739,-2.0529514251836596,-0.19835588830241757
5,40,2,2,3,-1.854459596569739,-2.0529514251836596,-0.29815753241411513
5,41,2,2,3,-1.854459596569739,-2.0529514251836596,-0.13368634584854522
5,42,2,1,2,-8.764726328312669,2.3199962637987976,-0.623251280782349
5,43,2,2,3,-1.854459596569739,-2.0529514251836596,0.21623231372192453
5,44,1,2,1,4.698316220894401,-1.5657700518764335,-0.5649019525675409
5,45,2,1,2,-8.764726328312669,2.617676267534999,-0.623251280782349
5,46,2,1,2,-8.764726328312669,3.2210419466500446,-0.623251280782349
5,47,1,2,1,4.849891597863431,-1.5657700518764335,-0.5649019525675409
5,48,2,2,3,-1.854459596569739,-2.0529514251836596,0.5747483505382117
5,49,1,2,1,5.545041706265568,-1.5657700518764335,-0.5649019525675409
5,50,1,2,1,5.847437622342294,-1.5657700518764335,-0.5649019525675409
5,51,2,2,3,-1.854459596569739,-2.0529514251836596,0.9961698400962777
5,52,1,2,1,15.217456924542967,-1.5657700518764335,-0.5649019525675409
5,53,0,1,2,-0.4815693919599309,1.1183248197531972,-0.3715176259292229
5,54,0,2,1,2.6017898667653467,-1.9014646570958402,-0.6663679920857718
5,55,1,2,1,15.302239467618424,-1.5657700518764335,-0.5649019525675409
5,56,1,2,1,15.486937228150806,-1.5657700518764335,-0.5649019525675409
5,57,1,2,1,14.336864319505256,-1.5657700518764335,-0.5649019525675409
5,58,2,2,3,-1.854459596569739,-2.0529514251836596,2.2159024237176705
5,59,1,2,1,14.722527455185752,-1.5657700518764335,-0.5649019525675409
5,60,1,2,1,15.207804927730566,-1.5657700518764335,-0.5649019525675409
5,61,1,2,1,14.50639877490556,-1.5657700518764335,-0.5649019525675409
5,62,2,2,3,-1.854459596569739,-2.0529514251836596,3.330445660061554
5,63,1,2,1,14.074642050133358,-1.5657700518764335,-0.5649019525675409
5,64,2,1,2,-8.764726328312669,4.892327314948243,-0.623251280782349
5,65,1,2,1,13.796891965466116,-1.5657700518764335,-0.5649019525675409
5,66,2,2,3,-1.854459596569739,-2.0529514251836596,4.263293398636544
5,67,1,2,1,22.574779965729277,-1.5657700518764335,-0.5649019525675409
5,68,0,2,1,4.576514096696011,-1.9014646570958402,-0.6663679920857718
5,69,1,2,1,20.839368015621368,-1.5657700518764335,-0.5649019525675409
5,70,2,2,3,-1.854459596569739,-2.0529514251836596,5.800061492319405
5,71,1,2,1,21.018528647605745,-1.5657700518764335,-0.5649019525675409
5,72,1,2,1,21.29751011895814,-1.5657700518764335,-0.5649019525675409
5,73,1,2,1,21.676212608839183,-1.5657700518764335,-0.5649019525675409
5,74,1,2,1,22.154536396230345,-1.5657700518764335,-0.5649019525675409
5,75,1,2,1,21.113288844346933,-1.5657700518764335,-0.5649019525675409
5,76,2,2,3,-1.854459596569739,-2.0529514251836596,7.210270938677811
5,77,1,2,1,20.186300364092116,-1.5657700518764335,-0.5649019525675409
5,78,2,1,2,-8.764726328312669,5.8169114063825225,-0.623251280782349
5,79,2,2,3,-1.854459596569739,-2.0529514251836596,8.38768758085515
5,80,1,2,1,19.798051398187564,-1.5657700518764335,-0.5649019525675409
5,81,2,2,3,-1.854459596569739,-2.0529514251836596,9.408925911190204
5,82,1,2,1,28.17132115394171,-1.5657700518764335,-0.5649019525675409
5,83,0,2,1,5.05034635223424,-1.9014646570958402,-0.6663679920857718
5,84,2,2,3,-1.854459596569739,-2.0529514251836596,11.156994114311413
5,85,1,2,1,26.03006326777941,-1.5657700518764335,-0.5649019525675409
5,86,2,1,2,-8.764726328312669,8.612196529254431,-0.623251280782349
5,87,1,2,1,26.20403320451163,-1.5657700518764335,-0.5649019525675409
5,88,1,2,1,26.47782917130712,-1.5657700518764335,-0.5649019525675409
5,89,1,2,1,26.851351342135814,-1.5657700518764335,-0.5649019525675409
5,90,1,2,1,27.32449999079368,-1.5657700518764335,-0.5649019525675409
5,91,1,2,1,26.296592409031142,-1.5657700518764335,-0.5649019525675409
5,92,2,2,3,-1.854459596569739,-2.0529514251836596,11.0458371201971
5,93,2,2,3,-1.854459596569739,-2.0529514251836596,10.934791283076903
5,94,2,2,3,-1.854459596569739,-2.0529514251836596,10.823856491793826
5,95,2,2,3,-1.854459596569739,-2.0529514251836596,10.494078299010631
5,96,2,1,2,-8.764726328312669,17.619573864831096,-0.623251280782349
5,97,2,0,2,-1.53565384476972,2.317880725785985,-0.6300840498404277
5,98,1,2,1,26.111270980746305,-1.5657700518764335,-0.5649019525675409
5,99,2,1,2,-8.764726328312669,17.701954290966267,-0.623251280782349
5,100,2,1,2,-8.764726328312669,17.8842523366753,-0.623251280782349
5,101,2,1,2,-8.764726328312669,17.43474085460982,-0.623251280782349
5,102,2,2,3,-1.854459596569739,-2.0529514251836596,10.38358422071162
5,103,2,2,3,-1.854459596569739,-2.0529514251836596,10.273200636490909
5,104,2,2,3,-1.854459596569739,-2.0529514251836596,10.162927435854417
5,105,2,2,3,-1.854459596569739,-2.0529514251836596,10.052764508418562
5,106,2,2,3,-1.854459596569739,-2.0529514251836596,11.53250388467059
5,107,1,2,1,25.441861767254064,-1.5657700518764335,-0.5649019525675409
5,108,2,2,3,-1.854459596569739,-2.0529514251836596,12.005292840809902
5,109,2,1,2,-8.764726328312669,17.27979076038902,-0.623251280782349
5,110,2,2,3,-1.854459596569739,-2.0529514251836596,12.415462842007425
5,111,2,1,2,-8.764726328312669,17.280942505708854,-0.623251280782349
5,112,2,2,3,-1.854459596569739,-2.0529514251836596,12.78472986587186
5,113,2,1,2,-8.764726328312669,17.418536511859283,-0.623251280782349
5,114,2,2,3,-1.854459596569739,-2.0529514251836596,12.671945136005988
5,115,2,2,3,-1.854459596569739,-2.0529514251836596,12.559273190869982
5,116,2,2,3,-1.854459596569739,-2.0529514251836596,12.927780986457053
5,117,2,1,2,-8.764726328312669,17.6565331783326,-0.623251280782349
5,118,2,2,3,-1.854459596569739,-2.0529514251836596,14.0537472027695
5,119,1,2,1,33.297659879399845,-1.5657700518764335,-0.5649019525675409
5,120,0,2,1,6.293308501665744,-1.9014646570958402,-0.6663679920857718
5,121,2,1,2,-8.764726328312669,19.987348188559928,-0.623251280782349
5,122,1,2,1,31.45921486453404,-1.5657700518764335,-0.5649019525675409
5,123,2,2,3,-1.854459596569739,-2.0529514251836596,15.66283475408142
5,124,1,2,1,30.063914018734696,-1.5657700518764335,-0.5649019525675409
5,125,2,2,3,-1.854459596569739,-2.0529514251836596,16.972878766528012
5,126,1,2,1,29.33627008752866,-1.5657700518764335,-0.5649019525675409
5,127,2,1,2,-8.764726328312669,28.118083561556745,-0.623251280782349
5,128,2,0,2,-1.53565384476972,4.869782925801504,-0.6300840498404277
5,129,2,1,2,-8.764726328312669,28.189965477995187,-0.623251280782349
5,130,2,1,2,-8.764726328312669,28.475259668861007,-0.623251280782349
5,131,1,2,1,29.706933817441133,-1.5657700518764335,-0.5649019525675409
5,132,1,2,1,28.91655543358329,-1.5657700518764335,-0.5649019525675409
5,133,2,2,3,-1.854459596569739,-2.0529514251836596,18.038329877799956
5,134,1,2,1,28.410694548127157,-1.5657700518764335,-0.5649019525675409
5,135,2,2,3,-1.854459596569739,-2.0529514251836596,18.9535475972372
5,136,2,1,2,-8.764726328312669,27.80413491410139,-0.623251280782349
5,137,2,2,3,-1.854459596569739,-2.0529514251836596,19.77085159777807
5,138,1,2,1,28.22693940149447,-1.5657700518764335,-0.5649019525675409
5,139,2,2,3,-1.854459596569739,-2.0529514251836596,20.4463757944963
5,140,2,1,2,-8.764726328312669,27.447912626346383,-0.623251280782349
5,141,2,2,3,-1.854459596569739,-2.0529514251836596,21.096205215794622
5,142,1,2,1,28.292769777708692,-1.5657700518764335,-0.5649019525675409
5,143,2,2,3,-1.854459596569739,-2.0529514251836596,20.975109010578826
5,144,2,2,3,-1.854459596569739,-2.0529514251836596,20.854133901568247
5,145,2,2,3,-1.854459596569739,-2.0529514251836596,21.469704719404582
5,146,1,2,1,35.98653034160273,-1.5657700518764335,-0.5649019525675409
5,147,0,2,1,9.226644155317839,-1.9014646570958402,-0.6663679920857718
5,148,1,2,1,36.05054381126113,-1.5657700518764335,-0.5649019525675409
5,149,1,2,1,34.77099019735607,-1.5657700518764335,-0.5649019525675409
5,150,2,2,3,-1.854459596569739,-2.0529514251836596,21.940077597472417
5,151,2,1,2,-8.764726328312669,27.375189045861514,-0.623251280782349
5,152,2,2,3,-1.854459596569739,-2.0529514251836596,21.818137519874945
5,153,2,2,3,-1.854459596569739,-2.0529514251836596,21.69631938235507
5,154,2,2,3,-1.854459596569739,-2.0529514251836596,22.136831159659852
5,155,2,1,2,-8.764726328312669,27.429216426081688,-0.623251280782349
5,156,2,2,3,-1.854459596569739,-2.0529514251836596,22.538640469875954
5,157,2,1,2,-8.764726328312669,27.61762018999124,-0.623251280782349
5,158,2,2,3,-1.854459596569739,-2.0529514251836596,23.62710445242661
5,159,1,2,1,33.932974518410695,-1.5657700518764335,-0.5649019525675409
5,160,2,2,3,-1.854459596569739,-2.0529514251836596,24.523758484506608
5,161,1,2,1,33.36752915653578,-1.5657700518764335,-0.5649019525675409
5,162,2,2,3,-1.854459596569739,-2.0529514251836596,25.27476802255299
5,163,1,2,1,33.03297827511495,-1.5657700518764335,-0.5649019525675409
5,164,2,2,3,-1.854459596569739,-2.0529514251836596,25.917556069534072
5,165,1,2,1,32.89551849848733,-1.5657700518764335,-0.5649019525675409
5,166,2,2,3,-1.854459596569739,-2.0529514251836596,26.48245679393091
5,167,1,2,1,32.92772987123775,-1.5657700518764335,-0.5649019525675409
5,168,2,2,3,-1.854459596569739,-2.0529514251836596,26.468355513346953
5,169,2,1,2,-8.764726328312669,28.276225366813463,-0.623251280782349
5,170,2,2,3,-1.854459596569739,-2.0529514251836596,26.520866273326792
5,171,2,1,2,-8.764726328312669,35.83071133978647,-0.623251280782349
5,172,2,0,2,-1.53565384476972,7.008370394280706,-0.6300840498404277
5,173,2,2,3,-1.854459596569739,-2.0529514251836596,27.316020068632973
5,174,2,1,2,-8.764726328312669,35.60748546306036,-0.623251280782349
5,175,1,2,1,33.13924287090864,-1.5657700518764335,-0.5649019525675409
5,176,2,2,3,-1.854459596569739,-2.0529514251836596,27.76520310598963
5,177,1,2,1,40.638756355194246,-1.5657700518764335,-0.5649019525675409
5,178,0,2,1,11.829120800629031,-1.9014646570958402,-0.6663679920857718
5,179,2,1,2,-8.764726328312669,35.7718779775973,-0.623251280782349
5,180,2,1,2,-8.764726328312669,36.0361060996197,-0.623251280782349
5,181,2,1,2,-8.764726328312669,35.58125059715071,-0.623251280782349
5,182,2,2,3,-1.854459596569739,-2.0529514251836596,27.63743790288364
5,183,2,2,3,-1.854459596569739,-2.0529514251836596,27.509800464980756
5,184,2,2,3,-1.854459596569739,-2.0529514251836596,27.382290664515775
5,185,2,2,3,-1.854459596569739,-2.0529514251836596,27.254908373851258
5,186,2,2,3,-1.854459596569739,-2.0529514251836596,28.452654415630363
5,187,1,2,1,39.49169350682223,-1.5657700518764335,-0.5649019525675409
5,188,2,2,3,-1.854459596569739,-2.0529514251836596,29.029932783185245
5,189,2,1,2,-8.764726328312669,35.397088882970976,-0.623251280782349
5,190,2,2,3,-1.854459596569739,-2.0529514251836596,28.90090285040206
5,191,2,2,3,-1.854459596569739,-2.0529514251836596,28.772001947551658
5,192,2,2,3,-1.854459596569739,-2.0529514251836596,29.704479409971892
5,193,1,2,1,38.683267617727225,-1.5657700518764335,-0.5649019525675409
5,194,2,2,3,-1.854459596569739,-2.0529514251836596,30.13834326838883
5,195,2,1,2,-8.764726328312669,35.44107597824437,-0.623251280782349
5,196,2,2,3,-1.854459596569739,-2.0529514251836596,30.854152435704943
5,197,1,2,1,38.169501947089294,-1.5657700518764335,-0.5649019525675409
5,198,2,2,3,-1.854459596569739,-2.0529514251836596,30.723298283269237
5,199,2,2,3,-1.854459596569739,-2.0529514251836596,30.59257498498597
5,200,2,2,3,-1.854459596569739,-2.0529514251836596,30.941984008333563
5,201,2,1,2,-8.764726328312669,35.66022479724496,-0.623251280782349
5,202,2,2,3,-1.854459596569739,-2.0529514251836596,31.526566300262047
5,203,1,2,1,37.873681816106306,-1.5657700518764335,-0.5649019525675409
5,204,2,2,3,-1.854459596569739,-2.0529514251836596,31.395039733961784
5,205,2,2,3,-1.854459596569739,-2.0529514251836596,31.26364469422782
5,206,2,2,3,-1.854459596569739,-2.0529514251836596,31.56764247973229
5,207,2,1,2,-8.764726328312669,36.01939892301396,-0.623251280782349
5,208,2,2,3,-1.854459596569739,-2.0529514251836596,32.060372731553585
5,209,1,2,1,37.76029053491948,-1.5657700518764335,-0.5649019525675409
5,210,2,2,3,-1.854459596569739,-2.0529514251836596,31.92831235882203
5,211,2,2,3,-1.854459596569739,-2.0529514251836596,31.796384046463206
5,212,2,2,3,-1.854459596569739,-2.0529514251836596,32.25501440477392
5,213,1,2,1,37.777507907500144,-1.5657700518764335,-0.5649019525675409
5,214,2,2,3,-1.854459596569739,-2.0529514251836596,32.66948624713904
5,215,1,2,1,37.934036255216895,-1.5657700518764335,-0.5649019525675409
5,216,2,2,3,-1.854459596569739,-2.0529514251836596,32.5368167608919
5,217,2,2,3,-1.854459596569739,-2.0529514251836596,32.40427994413101
5,218,2,2,3,-1.854459596569739,-2.0529514251836596,32.27187566418688
5,219,2,2,3,-1.854459596569739,-2.0529514251836596,32.13960378852269
5,220,2,2,3,-1.854459596569739,-2.0529514251836596,32.00746418473417
5,221,2,2,3,-1.854459596569739,-2.0529514251836596,31.875456720549433
5,222,2,2,3,-1.854459596569739,-2.0529514251836596,31.743581263828883
5,223,2,2,3,-1.854459596569739,-2.0529514251836596,31.611837682565053
5,224,2,2,3,-1.854459596569739,-2.0529514251836596,31.480225844882487
5,225,2,2,3,-1.854459596569739,-2.0529514251836596,31.348745619037604
5,226,2,2,3,-1.854459596569739,-2.0529514251836596,31.869340646400317
5,227,1,2,1,38.095697353688834,-1.5657700518764335,-0.5649019525675409
5,228,2,2,3,-1.854459596569739,-2.0529514251836596,31.737471305753918
5,229,2,2,3,-1.854459596569739,-2.0529514251836596,31.605733834448163
5,230,2,2,3,-1.854459596569739,-2.0529514251836596,31.474128100613715
5,231,2,2,3,-1.854459596569739,-2.0529514251836596,31.3426539725131
5,232,2,2,3,-1.854459596569739,-2.0529514251836596,31.674309068640174
5,233,2,1,2,-8.764726328312669,43.011287699746354,-0.623251280782349
5,234,2,0,2,-1.53565384476972,10.565650837127524,-0.6300840498404277
5,235,2,1,2,-8.764726328312669,43.06827641204661,-0.623251280782349
5,236,2,1,2,-8.764726328312669,42.097205368637326,-0.623251280782349
5,237,2,2,3,-1.854459596569739,-2.0529514251836596,32.57450149327125
5,238,2,1,2,-8.764726328312669,42.35510816326869,-0.623251280782349
5,239,2,1,2,-8.764726328312669,42.71275305510542,-0.623251280782349
5,240,2,1,2,-8.764726328312669,43.17004030205032,-0.623251280782349
5,241,2,1,2,-8.764726328312669,43.72687026174827,-0.623251280782349
5,242,2,1,2,-8.764726328312669,44.38314339148652,-0.623251280782349
5,243,2,1,2,-8.764726328312669,45.13876024809503,-0.623251280782349
5,244,2,1,2,-8.764726328312669,50.621042233200804,-0.623251280782349
5,245,1,0,1,10.789902986530162,-0.3152670256435486,-0.27856681462964705
5,246,0,0,2,0.009317174468442126,0.25379833922502804,-0.6122225467830142
5,247,0,1,2,-0.4815693919599309,1.217206494933444,-0.3715176259292229
5,248,0,1,1,2.7914631950699156,1.217206494933444,-0.3715176259292229
5,249,2,2,3,-1.854459596569739,-2.0529514251836596,29.24161937222212
5,250,1,1,3,-0.042180757317674095,0.2481619017979691,2.389584258243577
5,251,2,2,3,-1.854459596569739,-2.0529514251836596,26.454026276566022
5,252,1,1,2,-0.042180757317674095,3.0422943129982087,2.389584258243577
5,253,2,2,3,-1.854459596569739,-2.0529514251836596,24.009810785896242
5,254,1,1,3,-0.042180757317674095,3.0422943129982087,4.427597100222947
5,255,2,2,3,-1.854459596569739,-2.0529514251836596,21.94716182022869
5,256,1,1,1,0.5003694313361651,3.0422943129982087,4.427597100222947
5,257,1,1,3,0.5003694313361651,3.0422943129982087,4.323169503122724
5,258,1,1,1,2.823101508405189,3.0422943129982087,4.323169503122724
5,259,2,2,3,-1.854459596569739,-2.0529514251836596,20.080439419014972
5,260,1,1,1,4.828754860047153,3.0422943129982087,4.323169503122724
5,261,2,2,3,-1.854459596569739,-2.0529514251836596,19.960358979595956
5,262,2,2,3,-1.854459596569739,-2.0529514251836596,19.84039862061636
5,263,2,2,3,-1.854459596569739,-2.0529514251836596,19.72055822199574
5,264,2,2,3,-1.854459596569739,-2.0529514251836596,18.126549130940834
5,265,1,1,2,4.828754860047153,3.516111612843056,4.323169503122724
5,266,1,1,2,4.828754860047153,5.359028815521893,4.323169503122724
5,267,2,2,3,-1.854459596569739,-2.0529514251836596,18.008422581809892
5,268,2,2,3,-1.854459596569739,-2.0529514251836596,16.638124176365572
5,269,1,1,2,4.828754860047153,6.970300227429895,4.323169503122724
5,270,2,2,3,-1.854459596569739,-2.0529514251836596,15.564371481244574
5,271,1,1,1,5.435939096557997,6.970300227429895,4.323169503122724
5,272,1,1,2,5.435939096557997,7.563329927202465,4.323169503122724
5,273,1,1,2,5.435939096557997,9.047869711125433,4.323169503122724
5,274,2,2,3,-1.854459596569739,-2.0529514251836596,15.44880710976333
5,275,2,2,3,-1.854459596569739,-2.0529514251836596,14.699665500188415
5,276,1,1,1,6.288084288303615,9.047869711125433,4.323169503122724
5,277,1,1,3,6.288084288303615,9.047869711125433,5.246119437329105
5,278,2,2,3,-1.854459596569739,-2.0529514251836596,14.584965834688226
5,279,2,2,3,-1.854459596569739,-2.0529514251836596,14.470380868853539
5,280,2,2,3,-1.854459596569739,-2.0529514251836596,14.355910487984685
5,281,2,2,3,-1.854459596569739,-2.0529514251836596,14.2415545774967
5,282,2,2,3,-1.854459596569739,-2.0529514251836596,13.613138221148448
5,283,1,1,1,7.60697654336695,9.047869711125433,5.246119437329105
5,284,2,2,3,-1.854459596569739,-2.0529514251836596,13.047563500435022
5,285,1,1,2,7.60697654336695,10.234791526555957,5.246119437329105
5,286,2,2,3,-1.854459596569739,-2.0529514251836596,12.656051511520559
5,287,1,1,1,8.79922798867079,10.234791526555957,5.246119437329105
5,288,2,2,3,-1.854459596569739,-2.0529514251836596,12.54339546000904
5,289,2,2,3,-1.854459596569739,-2.0529514251836596,12.43085206454903
5,290,2,2,3,-1.854459596569739,-2.0529514251836596,12.318421212484482
5,291,2,2,3,-1.854459596569739,-2.0529514251836596,12.206102791271999
5,292,2,2,3,-1.854459596569739,-2.0529514251836596,11.898736873273839
5,293,1,1,3,8.79922798867079,10.234791526555957,5.799482444050304
5,294,2,2,3,-1.854459596569739,-2.0529514251836596,11.786838136400565
5,295,2,2,3,-1.854459596569739,-2.0529514251836596,11.675051298264165
5,296,2,2,3,-1.854459596569739,-2.0529514251836596,11.563376246965902
5,297,2,2,3,-1.854459596569739,-2.0529514251836596,11.320282983398352
5,298,1,1,1,9.840013205160147,10.234791526555957,5.799482444050304
5,299,2,2,3,-1.854459596569739,-2.0529514251836596,11.208962700414954
5,300,2,2,3,-1.854459596569739,-2.0529514251836596,11.09775373771454
5,301,2,2,3,-1.854459596569739,-2.0529514251836596,10.986655983976824
5,302,2,2,3,-1.854459596569739,-2.0529514251836596,10.801234746708182
5,303,1,1,3,9.840013205160147,10.234791526555957,6.188856439569384
5,304,2,2,3,-1.854459596569739,-2.0529514251836596,10.634355633166404
5,305,1,1,2,9.840013205160147,20.157311806775986,6.188856439569384
5,306,2,0,2,-1.53565384476972,14.520568934501652,-0.6300840498404277
5,307,2,1,2,-8.764726328312669,50.6704211909676,-0.623251280782349
5,308,2,1,2,-8.764726328312669,50.81975076977663,-0.623251280782349
5,309,2,1,2,-8.764726328312669,51.068931019006854,-0.623251280782349
5,310,2,1,2,-8.764726328312669,50.133511955121364,-0.623251280782349
5,311,1,2,1,45.35721057758222,-1.5657700518764335,-0.5649019525675409
5,312,0,2,1,15.609426404123143,-1.9014646570958402,-0.6663679920857718
5,313,2,1,2,-8.764726328312669,50.58337844316624,-0.623251280782349
5,314,2,1,2,-8.764726328312669,50.615404446030254,-0.623251280782349
5,315,1,2,1,45.41185336700464,-1.5657700518764335,-0.5649019525675409
5,316,1,2,1,45.566441513637635,-1.5657700518764335,-0.5649019525675409
5,317,1,2,1,46.32072240243087,-1.5657700518764335,-0.5649019525675409
5,318,2,1,2,-8.764726328312669,51.26478904158422,-0.623251280782349
5,319,2,1,2,-8.764726328312669,52.01352425254264,-0.623251280782349
5,320,2,1,2,-8.764726328312669,58.149708151804035,-0.623251280782349
5,321,2,0,2,-1.53565384476972,18.825333148080087,-0.6300840498404277
5,322,2,1,2,-8.764726328312669,57.02048885446429,-0.623251280782349
5,323,1,2,1,43.141451369871255,-1.5657700518764335,-0.5649019525675409
5,324,2,2,3,-1.854459596569739,-2.0529514251836596,15.11594846644173
5,325,2,1,2,-8.764726328312669,55.789443654635114,-0.623251280782349
5,326,1,2,1,44.85046115469301,-1.5657700518764335,-0.5649019525675409
5,327,2,1,2,-8.764726328312669,56.03365421098048,-0.623251280782349
5,328,2,1,2,-8.764726328312669,52.326767688060166,-0.623251280782349
5,329,2,2,3,-1.854459596569739,-2.0529514251836596,18.684703620915514
5,330,2,1,2,-8.764726328312669,49.44387657772479,-0.623251280782349
5,331,2,2,3,-1.854459596569739,-2.0529514251836596,21.15642891313857
5,332,1,2,1,45.86035882041846,-1.5657700518764335,-0.5649019525675409
5,333,2,1,2,-8.764726328312669,49.639664443173736,-0.623251280782349
5,334,1,2,1,46.514498461598045,-1.5657700518764335,-0.5649019525675409
5,335,1,2,1,47.57737539531244,-1.5657700518764335,-0.5649019525675409
5,336,2,1,2,-8.764726328312669,50.29002477873056,-0.623251280782349
5,337,2,1,2,-8.764726328312669,50.77118246499344,-0.623251280782349
5,338,1,2,1,54.26497106978938,-1.5657700518764335,-0.5649019525675409
5,339,0,2,1,19.420715899619978,-1.9014646570958402,-0.6663679920857718
5,340,1,2,1,51.032960425211165,-1.5657700518764335,-0.5649019525675409
5,341,2,2,3,-1.854459596569739,-2.0529514251836596,21.03527248422543
5,342,2,2,3,-1.854459596569739,-2.0529514251836596,20.914237211741206
5,343,2,2,3,-1.854459596569739,-2.0529514251836596,23.77507657266299
5,344,1,2,1,51.1560114467244,-1.5657700518764335,-0.5649019525675409
5,345,2,1,2,-8.764726328312669,57.457772200154025,-0.623251280782349
5,346,2,0,2,-1.53565384476972,19.296532413965714,-0.6300840498404277
5,347,2,2,3,-1.854459596569739,-2.0529514251836596,26.985888363211938
5,348,2,1,2,-8.764726328312669,56.87644011336434,-0.623251280782349
5,349,1,2,1,51.97117787327503,-1.5657700518764335,-0.5649019525675409
5,350,2,1,2,-8.764726328312669,54.06039904998589,-0.623251280782349
5,351,2,2,3,-1.854459596569739,-2.0529514251836596,29.539279032839346
5,352,2,1,2,-8.764726328312669,54.306338650935906,-0.623251280782349
5,353,2,1,2,-8.764726328312669,54.65203231228497,-0.623251280782349
5,354,2,1,2,-8.764726328312669,55.09738027997269,-0.623251280782349
5,355,2,1,2,-8.764726328312669,55.64228289969272,-0.623251280782349
5,356,2,1,2,-8.764726328312669,53.70244323397454,-0.623251280782349
5,357,2,2,3,-1.854459596569739,-2.0529514251836596,29.409739753806505
5,358,2,2,3,-1.854459596569739,-2.0529514251836596,31.513912387880083
5,359,1,2,1,50.29393741234766,-1.5657700518764335,-0.5649019525675409
5,360,2,2,3,-1.854459596569739,-2.0529514251836596,33.241620952914495
5,361,1,2,1,49.05546414545143,-1.5657700518764335,-0.5649019525675409
5,362,2,2,3,-1.854459596569739,-2.0529514251836596,33.10837933196158
5,363,2,2,3,-1.854459596569739,-2.0529514251836596,32.975270952629614
5,364,2,2,3,-1.854459596569739,-2.0529514251836596,34.89428573753013
5,365,2,1,2,-8.764726328312669,52.58673319859257,-0.623251280782349
5,366,2,2,3,-1.854459596569739,-2.0529514251836596,36.16134811417681
5,367,1,2,1,48.32989119420979,-1.5657700518764335,-0.5649019525675409
5,368,2,2,3,-1.854459596569739,-2.0529514251836596,37.2298725309859
5,369,1,2,1,47.88265945535642,-1.5657700518764335,-0.5649019525675409
5,370,2,2,3,-1.854459596569739,-2.0529514251836596,37.09264265845491
5,371,2,2,3,-1.854459596569739,-2.0529514251836596,36.95555001579646
5,372,2,2,3,-1.854459596569739,-2.0529514251836596,37.9003783002971
5,373,1,2,1,47.64653096155019,-1.5657700518764335,-0.5649019525675409
5,374,2,2,3,-1.854459596569739,-2.0529514251836596,37.762477921996805
5,375,2,2,3,-1.854459596569739,-2.0529514251836596,37.62471544407481
5,376,2,2,3,-1.854459596569739,-2.0529514251836596,37.48709072863073
5,377,2,2,3,-1.854459596569739,-2.0529514251836596,37.3496036379021
5,378,2,2,3,-1.854459596569739,-2.0529514251836596,38.72072986077255
5,379,2,1,2,-8.764726328312669,59.138416587715916,-0.623251280782349
5,380,2,0,2,-1.53565384476972,22.08388573776261,-0.6300840498404277
5,381,1,2,1,53.05823272170709,-1.5657700518764335,-0.5649019525675409
5,382,0,1,3,2.7914631950699156,1.217206494933444,-0.15801100702437895
5,383,0,1,2,2.7914631950699156,1.4718407017520212,-0.15801100702437895
5,384,0,1,2,2.7914631950699156,3.4473075056391966,-0.15801100702437895
5,385,0,2,1,23.333347551841857,-1.9014646570958402,-0.6663679920857718
5,386,2,1,2,-8.764726328312669,57.357927185160804,-0.623251280782349
5,387,2,2,3,-1.854459596569739,-2.0529514251836596,40.427091666026215
5,388,2,1,2,-8.764726328312669,56.02441654158132,-0.623251280782349
5,389,2,2,3,-1.854459596569739,-2.0529514251836596,41.830799737040145
5,390,2,1,2,-8.764726328312669,55.06322406139016,-0.623251280782349
5,391,2,2,3,-1.854459596569739,-2.0529514251836596,42.998978945413754
5,392,2,1,2,-8.764726328312669,55.40966669470014,-0.623251280782349
5,393,1,2,1,53.3379664523117,-1.5657700518764335,-0.5649019525675409
5,394,2,1,2,-8.764726328312669,55.849158704008985,-0.623251280782349
5,395,1,2,1,52.46106872267649,-1.5657700518764335,-0.5649019525675409
5,396,2,2,3,-1.854459596569739,-2.0529514251836596,42.85597996646834
5,397,2,2,3,-1.854459596569739,-2.0529514251836596,42.71312398650187
5,398,2,2,3,-1.854459596569739,-2.0529514251836596,43.87087829954857
5,399,2,1,2,-8.764726328312669,55.4074597852634,-0.623251280782349
5,400,2,2,3,-1.854459596569739,-2.0529514251836596,43.72700742124903
5,401,2,2,3,-1.854459596569739,-2.0529514251836596,43.58328041382778
5,402,2,2,3,-1.854459596569739,-2.0529514251836596,44.318598175989976
5,403,1,2,1,51.902503069831845,-1.5657700518764335,-0.5649019525675409
5,404,2,2,3,-1.854459596569739,-2.0529514251836596,44.92508616230433
5,405,1,2,1,51.55983629291679,-1.5657700518764335,-0.5649019525675409
5,406,2,2,3,-1.854459596569739,-2.0529514251836596,44.78016107614203
5,407,2,2,3,-1.854459596569739,-2.0529514251836596,44.63538091506589
5,408,2,2,3,-1.854459596569739,-2.0529514251836596,45.17626661655806
5,409,1,2,1,51.37630305866436,-1.5657700518764335,-0.5649019525675409
5,410,2,2,3,-1.854459596569739,-2.0529514251836596,46.04397847364333
5,411,2,1,2,-8.764726328312669,61.953018494775556,-0.623251280782349
5,412,2,0,2,-1.53565384476972,24.961751166794123,-0.6300840498404277
5,413,1,2,1,52.97202158378071,-1.5657700518764335,-0.5649019525675409
5,414,2,1,2,-8.764726328312669,61.99106547628078,-0.623251280782349
5,415,2,1,2,-8.764726328312669,62.1290744108045,-0.623251280782349
5,416,2,1,2,-8.764726328312669,62.3669453363937,-0.623251280782349
5,417,2,1,2,-8.764726328312669,62.704578391057304,-0.623251280782349
5,418,2,1,2,-8.764726328312669,63.14187381266625,-0.623251280782349
5,419,2,1,2,-8.764726328312669,63.67873193885358,-0.623251280782349
5,420,2,1,2,-8.764726328312669,62.56921261385891,-0.623251280782349
5,421,2,2,3,-1.854459596569739,-2.0529514251836596,47.53393267505103
5,422,2,1,2,-8.764726328312669,63.30664340124505,-0.623251280782349
5,423,2,1,2,-8.764726328312669,69.34719242663316,-0.623251280782349
5,424,2,0,2,-1.53565384476972,27.17143538494476,-0.6300840498404277
5,425,2,2,3,-1.854459596569739,-2.0529514251836596,47.386398742375974
5,426,2,2,3,-1.854459596569739,-2.0529514251836596,47.2390123436336
5,427,2,2,3,-1.854459596569739,-2.0529514251836596,47.091773331289964
5,428,2,2,3,-1.854459596569739,-2.0529514251836596,46.944681557958674
5,429,2,2,3,-1.854459596569739,-2.0529514251836596,49.01558545239949
5,430,2,1,2,-8.764726328312669,67.36501614375739,-0.623251280782349
5,431,2,2,3,-1.854459596569739,-2.0529514251836596,49.25825704395383
5,432,1,2,1,53.25138687275407,-1.5657700518764335,-0.5649019525675409
5,433,2,2,3,-1.854459596569739,-2.0529514251836596,50.90156793779043
5,434,2,1,2,-8.764726328312669,65.8677697552229,-0.623251280782349
5,435,2,2,3,-1.854459596569739,-2.0529514251836596,50.75066636985264
5,436,2,2,3,-1.854459596569739,-2.0529514251836596,50.599915703482786
5,437,2,2,3,-1.854459596569739,-2.0529514251836596,51.96083333890157
5,438,2,1,2,-8.764726328312669,64.72511528025186,-0.623251280782349
5,439,2,2,3,-1.854459596569739,-2.0529514251836596,51.80887250556267
5,440,2,2,3,-1.854459596569739,-2.0529514251836596,51.657063633057106
5,441,2,2,3,-1.854459596569739,-2.0529514251836596,52.79914368249633
5,442,2,1,2,-8.764726328312669,63.87971897679381,-0.623251280782349
5,443,2,2,3,-1.854459596569739,-2.0529514251836596,53.743321492949285
5,444,2,1,2,-8.764726328312669,63.31233590691641,-0.623251280782349
5,445,2,2,3,-1.854459596569739,-2.0529514251836596,53.58957817145634
5,446,2,2,3,-1.854459596569739,-2.0529514251836596,53.43598859328488
5,447,2,2,3,-1.854459596569739,-2.0529514251836596,54.26031098874112
5,448,2,1,2,-8.764726328312669,62.95287310411014,-0.623251280782349
5,449,2,2,3,-1.854459596569739,-2.0529514251836596,54.10605067775238
5,450,2,2,3,-1.854459596569739,-2.0529514251836596,53.951944627074624
5,451,2,2,3,-1.854459596569739,-2.0529514251836596,53.79799268244755
5,452,2,2,3,-1.854459596569739,-2.0529514251836596,53.6441946897651
5,453,2,2,3,-1.854459596569739,-2.0529514251836596,53.451662521191246
5,454,1,2,1,54.0179627750766,-1.5657700518764335,-0.5649019525675409
5,455,2,2,3,-1.854459596569739,-2.0529514251836596,54.23883070637903
5,456,2,1,2,-8.764726328312669,62.72723003363065,-0.623251280782349
5,457,2,2,3,-1.854459596569739,-2.0529514251836596,54.08459187567265
5,458,2,2,3,-1.854459596569739,-2.0529514251836596,53.93050728379698
5,459,2,2,3,-1.854459596569739,-2.0529514251836596,53.77657677651318
5,460,2,2,3,-1.854459596569739,-2.0529514251836596,53.622800199736666
5,461,2,2,3,-1.854459596569739,-2.0529514251836596,53.508298494495584
5,462,1,2,1,60.82616790520128,-1.5657700518764335,-0.5649019525675409
5,463,0,2,1,27.210008569987107,-1.9014646570958402,-0.6663679920857718
5,464,2,1,2,-8.764726328312669,63.27629765288251,-0.623251280782349
5,465,1,2,1,60.140872665636216,-1.5657700518764335,-0.5649019525675409
5,466,2,2,3,-1.854459596569739,-2.0529514251836596,54.01141503894401
5,467,1,2,1,59.67391548792805,-1.5657700518764335,-0.5649019525675409
5,468,2,2,3,-1.854459596569739,-2.0529514251836596,54.41799116835448
5,469,1,2,1,59.39390506480234,-1.5657700518764335,-0.5649019525675409
5,470,2,2,3,-1.854459596569739,-2.0529514251836596,54.75618865293447
5,471,1,2,1,59.27537723496262,-1.5657700518764335,-0.5649019525675409
5,472,2,2,3,-1.854459596569739,-2.0529514251836596,55.04883213390232
5,473,1,2,1,59.297673892722685,-1.5657700518764335,-0.5649019525675409
5,474,2,2,3,-1.854459596569739,-2.0529514251836596,55.314418635891634
5,475,1,2,1,59.444033948403685,-1.5657700518764335,-0.5649019525675409
5,476,2,2,3,-1.854459596569739,-2.0529514251836596,55.567936133194436
5,477,1,2,1,59.700856230749565,-1.5657700518764335,-0.5649019525675409
5,478,2,2,3,-1.854459596569739,-2.0529514251836596,55.8215272867192
5,479,1,2,1,60.05710180905981,-1.5657700518764335,-0.5649019525675409
5,480,2,2,3,-1.854459596569739,-2.0529514251836596,56.0850276371442
5,481,1,2,1,66.64518247658255,-1.5657700518764335,-0.5649019525675409
5,482,0,2,1,30.04142544906567,-1.9014646570958402,-0.6663679920857718
5,483,2,2,3,-1.854459596569739,-2.0529514251836596,56.97439793861145
5,484,1,2,1,65.72112962484682,-1.5657700518764335,-0.5649019525675409
5,485,2,2,3,-1.854459596569739,-2.0529514251836596,57.441311612385675
5,486,2,1,2,-8.764726328312669,69.53863999070379,-0.623251280782349
5,487,2,0,2,-1.53565384476972,30.140981696076466,-0.6300840498404277
5,488,2,2,3,-1.854459596569739,-2.0529514251836596,58.481505810226786
5,489,2,1,2,-8.764726328312669,69.56910135071308,-0.623251280782349
5,490,2,1,2,-8.764726328312669,69.69953224936236,-0.623251280782349
5,491,2,1,2,-8.764726328312669,68.81924809963859,-0.623251280782349
5,492,2,2,3,-1.854459596569739,-2.0529514251836596,59.346460791068324
5,493,2,1,2,-8.764726328312669,68.2126229079905,-0.623251280782349
5,494,2,2,3,-1.854459596569739,-2.0529514251836596,60.06486437985255
5,495,2,1,2,-8.764726328312669,68.39775245005129,-0.623251280782349
5,496,1,2,1,66.12039415491722,-1.5657700518764335,-0.5649019525675409
5,497,2,1,2,-8.764726328312669,68.10439877865156,-0.623251280782349
5,498,2,2,3,-1.854459596569739,-2.0529514251836596,60.700713420953804
5,499,2,1,2,-8.764726328312669,68.53987792212321,-0.623251280782349
5,500,1,2,1,66.5938026537157,-1.5657700518764335,-0.5649019525675409
5,501,2,1,2,-8.764726328312669,69.07867659262874,-0.623251280782349
5,502,1,2,1,66.34379301701856,-1.5657700518764335,-0.5649019525675409
5,503,2,2,3,-1.854459596569739,-2.0529514251836596,60.54001270753285
5,504,2,2,3,-1.854459596569739,-2.0529514251836596,60.37947269482532
5,505,2,2,3,-1.854459596569739,-2.0529514251836596,60.21909322213049
5,506,2,2,3,-1.854459596569739,-2.0529514251836596,60.05887412890836
5,507,2,2,3,-1.854459596569739,-2.0529514251836596,60.52102222470236
5,508,1,2,1,66.20099491556223,-1.5657700518764335,-0.5649019525675409
5,509,2,2,3,-1.854459596569739,-2.0529514251836596,61.20770898490237
5,510,2,1,2,-8.764726328312669,75.05476612127744,-0.623251280782349
5,511,2,0,2,-1.53565384476972,34.557305372475284,-0.6300840498404277
5,512,2,1,2,-8.764726328312669,75.07971135515616,-0.623251280782349
5,513,2,1,2,-8.764726328312669,74.3256387162812,-0.623251280782349
5,514,1,2,1,67.53913365691785,-1.5657700518764335,-0.5649019525675409
5,515,2,1,2,-8.764726328312669,74.55131307756493,-0.623251280782349
5,516,2,1,2,-8.764726328312669,74.87676176448736,-0.623251280782349
5,517,2,1,2,-8.764726328312669,75.30188500272287,-0.623251280782349
5,518,2,1,2,-8.764726328312669,75.82658311772015,-0.623251280782349
5,519,2,1,2,-8.764726328312669,75.00348799545347,-0.623251280782349
5,520,2,2,3,-1.854459596569739,-2.0529514251836596,62.41228339796202
5,521,2,1,2,-8.764726328312669,75.72848450745802,-0.623251280782349
5,522,2,1,2,-8.764726328312669,81.47680928858728,-0.623251280782349
5,523,2,0,2,-1.53565384476972,37.78794906726262,-0.6300840498404277
5,524,1,2,1,68.17159452326094,-1.5657700518764335,-0.5649019525675409
5,525,1,2,1,68.33325112733309,-1.5657700518764335,-0.5649019525675409
5,526,2,2,3,-1.854459596569739,-2.0529514251836596,62.836046919771796
5,527,1,2,1,74.37402713405727,-1.5657700518764335,-0.5649019525675409
5,528,0,2,1,33.25805154921651,-1.9014646570958402,-0.6663679920857718
5,529,2,2,3,-1.854459596569739,-2.0529514251836596,62.673210872852025
5,530,2,2,3,-1.854459596569739,-2.0529514251836596,62.51053766197917
5,531,2,2,3,-1.854459596569739,-2.0529514251836596,62.34802712431719
5,532,2,2,3,-1.854459596569739,-2.0529514251836596,62.185679097192875
5,533,2,2,3,-1.854459596569739,-2.0529514251836596,63.23013987374526
5,534,1,2,1,73.29640826815232,-1.5657700518764335,-0.5649019525675409
5,535,2,2,3,-1.854459596569739,-2.0529514251836596,64.87333000594087
5,536,2,1,2,-8.764726328312669,79.85158803031669,-0.623251280782349
5,537,2,2,3,-1.854459596569739,-2.0529514251836596,64.70845667593493
5,538,2,2,3,-1.854459596569739,-2.0529514251836596,64.54374821925899
5,539,2,2,3,-1.854459596569739,-2.0529514251836596,64.37920447103973
5,540,2,2,3,-1.854459596569739,-2.0529514251836596,64.21482526656868
5,541,2,2,3,-1.854459596569739,-2.0529514251836596,64.05061044130211
5,542,2,2,3,-1.854459596569739,-2.0529514251836596,63.88655983086081
5,543,2,2,3,-1.854459596569739,-2.0529514251836596,63.72267327102995
5,544,2,2,3,-1.854459596569739,-2.0529514251836596,63.558950597758916
5,545,2,2,3,-1.854459596569739,-2.0529514251836596,64.3593999565301
5,546,1,2,1,72.53834803703357,-1.5657700518764335,-0.5649019525675409
5,547,2,2,3,-1.854459596569739,-2.0529514251836596,65.00475641654342
5,548,1,2,1,72.01998411856802,-1.5657700518764335,-0.5649019525675409
5,549,2,2,3,-1.854459596569739,-2.0529514251836596,66.30958798989043
5,550,2,1,2,-8.764726328312669,78.63107843828418,-0.623251280782349
5,551,2,2,3,-1.854459596569739,-2.0529514251836596,67.36310595629152
5,552,2,1,2,-8.764726328312669,77.73691808412862,-0.623251280782349
5,553,2,2,3,-1.854459596569739,-2.0529514251836596,68.2227502509911
5,554,2,1,2,-8.764726328312669,77.11727855056387,-0.623251280782349
5,555,2,2,3,-1.854459596569739,-2.0529514251836596,68.43045365363022
5,556,1,2,1,71.99260061842061,-1.5657700518764335,-0.5649019525675409
5,557,2,2,3,-1.854459596569739,-2.0529514251836596,68.61467574949084
5,558,1,2,1,72.08619345577814,-1.5657700518764335,-0.5649019525675409
5,559,2,2,3,-1.854459596569739,-2.0529514251836596,68.44606107374135
5,560,2,2,3,-1.854459596569739,-2.0529514251836596,68.27761501266761
5,561,2,2,3,-1.854459596569739,-2.0529514251836596,68.98446408790667
5,562,2,1,2,-8.764726328312669,76.73501264021024,-0.623251280782349
5,563,2,2,3,-1.854459596569739,-2.0529514251836596,69.12255083123804
5,564,1,2,1,72.3207066424929,-1.5657700518764335,-0.5649019525675409
5,565,2,2,3,-1.854459596569739,-2.0529514251836596,68.95342828040681
5,566,2,2,3,-1.854459596569739,-2.0529514251836596,68.78447485212641
5,567,2,2,3,-1.854459596569739,-2.0529514251836596,68.61569037727428
5,568,2,2,3,-1.854459596569739,-2.0529514251836596,68.447074686897
5,569,2,2,3,-1.854459596569739,-2.0529514251836596,68.2786276122101
5,570,2,2,3,-1.854459596569739,-2.0529514251836596,68.11034898459789
5,571,2,2,3,-1.854459596569739,-2.0529514251836596,67.9422386356133
5,572,2,2,3,-1.854459596569739,-2.0529514251836596,67.77429639697768
5,573,2,2,3,-1.854459596569739,-2.0529514251836596,68.0566167148867
5,574,1,2,1,72.52624103301739,-1.5657700518764335,-0.5649019525675409
5,575,2,2,3,-1.854459596569739,-2.0529514251836596,67.88856009817181
5,576,2,2,3,-1.854459596569739,-2.0529514251836596,67.72067153807363
5,577,2,2,3,-1.854459596569739,-2.0529514251836596,68.02870224653499
5,578,1,2,1,72.80845845212261,-1.5657700518764335,-0.5649019525675409
5,579,2,2,3,-1.854459596569739,-2.0529514251836596,68.7225982732623
5,580,2,1,2,-8.764726328312669,76.46504860524219,-0.623251280782349
5,581,2,2,3,-1.854459596569739,-2.0529514251836596,69.32037825785505
5,582,2,1,2,-8.764726328312669,76.38126119224562,-0.623251280782349
5,583,2,2,3,-1.854459596569739,-2.0529514251836596,69.49637781882969
5,584,1,2,1,78.72015971028279,-1.5657700518764335,-0.5649019525675409
5,585,0,2,1,37.725542205612854,-1.9014646570958402,-0.6663679920857718
5,586,1,2,1,78.74143955057251,-1.5657700518764335,-0.5649019525675409
5,587,1,2,1,78.62904045354757,-1.5657700518764335,-0.5649019525675409
5,588,2,1,2,-8.764726328312669,77.32741007792227,-0.623251280782349
5,589,1,2,1,78.85041141309402,-1.5657700518764335,-0.5649019525675409
5,590,1,2,1,79.17156100168093,-1.5657700518764335,-0.5649019525675409
5,591,1,2,1,79.59238944067924,-1.5657700518764335,-0.5649019525675409
5,592,1,2,1,80.11279705123856,-1.5657700518764335,-0.5649019525675409
5,593,1,2,1,80.45693094382901,-1.5657700518764335,-0.5649019525675409
5,594,2,1,2,-8.764726328312669,80.56286946579652,-0.623251280782349
5,595,1,0,1,14.251919645536146,-0.3152670256435486,-0.27856681462964705
5,596,2,0,2,-1.53565384476972,41.974390323975435,-0.6300840498404277
5,597,1,2,1,82.65252129250439,-1.5657700518764335,-0.5649019525675409
5,598,0,1,3,2.7914631950699156,3.4473075056391966,3.4926187720337314
5,599,0,2,1,41.928712062165424,-1.9014646570958402,-0.6663679920857718
5,600,2,1,2,-8.764726328312669,80.78918212717481,-0.623251280782349
5,601,1,2,1,82.66986877121188,-1.5657700518764335,-0.5649019525675409
5,602,1,2,1,82.78719890244066,-1.5657700518764335,-0.5649019525675409
5,603,1,2,1,82.8066080427869,-1.5657700518764335,-0.5649019525675409
5,604,2,1,2,-8.764726328312669,81.10811811069323,-0.623251280782349
5,605,1,2,1,83.12380143474412,-1.5657700518764335,-0.5649019525675409
5,606,1,2,1,83.54067763330937,-1.5657700518764335,-0.5649019525675409
5,607,1,2,1,84.05713695567606,-1.5657700518764335,-0.5649019525675409
5,608,1,2,1,84.67307981872038,-1.5657700518764335,-0.5649019525675409
5,609,1,2,1,85.03547552980697,-1.5657700518764335,-0.5649019525675409
5,610,2,1,2,-8.764726328312669,81.32700999258253,-0.623251280782349
5,611,2,1,2,-8.764726328312669,81.64568298258995,-0.623251280782349
5,612,2,1,2,-8.764726328312669,80.8612560883951,-0.623251280782349
5,613,2,2,3,-1.854459596569739,-2.0529514251836596,69.32688144101085
5,614,2,2,3,-1.854459596569739,-2.0529514251836596,69.15755455956985
5,615,2,2,3,-1.854459596569739,-2.0529514251836596,70.56031118106375
5,616,1,2,1,90.58287047098065,-1.5657700518764335,-0.5649019525675409
5,617,0,2,1,46.70354503257597,-1.9014646570958402,-0.6663679920857718
5,618,1,2,1,90.59228760050968,-1.5657700518764335,-0.5649019525675409
5,619,1,2,1,90.70169531290917,-1.5657700518764335,-0.5649019525675409
5,620,1,2,1,89.93679013436936,-1.5657700518764335,-0.5649019525675409
5,621,2,1,2,-8.764726328312669,80.3606012864809,-0.623251280782349
5,622,2,2,3,-1.854459596569739,-2.0529514251836596,70.38975086988269
5,623,2,2,3,-1.854459596569739,-2.0529514251836596,70.2193611190128
5,624,2,2,3,-1.854459596569739,-2.0529514251836596,72.00116723041408
5,625,1,2,1,88.47122667674341,-1.5657700518764335,-0.5649019525675409
5,626,2,2,3,-1.854459596569739,-2.0529514251836596,73.45970194837027
5,627,1,2,1,87.39661450195773,-1.5657700518764335,-0.5649019525675409
5,628,2,2,3,-1.854459596569739,-2.0529514251836596,74.66599658922705
5,629,1,2,1,86.64888671409543,-1.5657700518764335,-0.5649019525675409
5,630,2,2,3,-1.854459596569739,-2.0529514251836596,75.67763671499979
5,631,1,2,1,86.17608407747086,-1.5657700518764335,-0.5649019525675409
5,632,2,2,3,-1.854459596569739,-2.0529514251836596,75.96557257086143
5,633,2,1,2,-8.764726328312669,80.5451328423481,-0.623251280782349
5,634,2,2,3,-1.854459596569739,-2.0529514251836596,76.24298346516774
5,635,2,1,2,-8.764726328312669,80.8386749211649,-0.623251280782349
5,636,2,2,3,-1.854459596569739,-2.0529514251836596,76.5217139358463
5,637,2,1,2,-8.764726328312669,86.81027207112197,-0.623251280782349
5,638,2,0,2,-1.53565384476972,46.30838361524751,-0.6300840498404277
5,639,1,2,1,86.95269260476485,-1.5657700518764335,-0.5649019525675409
5,640,2,1,2,-8.764726328312669,85.80489454365856,-0.623251280782349
5,641,2,2,3,-1.854459596569739,-2.0529514251836596,76.34519222191045
5,642,2,2,3,-1.854459596569739,-2.0529514251836596,76.16884702968854
5,643,2,2,3,-1.854459596569739,-2.0529514251836596,75.99267818265885
5,644,2,2,3,-1.854459596569739,-2.0529514251836596,75.8166855044762
5,645,2,2,3,-1.854459596569739,-2.0529514251836596,75.64086881897173
5,646,2,2,3,-1.854459596569739,-2.0529514251836596,75.46522795015275
5,647,2,2,3,-1.854459596569739,-2.0529514251836596,76.42702172300919
5,648,1,2,1,92.78107430251339,-1.5657700518764335,-0.5649019525675409
5,649,0,2,1,50.527875089140565,-1.9014646570958402,-0.6663679920857718
5,650,2,1,2,-8.764726328312669,86.60973144524154,-0.623251280782349
5,651,1,2,1,92.78829322821088,-1.5657700518764335,-0.5649019525675409
5,652,1,2,1,92.89550493498267,-1.5657700518764335,-0.5649019525675409
5,653,1,2,1,91.4722295920623,-1.5657700518764335,-0.5649019525675409
5,654,2,2,3,-1.854459596569739,-2.0529514251836596,77.74007028032244
5,655,1,2,1,91.29937004593499,-1.5657700518764335,-0.5649019525675409
5,656,2,1,2,-8.764726328312669,85.9450252584693,-0.623251280782349
5,657,2,2,3,-1.854459596569739,-2.0529514251836596,77.56233021004212
5,658,2,2,3,-1.854459596569739,-2.0529514251836596,77.38476787983208
5,659,2,2,3,-1.854459596569739,-2.0529514251836596,78.05484859243734
5,660,2,1,2,-8.764726328312669,85.47795274327366,-0.623251280782349
5,661,2,2,3,-1.854459596569739,-2.0529514251836596,79.18800136774117
5,662,1,2,1,90.50904517674786,-1.5657700518764335,-0.5649019525675409
5,663,2,2,3,-1.854459596569739,-2.0529514251836596,79.00881336637343
5,664,2,2,3,-1.854459596569739,-2.0529514251836596,78.82980455300705
5,665,2,2,3,-1.854459596569739,-2.0529514251836596,79.30914141929044
5,666,2,1,2,-8.764726328312669,85.28176246945605,-0.623251280782349
5,667,2,2,3,-1.854459596569739,-2.0529514251836596,79.72112176183755
5,668,2,1,2,-8.764726328312669,85.24597727693236,-0.623251280782349
5,669,2,2,3,-1.854459596569739,-2.0529514251836596,79.54140064007571
5,670,2,2,3,-1.854459596569739,-2.0529514251836596,79.36185923943563
5,671,2,2,3,-1.854459596569739,-2.0529514251836596,79.1824973801962
5,672,2,2,3,-1.854459596569739,-2.0529514251836596,79.003314882816
5,673,2,2,3,-1.854459596569739,-2.0529514251836596,79.4423351449507
5,674,2,1,2,-8.764726328312669,85.28617072858924,-0.623251280782349
5,675,2,2,3,-1.854459596569739,-2.0529514251836596,80.35849710295368
5,676,1,2,1,90.01363187226549,-1.5657700518764335,-0.5649019525675409
5,677,2,2,3,-1.854459596569739,-2.0529514251836596,80.66597829478864
5,678,2,1,2,-8.764726328312669,85.5434855069144,-0.623251280782349
5,679,2,2,3,-1.854459596569739,-2.0529514251836596,81.41073002066406
5,680,1,2,1,89.77193095708469,-1.5657700518764335,-0.5649019525675409
5,681,2,2,3,-1.854459596569739,-2.0529514251836596,82.05707818334903
5,682,1,2,1,89.71838860152778,-1.5657700518764335,-0.5649019525675409
5,683,2,2,3,-1.854459596569739,-2.0529514251836596,82.22017543019865
5,684,2,1,2,-8.764726328312669,91.47366693413245,-0.623251280782349
5,685,2,0,2,-1.53565384476972,50.73343828020187,-0.6300840498404277
5,686,2,1,2,-8.764726328312669,91.48219326719833,-0.623251280782349
5,687,2,1,2,-8.764726328312669,91.59071107393113,-0.623251280782349
5,688,2,1,2,-8.764726328312669,91.7991203628572,-0.623251280782349
5,689,2,1,2,-8.764726328312669,91.90132879812272,-0.623251280782349
5,690,1,2,1,90.99231899980634,-1.5657700518764335,-0.5649019525675409
5,691,0,1,3,2.7914631950699156,3.4473075056391966,3.3891261532616976
5,692,0,1,3,2.7914631950699156,3.4473075056391966,3.2914969809938084
5,693,0,1,2,2.7914631950699156,8.604836388900193,3.2914969809938084
5,694,0,2,1,54.57331913124066,-1.9014646570958402,-0.6663679920857718
5,695,2,1,2,-8.764726328312669,91.45099328590011,-0.623251280782349
5,696,2,2,3,-1.854459596569739,-2.0529514251836596,82.9518062224829
5,697,2,1,2,-8.764726328312669,91.2181227733359,-0.623251280782349
5,698,2,2,3,-1.854459596569739,-2.0529514251836596,82.76885441626041
5,699,2,2,3,-1.854459596569739,-2.0529514251836596,83.42256312919463
5,700,2,1,2,-8.764726328312669,91.15514424579258,-0.623251280782349
5,701,2,2,3,-1.854459596569739,-2.0529514251836596,83.98854639725599
5,702,1,2,1,90.30795319315405,-1.5657700518764335,-0.5649019525675409
5,703,2,2,3,-1.854459596569739,-2.0529514251836596,84.43017912365264
5,704,1,2,1,89.83574560708026,-1.5657700518764335,-0.5649019525675409
5,705,2,2,3,-1.854459596569739,-2.0529514251836596,84.91152049162083
5,706,2,1,2,-8.764726328312669,96.96224021095331,-0.623251280782349
5,707,2,0,2,-1.53565384476972,54.06633498085214,-0.6300840498404277
5,708,2,2,3,-1.854459596569739,-2.0529514251836596,85.91963022334313
5,709,2,1,2,-8.764726328312669,96.96527797074236,-0.623251280782349
5,710,2,1,2,-8.764726328312669,95.9747935657791,-0.623251280782349
5,711,2,2,3,-1.854459596569739,-2.0529514251836596,86.12140601610977
5,712,1,2,1,89.6781902419671,-1.5657700518764335,-0.5649019525675409
5,713,2,2,3,-1.854459596569739,-2.0529514251836596,85.93528461009366
5,714,2,2,3,-1.854459596569739,-2.0529514251836596,85.74934932548356
5,715,2,2,3,-1.854459596569739,-2.0529514251836596,85.56359997615809
5,716,2,2,3,-1.854459596569739,-2.0529514251836596,85.37803637618192
5,717,2,2,3,-1.854459596569739,-2.0529514251836596,85.19265833980575
5,718,2,2,3,-1.854459596569739,-2.0529514251836596,85.00746568146594
5,719,2,2,3,-1.854459596569739,-2.0529514251836596,84.82245821578448
5,720,2,2,3,-1.854459596569739,-2.0529514251836596,84.63763575756869
5,721,2,2,3,-1.854459596569739,-2.0529514251836596,85.57537674482396
5,722,2,1,2,-8.764726328312669,95.14927650693876,-0.623251280782349
5,723,2,2,3,-1.854459596569739,-2.0529514251836596,85.7959799042963
5,724,1,2,1,89.60417322829572,-1.5657700518764335,-0.5649019525675409
5,725,2,2,3,-1.854459596569739,-2.0529514251836596,86.53616028805361
5,726,2,1,2,-8.764726328312669,94.60142872476219,-0.623251280782349
5,727,2,2,3,-1.854459596569739,-2.0529514251836596,86.34962412776555
5,728,2,2,3,-1.854459596569739,-2.0529514251836596,86.16327450363778
5,729,2,2,3,-1.854459596569739,-2.0529514251836596,86.81248849702546
5,730,2,1,2,-8.764726328312669,94.23572221349148,-0.623251280782349
5,731,2,2,3,-1.854459596569739,-2.0529514251836596,86.62567600852843
5,732,2,2,3,-1.854459596569739,-2.0529514251836596,86.4390503325199
5,733,2,2,3,-1.854459596569739,-2.0529514251836596,86.56595844886918
5,734,1,2,1,89.7137857919042,-1.5657700518764335,-0.5649019525675409
5,735,2,2,3,-1.854459596569739,-2.0529514251836596,86.69102739738078
5,736,1,2,1,89.92481892505448,-1.5657700518764335,-0.5649019525675409
5,737,2,2,3,-1.854459596569739,-2.0529514251836596,87.25126115677836
5,738,2,1,2,-8.764726328312669,94.05002484666339,-0.623251280782349
5,739,2,2,3,-1.854459596569739,-2.0529514251836596,87.7370875009202
5,740,2,1,2,-8.764726328312669,94.03099402458815,-0.623251280782349
5,741,2,2,3,-1.854459596569739,-2.0529514251836596,88.1724471592624
5,742,2,1,2,-8.764726328312669,94.15696689089631,-0.623251280782349
5,743,2,2,3,-1.854459596569739,-2.0529514251836596,88.15775951691656
5,744,1,2,1,90.35995522472378,-1.5657700518764335,-0.5649019525675409
5,745,2,2,3,-1.854459596569739,-2.0529514251836596,87.96960175739964
5,746,2,2,3,-1.854459596569739,-2.0529514251836596,87.78163215564224
5,747,2,2,3,-1.854459596569739,-2.0529514251836596,87.84910450732568
5,748,1,2,1,90.82102104847664,-1.5657700518764335,-0.5649019525675409
5,749,2,2,3,-1.854459596569739,-2.0529514251836596,87.9554751403923
5,750,1,2,1,97.0416775376218,-1.5657700518764335,-0.5649019525675409
5,751,0,2,1,58.72311329434115,-1.9014646570958402,-0.6663679920857718
5,752,1,2,1,97.04463586008417,-1.5657700518764335,-0.5649019525675409
5,753,1,2,1,96.2477643129746,-1.5657700518764335,-0.5649019525675409
5,754,2,2,3,-1.854459596569739,-2.0529514251836596,88.58845629333754
5,755,1,2,1,95.69324505471755,-1.5657700518764335,-0.5649019525675409
5,756,2,2,3,-1.854459596569739,-2.0529514251836596,89.10324192442083
5,757,1,2,1,95.34514149976346,-1.5657700518764335,-0.5649019525675409
5,758,2,2,3,-1.854459596569739,-2.0529514251836596,89.53208674045533
5,759,1,2,1,95.7497963582637,-1.5657700518764335,-0.5649019525675409
5,760,1,2,1,96.25404656190543,-1.5657700518764335,-0.5649019525675409
5,761,1,2,1,96.85779251534352,-1.5657700518764335,-0.5649019525675409
5,762,1,2,1,97.56093472282818,-1.5657700518764335,-0.5649019525675409
5,763,1,2,1,98.55672005304648,-1.5657700518764335,-0.5649019525675409
5,764,0,1,2,2.7914631950699156,17.66947878559345,3.2914969809938084
5,765,0,0,2,0.009317174468442126,6.0420067214422986,-0.6122225467830142
5,766,0,2,1,62.607917250158636,-1.9014646570958402,-0.6663679920857718
5,767,1,2,1,98.12258776994057,-1.5657700518764335,-0.5649019525675409
5,768,2,1,2,-8.764726328312669,94.5554063910308,-0.623251280782349
5,769,1,2,1,98.22446518217063,-1.5657700518764335,-0.5649019525675409
5,770,1,2,1,98.42624071698846,-1.5657700518764335,-0.5649019525675409
5,771,1,2,1,98.72781447627148,-1.5657700518764335,-0.5649019525675409
5,772,1,2,1,99.1290866617952,-1.5657700518764335,-0.5649019525675409
5,773,1,2,1,98.67985458292075,-1.5657700518764335,-0.5649019525675409
5,774,2,2,3,-1.854459596569739,-2.0529514251836596,89.83986329912184
5,775,2,1,2,-8.764726328312669,94.19401221854078,-0.623251280782349
5,776,2,2,3,-1.854459596569739,-2.0529514251836596,90.52518257291882
5,777,1,2,1,98.47386219934764,-1.5657700518764335,-0.5649019525675409
5,778,2,2,3,-1.854459596569739,-2.0529514251836596,90.33465739034591
5,779,2,2,3,-1.854459596569739,-2.0529514251836596,90.14432273295556
5,780,2,2,3,-1.854459596569739,-2.0529514251836596,90.77880281739542
5,781,1,2,1,98.41357745833501,-1.5657700518764335,-0.5649019525675409
5,782,2,2,3,-1.854459596569739,-2.0529514251836596,91.34386670403104
5,783,1,2,1,104.67040352026721,-1.5657700518764335,-0.5649019525675409
5,784,0,2,1,65.39016832884184,-1.9014646570958402,-0.6663679920857718
5,785,2,2,3,-1.854459596569739,-2.0529514251836596,92.47184998213439
5,786,1,2,1,103.4580763164718,-1.5657700518764335,-0.5649019525675409
5,787,2,2,3,-1.854459596569739,-2.0529514251836596,92.27937813215226
5,788,2,2,3,-1.854459596569739,-2.0529514251836596,92.27664752857257
5,789,2,1,2,-8.764726328312669,94.20999910201539,-0.623251280782349
5,790,2,2,3,-1.854459596569739,-2.0529514251836596,92.084370881044
5,791,2,2,3,-1.854459596569739,-2.0529514251836596,91.89228651016295
5,792,2,2,3,-1.854459596569739,-2.0529514251836596,92.84540741447736
5,793,1,2,1,102.50396401885789,-1.5657700518764335,-0.5649019525675409
5,794,2,2,3,-1.854459596569739,-2.0529514251836596,92.78765658412915
5,795,2,1,2,-8.764726328312669,94.37497719364264,-0.623251280782349
5,796,2,2,3,-1.854459596569739,-2.0529514251836596,92.75201366788686
5,797,2,1,2,-8.764726328312669,94.61992882739918,-0.623251280782349
5,798,2,2,3,-1.854459596569739,-2.0529514251836596,93.5247047389651
5,799,1,2,1,101.81251338612964,-1.5657700518764335,-0.5649019525675409
5,800,2,2,3,-1.854459596569739,-2.0529514251836596,93.33118003422614
5,801,2,2,3,-1.854459596569739,-2.0529514251836596,93.13784885419192
5,802,2,2,3,-1.854459596569739,-2.0529514251836596,93.80350279399956
5,803,1,2,1,101.31780882412264,-1.5657700518764335,-0.5649019525675409
5,804,2,2,3,-1.854459596569739,-2.0529514251836596,94.35361558818774
5,805,1,2,1,101.02703588494096,-1.5657700518764335,-0.5649019525675409
5,806,2,2,3,-1.854459596569739,-2.0529514251836596,94.18562698328148
5,807,2,1,2,-8.764726328312669,95.08231301600412,-0.623251280782349
5,808,2,2,3,-1.854459596569739,-2.0529514251836596,94.08021327353774
5,809,2,1,2,-8.764726328312669,95.58802282848394,-0.623251280782349
5,810,2,2,3,-1.854459596569739,-2.0529514251836596,94.57386849879312
5,811,1,2,1,100.88714527782739,-1.5657700518764335,-0.5649019525675409
5,812,2,2,3,-1.854459596569739,-2.0529514251836596,94.47969590893372
5,813,2,1,2,-8.764726328312669,96.18271044061999,-0.623251280782349
5,814,2,2,3,-1.854459596569739,-2.0529514251836596,94.28521621302478
5,815,2,2,3,-1.854459596569739,-2.0529514251836596,94.09093099681175
5,816,2,2,3,-1.854459596569739,-2.0529514251836596,94.10392623075195
5,817,2,1,2,-8.764726328312669,101.81700655966235,-0.623251280782349
5,818,2,0,2,-1.53565384476972,58.64752886527184,-0.6300840498404277
5,819,1,2,1,101.57831439945122,-1.5657700518764335,-0.5649019525675409
5,820,2,1,2,-8.764726328312669,101.05159460054055,-0.623251280782349
5,821,2,2,3,-1.854459596569739,-2.0529514251836596,94.59764147313027
5,822,2,1,2,-8.764726328312669,101.15054300594001,-0.623251280782349
5,823,2,1,2,-8.764726328312669,101.34939246293406,-0.623251280782349
5,824,2,1,2,-8.764726328312669,100.97961972248055,-0.623251280782349
5,825,2,2,3,-1.854459596569739,-2.0529514251836596,95.03485967834281
5,826,2,1,2,-8.764726328312669,101.43791087577816,-0.623251280782349
5,827,1,2,1,101.62893406766203,-1.5657700518764335,-0.5649019525675409
5,828,2,2,3,-1.854459596569739,-2.0529514251836596,95.49263818320708
5,829,1,2,1,107.83966732545117,-1.5657700518764335,-0.5649019525675409
5,830,0,2,1,68.30492267609516,-1.9014646570958402,-0.6663679920857718
5,831,2,2,3,-1.854459596569739,-2.0529514251836596,96.51950143010603
5,832,1,2,1,106.71113123448656,-1.5657700518764335,-0.5649019525675409
5,833,2,2,3,-1.854459596569739,-2.0529514251836596,96.32298192867593
5,834,2,2,3,-1.854459596569739,-2.0529514251836596,97.1550857280225
5,835,1,2,1,105.85837159811213,-1.5657700518764335,-0.5649019525675409
5,836,2,2,3,-1.854459596569739,-2.0529514251836596,97.38193033192229
5,837,2,1,2,-8.764726328312669,101.53493089106065,-0.623251280782349
5,838,2,2,3,-1.854459596569739,-2.0529514251836596,97.18454840159038
5,839,2,2,3,-1.854459596569739,-2.0529514251836596,96.98736385318878
5,840,2,2,3,-1.854459596569739,-2.0529514251836596,96.79037648933559
5,841,2,2,3,-1.854459596569739,-2.0529514251836596,96.59358611284625
5,842,2,2,3,-1.854459596569739,-2.0529514251836596,96.88618565977663
5,843,2,1,2,-8.764726328312669,101.67317018227247,-0.623251280782349
5,844,2,2,3,-1.854459596569739,-2.0529514251836596,96.68929947411685
5,845,2,2,3,-1.854459596569739,-2.0529514251836596,96.49261017464273
5,846,2,2,3,-1.854459596569739,-2.0529514251836596,96.29611756446809
5,847,2,2,3,-1.854459596569739,-2.0529514251836596,96.09982144690362
5,848,2,2,3,-1.854459596569739,-2.0529514251836596,95.90372162545671
5,849,2,2,3,-1.854459596569739,-2.0529514251836596,95.70781790383126
5,850,2,2,3,-1.854459596569739,-2.0529514251836596,95.51211008592742
5,851,2,2,3,-1.854459596569739,-2.0529514251836596,95.31659797584149
5,852,2,2,3,-1.854459596569739,-2.0529514251836596,95.75058202630231
5,853,2,1,2,-8.764726328312669,101.78516078464915,-0.623251280782349
5,854,2,2,3,-1.854459596569739,-2.0529514251836596,96.55550261188517
5,855,1,2,1,105.13152919687755,-1.5657700518764335,-0.5649019525675409
5,856,2,2,3,-1.854459596569739,-2.0529514251836596,97.20797374118753
5,857,1,2,1,104.64196567756736,-1.5657700518764335,-0.5649019525675409
5,858,2,2,3,-1.854459596569739,-2.0529514251836596,97.01076576744634
5,859,2,2,3,-1.854459596569739,-2.0529514251836596,96.8137550016789
5,860,2,2,3,-1.854459596569739,-2.0529514251836596,96.61694124667721
5,861,2,2,3,-1.854459596569739,-2.0529514251836596,96.42032430543054
5,862,2,2,3,-1.854459596569739,-2.0529514251836596,97.03784647696665
5,863,1,2,1,104.28451591103033,-1.5657700518764335,-0.5649019525675409
5,864,2,2,3,-1.854459596569739,-2.0529514251836596,96.84080863048968
5,865,2,2,3,-1.854459596569739,-2.0529514251836596,96.64396782185918
5,866,2,2,3,-1.854459596569739,-2.0529514251836596,96.95630195735353
5,867,2,1,2,-8.764726328312669,107.31275006384615,-0.623251280782349
5,868,2,0,2,-1.53565384476972,62.38144987252265,-0.6300840498404277
5,869,2,2,3,-1.854459596569739,-2.0529514251836596,97.78463401793894
5,870,2,1,2,-8.764726328312669,107.3054373137823,-0.623251280782349
5,871,2,1,2,-8.764726328312669,107.39813187646853,-0.623251280782349
5,872,2,1,2,-8.764726328312669,107.28248576401367,-0.623251280782349
5,873,1,2,1,105.07703041056465,-1.5657700518764335,-0.5649019525675409
5,874,2,1,2,-8.764726328312669,107.3568631982582,-0.623251280782349
5,875,1,2,1,105.89765682613574,-1.5657700518764335,-0.5649019525675409
5,876,2,1,2,-8.764726328312669,107.60504490421981,-0.623251280782349
5,877,1,2,1,106.76079058903993,-1.5657700518764335,-0.5649019525675409
5,878,2,1,2,-8.764726328312669,107.12521918157378,-0.623251280782349
5,879,2,2,3,-1.854459596569739,-2.0529514251836596,98.51156731512086
5,880,2,1,2,-8.764726328312669,107.68201553173135,-0.623251280782349
5,881,1,2,1,107.73398992990968,-1.5657700518764335,-0.5649019525675409
5,882,0,1,2,2.7914631950699156,23.464718251967525,3.2914969809938084
5,883,0,2,1,72.13494994612705,-1.9014646570958402,-0.6663679920857718
5,884,2,1,2,-8.764726328312669,108.22475402346629,-0.623251280782349
5,885,1,0,1,19.102491218362275,-0.3152670256435486,-0.27856681462964705
5,886,2,0,2,-1.53565384476972,66.85755553359355,-0.6300840498404277
5,887,2,1,2,-8.764726328312669,108.21652926944282,-0.623251280782349
5,888,2,1,2,-8.764726328312669,108.26054134555959,-0.623251280782349
5,889,1,2,1,107.82625593997977,-1.5657700518764335,-0.5649019525675409
5,890,1,2,1,108.0614239391922,-1.5657700518764335,-0.5649019525675409
5,891,2,1,2,-8.764726328312669,108.43256818098365,-0.623251280782349
5,892,1,2,1,107.40792670946993,-1.5657700518764335,-0.5649019525675409
5,893,2,2,3,-1.854459596569739,-2.0529514251836596,99.19379532784629
5,894,1,2,1,106.98731977597973,-1.5657700518764335,-0.5649019525675409
5,895,2,2,3,-1.854459596569739,-2.0529514251836596,98.99460153251844
5,896,2,2,3,-1.854459596569739,-2.0529514251836596,98.79560693098593
5,897,2,2,3,-1.854459596569739,-2.0529514251836596,99.55087048780472
5,898,2,1,2,-8.764726328312669,107.84484754117796,-0.623251280782349
5,899,2,2,3,-1.854459596569739,-2.0529514251836596,100.08752809684624
5,900,1,2,1,106.79725307996954,-1.5657700518764335,-0.5649019525675409
5,901,2,2,3,-1.854459596569739,-2.0529514251836596,100.65541519373824
5,902,2,1,2,-8.764726328312669,107.52524889124024,-0.623251280782349
5,903,2,2,3,-1.854459596569739,-2.0529514251836596,100.4547597785445
5,904,2,2,3,-1.854459596569739,-2.0529514251836596,100.25430501876596
5,905,2,2,3,-1.854459596569739,-2.0529514251836596,100.0540507137472
5,906,2,2,3,-1.854459596569739,-2.0529514251836596,99.85399666303346
5,907,2,2,3,-1.854459596569739,-2.0529514251836596,100.3415250516471
5,908,1,2,1,106.75133875208564,-1.5657700518764335,-0.5649019525675409
5,909,2,2,3,-1.854459596569739,-2.0529514251836596,100.14118352659546
5,910,2,2,3,-1.854459596569739,-2.0529514251836596,99.94104234306886
5,911,2,2,3,-1.854459596569739,-2.0529514251836596,100.49193774899476
5,912,2,1,2,-8.764726328312669,107.3214258392667,-0.623251280782349
5,913,2,2,3,-1.854459596569739,-2.0529514251836596,100.91112651055175
5,914,1,2,1,106.8664064014217,-1.5657700518764335,-0.5649019525675409
5,915,2,2,3,-1.854459596569739,-2.0529514251836596,101.29978809323732
5,916,1,2,1,113.2211258059461,-1.5657700518764335,-0.5649019525675409
5,917,0,2,1,76.130346406303,-1.9014646570958402,-0.6663679920857718
5,918,1,2,1,113.20790468014016,-1.5657700518764335,-0.5649019525675409
5,919,1,2,1,113.29469677546003,-1.5657700518764335,-0.5649019525675409
5,920,1,2,1,113.48140207868457,-1.5657700518764335,-0.5649019525675409
5,921,1,2,1,112.56194089204661,-1.5657700518764335,-0.5649019525675409
5,922,2,2,3,-1.854459596569739,-2.0529514251836596,102.2134414322262
5,923,1,2,1,111.92487750463233,-1.5657700518764335,-0.5649019525675409
5,924,2,2,3,-1.854459596569739,-2.0529514251836596,102.97266016196218
5,925,1,2,1,112.41295262712771,-1.5657700518764335,-0.5649019525675409
5,926,1,2,1,112.0659507204492,-1.5657700518764335,-0.5649019525675409
5,927,2,2,3,-1.854459596569739,-2.0529514251836596,103.20021530385337
5,928,2,1,2,-8.764726328312669,107.50610457042151,-0.623251280782349
5,929,2,2,3,-1.854459596569739,-2.0529514251836596,103.42329812593977
5,930,2,1,2,-8.764726328312669,107.7944006278474,-0.623251280782349
5,931,2,2,3,-1.854459596569739,-2.0529514251836596,103.21987482781383
5,932,2,2,3,-1.854459596569739,-2.0529514251836596,103.01665495298602
5,933,2,2,3,-1.854459596569739,-2.0529514251836596,103.70951857901188
5,934,1,2,1,111.92659798772645,-1.5657700518764335,-0.5649019525675409
5,935,2,2,3,-1.854459596569739,-2.0529514251836596,103.91021238326759
5,936,2,1,2,-8.764726328312669,113.53385856288841,-0.623251280782349
5,937,2,0,2,-1.53565384476972,70.45891100617769,-0.6300840498404277
5,938,2,2,3,-1.854459596569739,-2.0529514251836596,104.65904314266679
5,939,2,1,2,-8.764726328312669,112.64171797772359,-0.623251280782349
5,940,2,2,3,-1.854459596569739,-2.0529514251836596,105.24466890819474
5,941,2,1,2,-8.764726328312669,112.72907625974587,-0.623251280782349
5,942,2,1,2,-8.764726328312669,112.17539085568256,-0.623251280782349
5,943,2,2,3,-1.854459596569739,-2.0529514251836596,105.70093521816018
5,944,1,2,1,118.17084248317781,-1.5657700518764335,-0.5649019525675409
5,945,0,2,1,80.2162251715073,-1.9014646570958402,-0.6663679920857718
5,946,1,2,1,118.15267164069463,-1.5657700518764335,-0.5649019525675409
5,947,1,2,1,117.64276817133775,-1.5657700518764335,-0.5649019525675409
5,948,2,1,2,-8.764726328312669,111.82224435671216,-0.623251280782349
5,949,2,2,3,-1.854459596569739,-2.0529514251836596,106.6774757453066
5,950,1,2,1,116.73956145298934,-1.5657700518764335,-0.5649019525675409
5,951,2,2,3,-1.854459596569739,-2.0529514251836596,106.98013036209043
5,952,2,1,2,-8.764726328312669,111.7310528268879,-0.623251280782349
5,953,2,2,3,-1.854459596569739,-2.0529514251836596,107.24349155574329
5,954,2,1,2,-8.764726328312669,111.7750532082177,-0.623251280782349
5,955,2,2,3,-1.854459596569739,-2.0529514251836596,107.97635898401491
5,956,1,2,1,116.15526484710787,-1.5657700518764335,-0.5649019525675409
5,957,2,2,3,-1.854459596569739,-2.0529514251836596,108.14445335322696
5,958,2,1,2,-8.764726328312669,112.00384876936539,-0.623251280782349
5,959,2,2,3,-1.854459596569739,-2.0529514251836596,107.93630889987374
5,960,2,2,3,-1.854459596569739,-2.0529514251836596,107.72837259097386
5,961,2,2,3,-1.854459596569739,-2.0529514251836596,108.35490655174016
5,962,1,2,1,115.76687411101936,-1.5657700518764335,-0.5649019525675409
5,963,2,2,3,-1.854459596569739,-2.0529514251836596,108.50779692473331
5,964,2,1,2,-8.764726328312669,112.34573578797745,-0.623251280782349
5,965,2,2,3,-1.854459596569739,-2.0529514251836596,109.01793776925089
5,966,1,2,1,115.58296253907326,-1.5657700518764335,-0.5649019525675409
5,967,2,2,3,-1.854459596569739,-2.0529514251836596,109.13837183533558
5,968,2,1,2,-8.764726328312669,117.9865943987913,-0.623251280782349
5,969,2,0,2,-1.53565384476972,75.09369275104025,-0.6300840498404277
5,970,2,1,2,-8.764726328312669,117.9686078043925,-0.623251280782349
5,971,2,1,2,-8.764726328312669,118.05063919658811,-0.623251280782349
5,972,2,1,2,-8.764726328312669,117.98828856829755,-0.623251280782349
5,973,1,2,1,115.52936509686415,-1.5657700518764335,-0.5649019525675409
5,974,2,2,3,-1.854459596569739,-2.0529514251836596,108.92923346350024
5,975,2,2,3,-1.854459596569739,-2.0529514251836596,108.72030423003673
5,976,2,2,3,-1.854459596569739,-2.0529514251836596,109.42911437529452
5,977,2,1,2,-8.764726328312669,117.42294203462195,-0.623251280782349
5,978,2,2,3,-1.854459596569739,-2.0529514251836596,109.82361008235462
5,979,1,2,1,115.64896598533085,-1.5657700518764335,-0.5649019525675409
5,980,2,2,3,-1.854459596569739,-2.0529514251836596,110.36612033554673
5,981,2,1,2,-8.764726328312669,117.10689374437888,-0.623251280782349
5,982,2,2,3,-1.854459596569739,-2.0529514251836596,110.15575421521118
5,983,2,2,3,-1.854459596569739,-2.0529514251836596,109.94559846099597
5,984,2,2,3,-1.854459596569739,-2.0529514251836596,110.30028624744412
5,985,1,2,1,121.92547567877699,-1.5657700518764335,-0.5649019525675409
5,986,0,2,1,83.11433099285354,-1.9014646570958402,-0.6663679920857718
5,987,2,2,3,-1.854459596569739,-2.0529514251836596,111.24087971489863
5,988,1,2,1,120.84577520267426,-1.5657700518764335,-0.5649019525675409
5,989,2,2,3,-1.854459596569739,-2.0529514251836596,111.98052348847351
5,990,1,2,1,120.04726950776572,-1.5657700518764335,-0.5649019525675409
5,991,2,2,3,-1.854459596569739,-2.0529514251836596,111.76854296498503
5,992,2,2,3,-1.854459596569739,-2.0529514251836596,112.08527114918003
5,993,2,1,2,-8.764726328312669,117.09264621370981,-0.623251280782349
5,994,2,2,3,-1.854459596569739,-2.0529514251836596,112.3689160094193
5,995,2,1,2,-8.764726328312669,117.20790427727134,-0.623251280782349
5,996,2,2,3,-1.854459596569739,-2.0529514251836596,112.91670408974618
5,997,1,2,1,119.52129626187401,-1.5657700518764335,-0.5649019525675409
5,998,2,2,3,-1.854459596569739,-2.0529514251836596,113.35764201069709
5,999,1,2,1,119.19157319474563,-1.5657700518764335,-0.5649019525675409
5,1000,2,2,3,-1.854459596569739,-2.0529514251836596,113.7218435559072
5,1001,1,2,1,119.03087838730588,-1.5657700518764335,-0.5649019525675409
5,1002,2,2,3,-1.854459596569739,-2.0529514251836596,114.03371616065976
5,1003,1,2,1,119.0171284484806,-1.5657700518764335,-0.5649019525675409
5,1004,2,2,3,-1.854459596569739,-2.0529514251836596,114.31304026099338
5,1005,1,2,1,119.13240658947089,-1.5657700518764335,-0.5649019525675409
5,1006,2,2,3,-1.854459596569739,-2.0529514251836596,114.09872722073239
5,1007,2,2,3,-1.854459596569739,-2.0529514251836596,113.88462849351166
5,1008,2,2,3,-1.854459596569739,-2.0529514251836596,113.67074386501814
5,1009,2,2,3,-1.854459596569739,-2.0529514251836596,113.45707312115312
5,1010,2,2,3,-1.854459596569739,-2.0529514251836596,113.80547406139542
5,1011,1,2,1,119.28590786260195,-1.5657700518764335,-0.5649019525675409
5,1012,2,2,3,-1.854459596569739,-2.0529514251836596,113.92850917870574
5,1013,2,1,2,-8.764726328312669,117.56603625823607,-0.623251280782349
5,1014,2,2,3,-1.854459596569739,-2.0529514251836596,114.24496313923275
5,1015,1,2,1,125.48563584463426,-1.5657700518764335,-0.5649019525675409
5,1016,0,2,1,87.22597584218698,-1.9014646570958402,-0.6663679920857718
5,1017,1,2,1,125.46015020878963,-1.5657700518764335,-0.5649019525675409
5,1018,1,2,1,125.53469005858084,-1.5657700518764335,-0.5649019525675409
5,1019,1,2,1,125.70915536852226,-1.5657700518764335,-0.5649019525675409
5,1020,1,2,1,124.84849118245408,-1.5657700518764335,-0.5649019525675409
5,1021,2,2,3,-1.854459596569739,-2.0529514251836596,115.08046745237243
5,1022,1,2,1,124.50267965377404,-1.5657700518764335,-0.5649019525675409
5,1023,2,1,2,-8.764726328312669,117.60057926303033,-0.623251280782349
5,1024,1,0,3,19.102491218362275,-0.3152670256435486,1.540436497451183
5,1025,1,0,1,25.22651767887903,-0.3152670256435486,1.540436497451183
5,1026,2,0,2,-1.53565384476972,78.9772897537211,-0.6300840498404277
5,1027,2,2,3,-1.854459596569739,-2.0529514251836596,115.79818599285882
5,1028,1,2,1,125.07817697412027,-1.5657700518764335,-0.5649019525675409
5,1029,1,2,1,124.83437969000127,-1.5657700518764335,-0.5649019525675409
5,1030,2,2,3,-1.854459596569739,-2.0529514251836596,115.58238780686597
5,1031,2,2,3,-1.854459596569739,-2.0529514251836596,115.3668054190591
5,1032,2,2,3,-1.854459596569739,-2.0529514251836596,116.08872846646332
5,1033,1,2,1,130.88631332937766,-1.5657700518764335,-0.5649019525675409
5,1034,0,2,1,91.46112327757668,-1.9014646570958402,-0.6663679920857718
5,1035,1,2,1,130.85542701604828,-1.5657700518764335,-0.5649019525675409
5,1036,1,2,1,129.46266843262333,-1.5657700518764335,-0.5649019525675409
5,1037,2,2,3,-1.854459596569739,-2.0529514251836596,117.1966597946467
5,1038,1,2,1,128.41887090903103,-1.5657700518764335,-0.5649019525675409
5,1039,2,2,3,-1.854459596569739,-2.0529514251836596,118.0904620351761
5,1040,1,2,1,127.66793955961036,-1.5657700518764335,-0.5649019525675409
5,1041,2,2,3,-1.854459596569739,-2.0529514251836596,117.82387317869849
5,1042,2,1,2,-8.764726328312669,117.60508478141844,-0.623251280782349
5,1043,2,2,3,-1.854459596569739,-2.0529514251836596,118.58061187723007
5,1044,1,2,1,127.1406261794951,-1.5657700518764335,-0.5649019525675409
5,1045,2,2,3,-1.854459596569739,-2.0529514251836596,118.36203126535284
5,1046,2,2,3,-1.854459596569739,-2.0529514251836596,118.14366923408748
5,1047,2,2,3,-1.854459596569739,-2.0529514251836596,117.87220570403916
5,1048,2,1,2,-8.764726328312669,117.71392466797647,-0.623251280782349
5,1049,2,2,3,-1.854459596569739,-2.0529514251836596,117.65433349833512
5,1050,2,2,3,-1.854459596569739,-2.0529514251836596,117.43667916483679
5,1051,2,2,3,-1.854459596569739,-2.0529514251836596,118.17993324012312
5,1052,1,2,1,126.72637695231778,-1.5657700518764335,-0.5649019525675409
5,1053,2,2,3,-1.854459596569739,-2.0529514251836596,117.91561845824047
5,1054,2,1,2,-8.764726328312669,117.91617842854463,-0.623251280782349
5,1055,2,2,3,-1.854459596569739,-2.0529514251836596,118.56996793069588
5,1056,1,2,1,126.4921660822249,-1.5657700518764335,-0.5649019525675409
5,1057,2,2,3,-1.854459596569739,-2.0529514251836596,118.35139796276519
5,1058,2,2,3,-1.854459596569739,-2.0529514251836596,118.13304656480243
5,1059,2,2,3,-1.854459596569739,-2.0529514251836596,118.74246635046245
5,1060,1,2,1,126.39845364269819,-1.5657700518764335,-0.5649019525675409
5,1061,2,2,3,-1.854459596569739,-2.0529514251836596,118.44192137984213
5,1062,2,1,2,-8.764726328312669,118.25031080229454,-0.623251280782349
5,1063,2,2,3,-1.854459596569739,-2.0529514251836596,119.01117615248504
5,1064,1,2,1,132.71325948290846,-1.5657700518764335,-0.5649019525675409
5,1065,0,2,1,94.09711738891502,-1.9014646570958402,-0.6663679920857718
5,1066,2,2,3,-1.854459596569739,-2.0529514251836596,120.14867122604447
5,1067,1,2,1,131.436651985996,-1.5657700518764335,-0.5649019525675409
5,1068,2,2,3,-1.854459596569739,-2.0529514251836596,121.04603265005363
5,1069,1,2,1,131.50521533401002,-1.5657700518764335,-0.5649019525675409
5,1070,1,2,1,131.673710118676,-1.5657700518764335,-0.5649019525675409
5,1071,1,2,1,130.88989633916373,-1.5657700518764335,-0.5649019525675409
5,1072,2,2,3,-1.854459596569739,-2.0529514251836596,120.82498661740358
5,1073,2,2,3,-1.854459596569739,-2.0529514251836596,120.60416163078618
5,1074,2,2,3,-1.854459596569739,-2.0529514251836596,120.38355746915539
5,1075,2,2,3,-1.854459596569739,-2.0529514251836596,120.16317391168624
5,1076,2,2,3,-1.854459596569739,-2.0529514251836596,119.94301073777456
5,1077,2,2,3,-1.854459596569739,-2.0529514251836596,119.72306772703678
5,1078,2,2,3,-1.854459596569739,-2.0529514251836596,119.50334465930975
5,1079,2,2,3,-1.854459596569739,-2.0529514251836596,119.15979096280593
5,1080,2,1,2,-8.764726328312669,118.72209902738287,-0.623251280782349
5,1081,2,2,3,-1.854459596569739,-2.0529514251836596,120.10191160410254
5,1082,1,2,1,130.1909959540535,-1.5657700518764335,-0.5649019525675409
5,1083,2,2,3,-1.854459596569739,-2.0529514251836596,120.88062904314359
5,1084,1,2,1,129.73907863391938,-1.5657700518764335,-0.5649019525675409
5,1085,2,2,3,-1.854459596569739,-2.0529514251836596,121.53673492358725
5,1086,1,2,1,129.49730752796256,-1.5657700518764335,-0.5649019525675409
5,1087,2,2,3,-1.854459596569739,-2.0529514251836596,121.31519818866366
5,1088,2,2,3,-1.854459596569739,-2.0529514251836596,121.093882990475
5,1089,2,2,3,-1.854459596569739,-2.0529514251836596,120.6379824951384
5,1090,2,1,2,-8.764726328312669,119.39304939166328,-0.623251280782349
5,1091,2,2,3,-1.854459596569739,-2.0529514251836596,121.29441769089286
5,1092,1,2,1,129.3557241265647,-1.5657700518764335,-0.5649019525675409
5,1093,2,2,3,-1.854459596569739,-2.0529514251836596,121.07312327320196
5,1094,2,2,3,-1.854459596569739,-2.0529514251836596,120.85205014992876
5,1095,2,2,3,-1.854459596569739,-2.0529514251836596,120.63119809977883
5,1096,2,2,3,-1.854459596569739,-2.0529514251836596,120.41056690167905
5,1097,2,2,3,-1.854459596569739,-2.0529514251836596,121.07572690004105
5,1098,1,2,1,135.6357663354108,-1.5657700518764335,-0.5649019525675409
5,1099,0,2,1,98.11534651722918,-1.9014646570958402,-0.6663679920857718
5,1100,1,2,1,135.6001305690754,-1.5657700518764335,-0.5649019525675409
5,1101,1,2,1,134.2266144752719,-1.5657700518764335,-0.5649019525675409
5,1102,2,2,3,-1.854459596569739,-2.0529514251836596,122.15658904308886
5,1103,1,2,1,132.92386491751938,-1.5657700518764335,-0.5649019525675409
5,1104,2,1,2,-8.764726328312669,121.31320707933138,-0.623251280782349
5,1105,1,2,1,132.12498074103323,-1.5657700518764335,-0.5649019525675409
5,1106,2,2,3,-1.854459596569739,-2.0529514251836596,122.92130323214226
5,1107,1,2,1,131.581691686912,-1.5657700518764335,-0.5649019525675409
5,1108,2,2,3,-1.854459596569739,-2.0529514251836596,123.55576038593233
5,1109,1,2,1,131.0335300190746,-1.5657700518764335,-0.5649019525675409
5,1110,2,1,2,-8.764726328312669,122.95420584328662,-0.623251280782349
5,1111,1,2,1,130.8026433956525,-1.5657700518764335,-0.5649019525675409
5,1112,2,1,2,-8.764726328312669,123.05621050916697,-0.623251280782349
5,1113,1,0,2,25.22651767887903,1.7118335457916292,1.540436497451183
5,1114,1,1,2,9.840013205160147,20.23715449496921,6.188856439569384
5,1115,1,1,2,9.840013205160147,30.64545932367959,6.188856439569384
5,1116,2,2,3,-1.854459596569739,-2.0529514251836596,123.3322046255464
5,1117,2,2,3,-1.854459596569739,-2.0529514251836596,113.93288463603604
5,1118,1,1,2,9.840013205160147,39.1602689702792,6.188856439569384
5,1119,2,2,3,-1.854459596569739,-2.0529514251836596,113.7189517514
5,1120,2,2,3,-1.854459596569739,-2.0529514251836596,113.5052327996486
5,1121,2,2,3,-1.854459596569739,-2.0529514251836596,113.29172756684895
5,1122,2,2,3,-1.854459596569739,-2.0529514251836596,113.0784358392821
5,1123,2,2,3,-1.854459596569739,-2.0529514251836596,112.86535740344281
5,1124,2,2,3,-1.854459596569739,-2.0529514251836596,112.65249204603937
5,1125,2,2,3,-1.854459596569739,-2.0529514251836596,112.43983955399332
5,1126,2,2,3,-1.854459596569739,-2.0529514251836596,112.22739971443933
5,1127,2,2,3,-1.854459596569739,-2.0529514251836596,112.0151723147249
5,1128,2,2,3,-1.854459596569739,-2.0529514251836596,111.80315714241017
5,1129,2,2,3,-1.854459596569739,-2.0529514251836596,111.59135398526776
5,1130,2,2,3,-1.854459596569739,-2.0529514251836596,111.37976263128249
5,1131,2,2,3,-1.854459596569739,-2.0529514251836596,104.01865299621188
5,1132,1,1,2,9.840013205160147,45.94208871987625,6.188856439569384
5,1133,2,2,3,-1.854459596569739,-2.0529514251836596,98.06505447985845
5,1134,1,1,2,9.840013205160147,51.556320241394616,6.188856439569384
5,1135,2,2,3,-1.854459596569739,-2.0529514251836596,93.26262473577067
5,1136,1,1,2,9.840013205160147,56.23368806609645,6.188856439569384
5,1137,2,2,3,-1.854459596569739,-2.0529514251836596,93.0693621110349
5,1138,2,2,3,-1.854459596569739,-2.0529514251836596,92.87629274892387
5,1139,2,2,3,-1.854459596569739,-2.0529514251836596,92.68341645617495
5,1140,2,2,3,-1.854459596569739,-2.0529514251836596,92.49073303971878
5,1141,2,2,3,-1.854459596569739,-2.0529514251836596,92.29824230667906
5,1142,2,2,3,-1.854459596569739,-2.0529514251836596,92.10594406437238
5,1143,2,2,3,-1.854459596569739,-2.0529514251836596,88.3624847764787
5,1144,1,1,2,9.840013205160147,60.05820525235819,6.188856439569384
5,1145,2,2,3,-1.854459596569739,-2.0529514251836596,88.17412229170222
5,1146,2,2,3,-1.854459596569739,-2.0529514251836596,87.98594816941052
5,1147,2,2,3,-1.854459596569739,-2.0529514251836596,87.79796222124111
5,1148,2,2,3,-1.854459596569739,-2.0529514251836596,87.61016425901987
5,1149,2,2,3,-1.854459596569739,-2.0529514251836596,87.42255409476084
5,1150,2,2,3,-1.854459596569739,-2.0529514251836596,87.23513154066607
5,1151,2,2,3,-1.854459596569739,-2.0529514251836596,84.35738070658293
5,1152,1,1,2,9.840013205160147,63.20376541707408,6.188856439569384
5,1153,2,2,3,-1.854459596569739,-2.0529514251836596,84.17302332587634
5,1154,2,2,3,-1.854459596569739,-2.0529514251836596,83.98885030255047
5,1155,2,2,3,-1.854459596569739,-2.0529514251836596,83.80486145224792
5,1156,2,2,3,-1.854459596569739,-2.0529514251836596,83.62105659079567
5,1157,2,2,3,-1.854459596569739,-2.0529514251836596,83.43743553420488
5,1158,2,2,3,-1.854459596569739,-2.0529514251836596,83.25399809867068
5,1159,2,2,3,-1.854459596569739,-2.0529514251836596,83.070744100572
5,1160,2,2,3,-1.854459596569739,-2.0529514251836596,82.88767335647142
5,1161,2,2,3,-1.854459596569739,-2.0529514251836596,82.70478568311495
5,1162,2,2,3,-1.854459596569739,-2.0529514251836596,82.52208089743183
5,1163,2,2,3,-1.854459596569739,-2.0529514251836596,80.42704558397898
5,1164,1,1,2,9.840013205160147,74.60214056098506,6.188856439569384
5,1165,2,0,2,-1.53565384476972,84.02902247451858,-0.6300840498404277
5,1166,1,2,1,126.48465656890116,-1.5657700518764335,-0.5649019525675409
5,1167,2,2,3,-1.854459596569739,-2.0529514251836596,84.46690586598861
5,1168,2,1,2,-8.764726328312669,123.0331542986578,-0.623251280782349
5,1169,2,1,2,-8.764726328312669,119.2920625495249,-0.623251280782349
5,1170,2,2,3,-1.854459596569739,-2.0529514251836596,84.28243896012262
5,1171,2,2,3,-1.854459596569739,-2.0529514251836596,84.0981565211625
5,1172,2,2,3,-1.854459596569739,-2.0529514251836596,83.91405836464133
5,1173,2,2,3,-1.854459596569739,-2.0529514251836596,83.7301443062767
5,1174,2,2,3,-1.854459596569739,-2.0529514251836596,87.067044068052
5,1175,2,1,2,-8.764726328312669,120.18483729489363,-0.623251280782349
5,1176,1,2,1,126.05919801895583,-1.5657700518764335,-0.5649019525675409
5,1177,0,1,2,2.7914631950699156,23.84125353371556,3.2914969809938084
5,1178,0,1,2,2.7914631950699156,24.317412280181845,3.2914969809938084
5,1179,0,1,2,2.7914631950699156,24.893094867901663,3.2914969809938084
5,1180,0,1,2,2.7914631950699156,32.81720468631718,3.2914969809938084
5,1181,0,2,1,96.92344922824341,-1.9014646570958402,-0.6663679920857718
5,1182,2,2,3,-1.854459596569739,-2.0529514251836596,90.15863855344126
5,1183,2,1,2,-8.764726328312669,117.89205878219495,-0.623251280782349
5,1184,2,2,3,-1.854459596569739,-2.0529514251836596,93.52263530197376
5,1185,1,2,1,122.81201911195565,-1.5657700518764335,-0.5649019525675409
5,1186,2,2,3,-1.854459596569739,-2.0529514251836596,95.7416855912137
5,1187,2,1,2,-8.764726328312669,124.3217261289528,-0.623251280782349
5,1188,2,0,2,-1.53565384476972,87.78451011915034,-0.6300840498404277
5,1189,1,2,1,123.03866808752642,-1.5657700518764335,-0.5649019525675409
5,1190,2,1,2,-8.764726328312669,124.17038165672264,-0.623251280782349
5,1191,1,2,1,120.51322815230392,-1.5657700518764335,-0.5649019525675409
5,1192,2,2,3,-1.854459596569739,-2.0529514251836596,98.36038481610787
5,1193,2,1,2,-8.764726328312669,123.88415307812846,-0.623251280782349
5,1194,1,2,1,121.12643649180825,-1.5657700518764335,-0.5649019525675409
5,1195,2,1,2,-8.764726328312669,123.78725498300463,-0.623251280782349
5,1196,1,2,1,121.76873108594488,-1.5657700518764335,-0.5649019525675409
5,1197,2,1,2,-8.764726328312669,121.54620758149885,-0.623251280782349
5,1198,2,2,3,-1.854459596569739,-2.0529514251836596,100.45742088506546
5,1199,2,1,2,-8.764726328312669,121.9466912008575,-0.623251280782349
5,1200,1,2,1,122.26458040623528,-1.5657700518764335,-0.5649019525675409
5,1201,2,1,2,-8.764726328312669,120.29730674839323,-0.623251280782349
5,1202,2,2,3,-1.854459596569739,-2.0529514251836596,102.41587225677621
5,1203,1,2,1,120.8772937190326,-1.5657700518764335,-0.5649019525675409
5,1204,2,2,3,-1.854459596569739,-2.0529514251836596,104.04113710928281
5,1205,1,2,1,121.49899771522027,-1.5657700518764335,-0.5649019525675409
5,1206,2,1,2,-8.764726328312669,120.99597684736071,-0.623251280782349
5,1207,1,2,1,128.84451941729435,-1.5657700518764335,-0.5649019525675409
5,1208,0,2,1,97.53117687923807,-1.9014646570958402,-0.6663679920857718
5,1209,2,2,3,-1.854459596569739,-2.0529514251836596,103.83709597217353
5,1210,2,2,3,-1.854459596569739,-2.0529514251836596,103.63325887620135
5,1211,2,2,3,-1.854459596569739,-2.0529514251836596,103.42962561732516
5,1212,2,2,3,-1.854459596569739,-2.0529514251836596,103.22619599170784
5,1213,2,2,3,-1.854459596569739,-2.0529514251836596,104.78217810042577
5,1214,2,1,2,-8.764726328312669,120.06981479456678,-0.623251280782349
5,1215,2,2,3,-1.854459596569739,-2.0529514251836596,106.0908719550453
5,1216,2,1,2,-8.764726328312669,126.65349981690599,-0.623251280782349
5,1217,2,0,2,-1.53565384476972,91.544755589109,-0.6300840498404277
5,1218,2,1,2,-8.764726328312669,126.84375725752753,-0.623251280782349
5,1219,1,2,1,128.81567489787705,-1.5657700518764335,-0.5649019525675409
5,1220,1,2,1,128.88685922297915,-1.5657700518764335,-0.5649019525675409
5,1221,1,2,1,126.80116962423072,-1.5657700518764335,-0.5649019525675409
5,1222,2,2,3,-1.854459596569739,-2.0529514251836596,107.9351005523396
5,1223,1,2,1,127.07858463030288,-1.5657700518764335,-0.5649019525675409
5,1224,2,1,2,-8.764726328312669,126.94016141017477,-0.623251280782349
5,1225,1,2,1,127.45150604567259,-1.5657700518764335,-0.5649019525675409
5,1226,1,2,1,127.92405453962692,-1.5657700518764335,-0.5649019525675409
5,1227,1,2,1,128.4961304850873,-1.5657700518764335,-0.5649019525675409
5,1228,1,2,1,129.1676343546022,-1.5657700518764335,-0.5649019525675409
5,1229,1,2,1,135.80645743018655,-1.5657700518764335,-0.5649019525675409
5,1230,0,2,1,98.46363414599588,-1.9014646570958402,-0.6663679920857718
5,1231,2,2,3,-1.854459596569739,-2.0529514251836596,110.48642978269412
5,1232,1,2,1,134.8928876667752,-1.5657700518764335,-0.5649019525675409
5,1233,2,1,2,-8.764726328312669,127.90054114816803,-0.623251280782349
5,1234,1,2,1,134.26575247376633,-1.5657700518764335,-0.5649019525675409
5,1235,2,1,2,-8.764726328312669,126.44864358183794,-0.623251280782349
5,1236,2,2,3,-1.854459596569739,-2.0529514251836596,111.85620251902667
5,1237,2,1,2,-8.764726328312669,126.8221949382561,-0.623251280782349
5,1238,2,1,2,-8.764726328312669,127.29537274331784,-0.623251280782349
5,1239,2,1,2,-8.764726328312669,126.3395995183697,-0.623251280782349
5,1240,2,2,3,-1.854459596569739,-2.0529514251836596,113.0782026194426
5,1241,2,1,2,-8.764726328312669,125.70038162585755,-0.623251280782349
5,1242,2,2,3,-1.854459596569739,-2.0529514251836596,114.11472013845824
5,1243,2,1,2,-8.764726328312669,125.52776871348081,-0.623251280782349
5,1244,1,0,2,25.22651767887903,8.926262106749988,1.540436497451183
5,1245,1,1,2,9.840013205160147,78.53928379859393,6.188856439569384
5,1246,2,2,3,-1.854459596569739,-2.0529514251836596,113.90060541831978
5,1247,2,2,3,-1.854459596569739,-2.0529514251836596,110.18593397254861
5,1248,1,1,2,9.840013205160147,81.79376288201685,6.188856439569384
5,1249,2,2,3,-1.854459596569739,-2.0529514251836596,109.97574803857606
5,1250,2,2,3,-1.854459596569739,-2.0529514251836596,109.76577229053748
5,1251,2,2,3,-1.854459596569739,-2.0529514251836596,109.55600651824695
5,1252,2,2,3,-1.854459596569739,-2.0529514251836596,109.3464505117287
5,1253,2,2,3,-1.854459596569739,-2.0529514251836596,109.13710406121697
5,1254,2,2,3,-1.854459596569739,-2.0529514251836596,108.92796695715576
5,1255,2,2,3,-1.854459596569739,-2.0529514251836596,106.03275278675986
5,1256,1,1,2,9.840013205160147,84.41162911970439,6.188856439569384
5,1257,2,2,3,-1.854459596569739,-2.0529514251836596,105.8267200339731
5,1258,2,2,3,-1.854459596569739,-2.0529514251836596,105.62089331393913
5,1259,2,2,3,-1.854459596569739,-2.0529514251836596,105.4152724206252
5,1260,2,2,3,-1.854459596569739,-2.0529514251836596,105.20985714820458
5,1261,2,2,3,-1.854459596569739,-2.0529514251836596,102.94562271623485
5,1262,1,1,2,9.840013205160147,86.5620828566412,6.188856439569384
5,1263,2,2,3,-1.854459596569739,-2.0529514251836596,102.74267709351861
5,1264,2,2,3,-1.854459596569739,-2.0529514251836596,102.53993441642508
5,1265,2,2,3,-1.854459596569739,-2.0529514251836596,102.33739448200866
5,1266,2,2,3,-1.854459596569739,-2.0529514251836596,102.13505708752665
5,1267,2,2,3,-1.854459596569739,-2.0529514251836596,101.93292203043912
5,1268,2,2,3,-1.854459596569739,-2.0529514251836596,101.73098910840868
5,1269,2,2,3,-1.854459596569739,-2.0529514251836596,101.52925811930027
5,1270,2,2,3,-1.854459596569739,-2.0529514251836596,101.32772886118096
5,1271,2,2,3,-1.854459596569739,-2.0529514251836596,99.66460217787034
5,1272,1,1,2,9.840013205160147,88.27267018658624,6.188856439569384
5,1273,2,2,3,-1.854459596569739,-2.0529514251836596,98.33713630855534
5,1274,1,1,2,9.840013205160147,89.7807796624746,6.188856439569384
5,1275,2,2,3,-1.854459596569739,-2.0529514251836596,98.13879917224679
5,1276,2,2,3,-1.854459596569739,-2.0529514251836596,97.94066037307455
5,1277,2,2,3,-1.854459596569739,-2.0529514251836596,96.93489152235207
5,1278,1,1,2,9.840013205160147,91.09925595694,6.188856439569384
5,1279,2,2,3,-1.854459596569739,-2.0529514251836596,96.73795663082973
5,1280,2,2,3,-1.854459596569739,-2.0529514251836596,96.5412186741989
5,1281,2,2,3,-1.854459596569739,-2.0529514251836596,95.80592314651608
5,1282,1,1,2,9.840013205160147,92.2741167527511,6.188856439569384
5,1283,2,2,3,-1.854459596569739,-2.0529514251836596,95.26046839038683
5,1284,1,1,2,9.840013205160147,102.00963588079779,6.188856439569384
5,1285,2,0,2,-1.53565384476972,91.8210664008464,-0.6300840498404277
5,1286,2,2,3,-1.854459596569739,-2.0529514251836596,98.06167065398274
5,1287,2,1,2,-8.764726328312669,122.78309723687703,-0.623251280782349
5,1288,2,2,3,-1.854459596569739,-2.0529514251836596,100.31103021503529
5,1289,2,1,2,-8.764726328312669,123.9970970080922,-0.623251280782349
5,1290,1,2,1,133.41488983019082,-1.5657700518764335,-0.5649019525675409
5,1291,2,1,2,-8.764726328312669,124.17309991108411,-0.623251280782349
5,1292,2,1,2,-8.764726328312669,124.44892681117302,-0.623251280782349
5,1293,2,1,2,-8.764726328312669,122.43482612134422,-0.623251280782349
5,1294,2,2,3,-1.854459596569739,-2.0529514251836596,100.11071918482025
5,1295,2,2,3,-1.854459596569739,-2.0529514251836596,102.12069505235131
5,1296,2,1,2,-8.764726328312669,120.90129231939257,-0.623251280782349
5,1297,2,2,3,-1.854459596569739,-2.0529514251836596,105.01669964030506
5,1298,1,2,1,132.4426287867916,-1.5657700518764335,-0.5649019525675409
5,1299,2,1,2,-8.764726328312669,122.62298333734569,-0.623251280782349
5,1300,1,2,1,131.83804125850966,-1.5657700518764335,-0.5649019525675409
5,1301,2,1,2,-8.764726328312669,123.30036035400835,-0.623251280782349
5,1302,2,1,2,-8.764726328312669,129.9606098922913,-0.623251280782349
5,1303,2,0,2,-1.53565384476972,93.03561302515196,-0.6300840498404277
5,1304,2,2,3,-1.854459596569739,-2.0529514251836596,104.81168294066475
5,1305,2,2,3,-1.854459596569739,-2.0529514251836596,107.28248073119073
5,1306,1,2,1,132.12033751199553,-1.5657700518764335,-0.5649019525675409
5,1307,2,1,2,-8.764726328312669,130.14446231674972,-0.623251280782349
5,1308,1,2,1,132.4926055301542,-1.5657700518764335,-0.5649019525675409
5,1309,2,1,2,-8.764726328312669,127.95098167746264,-0.623251280782349
5,1310,2,2,3,-1.854459596569739,-2.0529514251836596,109.12137984414046
5,1311,2,1,2,-8.764726328312669,126.25890011428628,-0.623251280782349
5,1312,2,2,3,-1.854459596569739,-2.0529514251836596,108.91225846429633
5,1313,2,2,3,-1.854459596569739,-2.0529514251836596,108.70334620583203
5,1314,2,2,3,-1.854459596569739,-2.0529514251836596,110.23264269656318
5,1315,2,1,2,-8.764726328312669,126.53264121417199,-0.623251280782349
5,1316,2,1,2,-8.764726328312669,125.29240871971454,-0.623251280782349
5,1317,2,2,3,-1.854459596569739,-2.0529514251836596,112.22614637439213
5,1318,1,2,1,131.1537334682036,-1.5657700518764335,-0.5649019525675409
5,1319,2,2,3,-1.854459596569739,-2.0529514251836596,112.01392022801774
5,1320,2,2,3,-1.854459596569739,-2.0529514251836596,111.80190630778972
5,1321,2,2,3,-1.854459596569739,-2.0529514251836596,111.59010440148194
5,1322,2,2,3,-1.854459596569739,-2.0529514251836596,111.37851429708046
5,1323,2,2,3,-1.854459596569739,-2.0529514251836596,112.54461133062415
5,1324,2,1,2,-8.764726328312669,124.50508436947489,-0.623251280782349
5,1325,2,2,3,-1.854459596569739,-2.0529514251836596,113.51615355013975
5,1326,2,1,2,-8.764726328312669,123.99267513399123,-0.623251280782349
5,1327,2,2,3,-1.854459596569739,-2.0529514251836596,113.3026373965896
5,1328,2,2,3,-1.854459596569739,-2.0529514251836596,113.08933475919301
5,1329,2,2,3,-1.854459596569739,-2.0529514251836596,113.95567612153884
5,1330,2,1,2,-8.764726328312669,123.67501955662445,-0.623251280782349
5,1331,2,2,3,-1.854459596569739,-2.0529514251836596,115.44432812273712
5,1332,1,2,1,137.68625990183682,-1.5657700518764335,-0.5649019525675409
5,1333,0,2,1,100.04625921554727,-1.9014646570958402,-0.6663679920857718
5,1334,2,2,3,-1.854459596569739,-2.0529514251836596,117.43083504074525
5,1335,1,2,1,135.64328658068692,-1.5657700518764335,-0.5649019525675409
5,1336,2,2,3,-1.854459596569739,-2.0529514251836596,119.01643690815872
5,1337,1,2,1,134.52278485872404,-1.5657700518764335,-0.5649019525675409
5,1338,2,1,2,-8.764726328312669,123.70494285117103,-0.623251280782349
5,1339,1,0,3,25.22651767887903,8.926262106749988,10.496918537196109
5,1340,2,0,2,-1.53565384476972,97.04980742365045,-0.6300840498404277
5,1341,1,2,1,133.15313362675934,-1.5657700518764335,-0.5649019525675409
5,1342,2,2,3,-1.854459596569739,-2.0529514251836596,120.19695344639203
5,1343,1,2,1,133.41998049313258,-1.5657700518764335,-0.5649019525675409
5,1344,1,2,1,133.78656051263945,-1.5657700518764335,-0.5649019525675409
5,1345,1,2,1,132.9074028525683,-1.5657700518764335,-0.5649019525675409
5,1346,2,2,3,-1.854459596569739,-2.0529514251836596,121.23509098415708
5,1347,1,2,1,132.31893657474302,-1.5657700518764335,-0.5649019525675409
5,1348,2,2,3,-1.854459596569739,-2.0529514251836596,122.11115660664093
5,1349,1,2,1,132.98661763816827,-1.5657700518764335,-0.5649019525675409
5,1350,1,2,1,139.4925355366906,-1.5657700518764335,-0.5649019525675409
5,1351,0,2,1,103.85139431212491,-1.9014646570958402,-0.6663679920857718
5,1352,1,2,1,139.45304300115393,-1.5657700518764335,-0.5649019525675409
5,1353,1,2,1,137.796743205096,-1.5657700518764335,-0.5649019525675409
5,1354,2,2,3,-1.854459596569739,-2.0529514251836596,123.44191852328134
5,1355,1,2,1,136.53781881839126,-1.5657700518764335,-0.5649019525675409
5,1356,2,2,3,-1.854459596569739,-2.0529514251836596,124.51497073397394
5,1357,1,2,1,136.80128099957287,-1.5657700518764335,-0.5649019525675409
5,1358,1,2,1,137.1644797185733,-1.5657700518764335,-0.5649019525675409
5,1359,1,2,1,136.2948210889819,-1.5657700518764335,-0.5649019525675409
5,1360,2,1,2,-8.764726328312669,123.68123790831986,-0.623251280782349
5,1361,2,1,2,-8.764726328312669,123.8400962201513,-0.623251280782349
5,1362,2,2,3,-1.854459596569739,-2.0529514251836596,124.22364318637152
5,1363,2,1,2,-8.764726328312669,124.05422727358695,-0.623251280782349
5,1364,2,2,3,-1.854459596569739,-2.0529514251836596,125.19446615554358
5,1365,1,2,1,136.85852626789293,-1.5657700518764335,-0.5649019525675409
5,1366,1,2,1,136.36692579050245,-1.5657700518764335,-0.5649019525675409
5,1367,2,2,3,-1.854459596569739,-2.0529514251836596,126.07534519324896
5,1368,1,2,1,142.91152124835259,-1.5657700518764335,-0.5649019525675409
5,1369,0,2,1,105.94771405504406,-1.9014646570958402,-0.6663679920857718
5,1370,2,2,3,-1.854459596569739,-2.0529514251836596,127.51605127751097
5,1371,1,2,1,141.34445819999092,-1.5657700518764335,-0.5649019525675409
5,1372,2,2,3,-1.854459596569739,-2.0529514251836596,128.65754751155896
5,1373,1,2,1,139.69138088007693,-1.5657700518764335,-0.5649019525675409
5,1374,2,1,2,-8.764726328312669,125.87825125335587,-0.623251280782349
5,1375,1,2,1,138.48418966615148,-1.5657700518764335,-0.5649019525675409
5,1376,2,1,2,-8.764726328312669,127.50036090496928,-0.623251280782349
5,1377,1,2,1,137.77286790318067,-1.5657700518764335,-0.5649019525675409
5,1378,2,2,3,-1.854459596569739,-2.0529514251836596,129.33130668281794
5,1379,1,2,1,137.29938047446157,-1.5657700518764335,-0.5649019525675409
5,1380,2,2,3,-1.854459596569739,-2.0529514251836596,129.89081468150783
5,1381,1,2,1,137.0286330804847,-1.5657700518764335,-0.5649019525675409
5,1382,2,2,3,-1.854459596569739,-2.0529514251836596,129.66092386682632
5,1383,2,2,3,-1.854459596569739,-2.0529514251836596,129.4312629429595
5,1384,2,2,3,-1.854459596569739,-2.0529514251836596,129.20183168001654
5,1385,2,2,3,-1.854459596569739,-2.0529514251836596,128.9726298483365
5,1386,2,2,3,-1.854459596569739,-2.0529514251836596,128.74365721848818
5,1387,2,2,3,-1.854459596569739,-2.0529514251836596,128.51491356126968
5,1388,2,2,3,-1.854459596569739,-2.0529514251836596,128.2863986477084
5,1389,2,2,3,-1.854459596569739,-2.0529514251836596,128.92359345790555
5,1390,1,2,1,136.78920552476887,-1.5657700518764335,-0.5649019525675409
5,1391,2,2,3,-1.854459596569739,-2.0529514251836596,129.4733654590671
5,1392,1,2,1,136.72814815273964,-1.5657700518764335,-0.5649019525675409
5,1393,2,2,3,-1.854459596569739,-2.0529514251836596,129.24389209360805
5,1394,2,2,3,-1.854459596569739,-2.0529514251836596,129.01464820151443
5,1395,2,2,3,-1.854459596569739,-2.0529514251836596,129.5492700484842
5,1396,1,2,1,143.44415702891504,-1.5657700518764335,-0.5649019525675409
5,1397,0,2,1,109.55391419540224,-1.9014646570958402,-0.6663679920857718
5,1398,1,2,1,143.40071287188613,-1.5657700518764335,-0.5649019525675409
5,1399,1,2,1,142.08601931949744,-1.5657700518764335,-0.5649019525675409
5,1400,2,2,3,-1.854459596569739,-2.0529514251836596,130.56085895626603
5,1401,1,2,1,140.79995311713967,-1.5657700518764335,-0.5649019525675409
5,1402,2,1,2,-8.764726328312669,129.28952017306918,-0.623251280782349
5,1403,1,2,1,141.05915316402252,-1.5657700518764335,-0.5649019525675409
5,1404,1,2,1,141.4180940108585,-1.5657700518764335,-0.5649019525675409
5,1405,1,2,1,141.87667591684766,-1.5657700518764335,-0.5649019525675409
5,1406,1,2,1,142.4347992409308,-1.5657700518764335,-0.5649019525675409
5,1407,1,2,1,141.79098181397157,-1.5657700518764335,-0.5649019525675409
5,1408,2,1,2,-8.764726328312669,131.09787535534545,-0.623251280782349
5,1409,1,2,1,140.76078689651982,-1.5657700518764335,-0.5649019525675409
5,1410,0,1,2,2.7914631950699156,41.18132172303029,3.2914969809938084
5,1411,0,2,1,112.53384067861748,-1.9014646570958402,-0.6663679920857718
5,1412,1,2,1,140.7200261096233,-1.5657700518764335,-0.5649019525675409
5,1413,1,2,1,140.77930608351366,-1.5657700518764335,-0.5649019525675409
5,1414,1,2,1,139.92690051183263,-1.5657700518764335,-0.5649019525675409
5,1415,2,2,3,-1.854459596569739,-2.0529514251836596,130.33029809730976
5,1416,2,2,3,-1.854459596569739,-2.0529514251836596,130.09996779921246
5,1417,2,2,3,-1.854459596569739,-2.0529514251836596,129.96866067947042
5,1418,2,1,2,-8.764726328312669,137.4960187547523,-0.623251280782349
5,1419,2,0,2,-1.53565384476972,100.21172408855298,-0.6300840498404277
5,1420,2,2,3,-1.854459596569739,-2.0529514251836596,130.48390046824386
5,1421,2,1,2,-8.764726328312669,137.45852273599755,-0.623251280782349
5,1422,2,1,2,-8.764726328312669,136.83057660875394,-0.623251280782349
5,1423,2,2,3,-1.854459596569739,-2.0529514251836596,130.25341656777562
5,1424,2,2,3,-1.854459596569739,-2.0529514251836596,130.02316315120783
5,1425,2,2,3,-1.854459596569739,-2.0529514251836596,130.4670739203537
5,1426,2,1,2,-8.764726328312669,136.36375926599356,-0.623251280782349
5,1427,2,2,3,-1.854459596569739,-2.0529514251836596,130.8203786956517
5,1428,2,1,2,-8.764726328312669,136.07860083026372,-0.623251280782349
5,1429,2,2,3,-1.854459596569739,-2.0529514251836596,131.49110397675796
5,1430,1,2,1,139.3518297543484,-1.5657700518764335,-0.5649019525675409
5,1431,2,2,3,-1.854459596569739,-2.0529514251836596,132.03782472476266
5,1432,1,2,1,138.98839142666506,-1.5657700518764335,-0.5649019525675409
5,1433,2,2,3,-1.854459596569739,-2.0529514251836596,132.2058237344825
5,1434,2,1,2,-8.764726328312669,136.05911729695111,-0.623251280782349
5,1435,2,2,3,-1.854459596569739,-2.0529514251836596,131.973617910748
5,1436,2,2,3,-1.854459596569739,-2.0529514251836596,131.74164429283726
5,1437,2,2,3,-1.854459596569739,-2.0529514251836596,132.22733061479337
5,1438,1,2,1,138.7800580148631,-1.5657700518764335,-0.5649019525675409
5,1439,2,2,3,-1.854459596569739,-2.0529514251836596,132.64382329678548
5,1440,1,2,1,138.73379071975856,-1.5657700518764335,-0.5649019525675409
5,1441,2,2,3,-1.854459596569739,-2.0529514251836596,132.7492935795051
5,1442,2,1,2,-8.764726328312669,136.195385631627,-0.623251280782349
5,1443,2,2,3,-1.854459596569739,-2.0529514251836596,132.5165442859256
5,1444,2,2,3,-1.854459596569739,-2.0529514251836596,132.28402774163968
5,1445,2,2,3,-1.854459596569739,-2.0529514251836596,132.05174371389805
5,1446,2,2,3,-1.854459596569739,-2.0529514251836596,131.81969197018415
5,1447,2,2,3,-1.854459596569739,-2.0529514251836596,132.02106595069682
5,1448,2,1,2,-8.764726328312669,136.3459325975833,-0.623251280782349
5,1449,2,2,3,-1.854459596569739,-2.0529514251836596,132.2172066827879
5,1450,2,1,2,-8.764726328312669,136.60084279942097,-0.623251280782349
5,1451,2,2,3,-1.854459596569739,-2.0529514251836596,131.9849894761051
5,1452,2,2,3,-1.854459596569739,-2.0529514251836596,131.753004486629
5,1453,2,2,3,-1.854459596569739,-2.0529514251836596,131.5212514821424
5,1454,2,2,3,-1.854459596569739,-2.0529514251836596,131.28973023066024
5,1455,2,2,3,-1.854459596569739,-2.0529514251836596,131.05844050042958
5,1456,2,2,3,-1.854459596569739,-2.0529514251836596,130.82738205992916
5,1457,2,2,3,-1.854459596569739,-2.0529514251836596,131.37928913519235
5,1458,1,2,1,138.66696127216676,-1.5657700518764335,-0.5649019525675409
5,1459,2,2,3,-1.854459596569739,-2.0529514251836596,131.14790984605716
5,1460,2,2,3,-1.854459596569739,-2.0529514251836596,130.91676193621112
5,1461,2,2,3,-1.854459596569739,-2.0529514251836596,130.6858451742749
5,1462,2,2,3,-1.854459596569739,-2.0529514251836596,130.45515932910064
5,1463,2,2,3,-1.854459596569739,-2.0529514251836596,130.22470416977154
5,1464,2,2,3,-1.854459596569739,-2.0529514251836596,129.99447946560178
5,1465,2,2,3,-1.854459596569739,-2.0529514251836596,129.76448498613618
5,1466,2,2,3,-1.854459596569739,-2.0529514251836596,129.53472050115005
5,1467,2,2,3,-1.854459596569739,-2.0529514251836596,130.20927761697956
5,1468,1,2,1,145.8411153721332,-1.5657700518764335,-0.5649019525675409
5,1469,0,2,1,114.17117509483671,-1.9014646570958402,-0.6663679920857718
5,1470,2,2,3,-1.854459596569739,-2.0529514251836596,131.5266202771228
5,1471,1,2,1,144.37813924235505,-1.5657700518764335,-0.5649019525675409
5,1472,2,2,3,-1.854459596569739,-2.0529514251836596,132.56739403440366
5,1473,1,2,1,143.2644973275255,-1.5657700518764335,-0.5649019525675409
5,1474,2,2,3,-1.854459596569739,-2.0529514251836596,133.39383986638833
5,1475,1,2,1,142.76153103191564,-1.5657700518764335,-0.5649019525675409
5,1476,2,1,2,-8.764726328312669,135.3381837696879,-0.623251280782349
5,1477,1,0,1,33.02482659575787,8.926262106749988,10.496918537196109
5,1478,2,0,2,-1.53565384476972,104.32394325185733,-0.6300840498404277
5,1479,1,2,1,143.11876950088373,-1.5657700518764335,-0.5649019525675409
5,1480,1,2,1,143.57565073138284,-1.5657700518764335,-0.5649019525675409
5,1481,1,2,1,144.13207508065145,-1.5657700518764335,-0.5649019525675409
5,1482,1,2,1,144.7879430055708,-1.5657700518764335,-0.5649019525675409
5,1483,1,2,1,144.28609955559372,-1.5657700518764335,-0.5649019525675409
5,1484,0,1,2,2.7914631950699156,48.466135885116095,3.2914969809938084
5,1485,0,2,1,117.03838144135682,-1.9014646570958402,-0.6663679920857718
5,1486,1,2,1,144.24181345603813,-1.5657700518764335,-0.5649019525675409
5,1487,1,2,1,143.4161123036334,-1.5657700518764335,-0.5649019525675409
5,1488,2,1,2,-8.764726328312669,136.20256051077882,-0.623251280782349
5,1489,1,2,1,142.85855456383717,-1.5657700518764335,-0.5649019525675409
5,1490,2,1,2,-8.764726328312669,137.02530136152083,-0.623251280782349
5,1491,1,2,1,143.11569600927334,-1.5657700518764335,-0.5649019525675409
5,1492,1,2,1,142.51011655511846,-1.5657700518764335,-0.5649019525675409
5,1493,2,2,3,-1.854459596569739,-2.0529514251836596,133.16044602652195
5,1494,2,2,3,-1.854459596569739,-2.0529514251836596,132.92728558049544
5,1495,2,2,3,-1.854459596569739,-2.0529514251836596,133.64305856140263
5,1496,1,2,1,142.08976769718547,-1.5657700518764335,-0.5649019525675409
5,1497,2,2,3,-1.854459596569739,-2.0529514251836596,134.24563970728371
5,1498,1,2,1,141.871109258488,-1.5657700518764335,-0.5649019525675409
5,1499,2,2,3,-1.854459596569739,-2.0529514251836596,134.2865805713459
5,1500,2,1,2,-8.764726328312669,137.017142701932,-0.623251280782349
5,1501,2,2,3,-1.854459596569739,-2.0529514251836596,134.32261964170257
5,1502,2,1,2,-8.764726328312669,137.11336777626735,-0.623251280782349
5,1503,2,2,3,-1.854459596569739,-2.0529514251836596,134.3645810873828
5,1504,2,1,2,-8.764726328312669,137.3041245262915,-0.623251280782349
5,1505,2,2,3,-1.854459596569739,-2.0529514251836596,134.1302165062954
5,1506,2,2,3,-1.854459596569739,-2.0529514251836596,133.8960862897891
5,1507,2,2,3,-1.854459596569739,-2.0529514251836596,133.99958598891305
5,1508,2,1,2,-8.764726328312669,137.53967108656474,-0.623251280782349
5,1509,2,2,3,-1.854459596569739,-2.0529514251836596,134.54486720661205
5,1510,1,2,1,141.8039401860938,-1.5657700518764335,-0.5649019525675409
5,1511,2,2,3,-1.854459596569739,-2.0529514251836596,134.31032233940545
5,1512,2,2,3,-1.854459596569739,-2.0529514251836596,134.07601201706603
5,1513,2,2,3,-1.854459596569739,-2.0529514251836596,133.84193600504898
5,1514,2,2,3,-1.854459596569739,-2.0529514251836596,133.60809406904394
5,1515,2,2,3,-1.854459596569739,-2.0529514251836596,134.18587474056284
5,1516,1,2,1,149.11034593017874,-1.5657700518764335,-0.5649019525675409
5,1517,0,2,1,120.09646754430884,-1.9014646570958402,-0.6663679920857718
5,1518,1,2,1,149.06123558424855,-1.5657700518764335,-0.5649019525675409
5,1519,1,2,1,147.9715394633936,-1.5657700518764335,-0.5649019525675409
5,1520,2,1,2,-8.764726328312669,139.23488638478423,-0.623251280782349
5,1521,1,2,1,148.1235679239302,-1.5657700518764335,-0.5649019525675409
5,1522,1,2,1,148.37544435600628,-1.5657700518764335,-0.5649019525675409
5,1523,1,2,1,147.8221536724993,-1.5657700518764335,-0.5649019525675409
5,1524,2,1,2,-8.764726328312669,138.48085557928584,-0.623251280782349
5,1525,1,0,3,33.02482659575787,8.926262106749988,12.616684516456527
5,1526,1,0,3,33.02482659575787,8.926262106749988,14.524473897790903
5,1527,1,0,3,33.02482659575787,8.926262106749988,16.241484340991843
5,1528,1,0,3,33.02482659575787,8.926262106749988,17.78679373987269
5,1529,1,0,1,40.65041431811596,8.926262106749988,17.78679373987269
5,1530,2,0,2,-1.53565384476972,108.52594214024903,-0.6300840498404277
5,1531,1,2,1,147.0243399045651,-1.5657700518764335,-0.5649019525675409
5,1532,2,2,3,-1.854459596569739,-2.0529514251836596,135.2226969170585
5,1533,1,2,1,147.67731556466055,-1.5657700518764335,-0.5649019525675409
5,1534,1,2,1,154.69913429508108,-1.5657700518764335,-0.5649019525675409
5,1535,0,2,1,123.40203508509099,-1.9014646570958402,-0.6663679920857718
5,1536,1,2,1,154.644435160786,-1.5657700518764335,-0.5649019525675409
5,1537,1,2,1,152.7670386394962,-1.5657700518764335,-0.5649019525675409
5,1538,2,2,3,-1.854459596569739,-2.0529514251836596,134.98747422014145
5,1539,2,2,3,-1.854459596569739,-2.0529514251836596,134.75248674592132
5,1540,2,2,3,-1.854459596569739,-2.0529514251836596,134.5177342591754
5,1541,2,2,3,-1.854459596569739,-2.0529514251836596,136.089897658568
5,1542,1,2,1,151.26323464374482,-1.5657700518764335,-0.5649019525675409
5,1543,2,2,3,-1.854459596569739,-2.0529514251836596,136.0905125950605
5,1544,2,1,2,-8.764726328312669,138.20573076826824,-0.623251280782349
5,1545,2,2,3,-1.854459596569739,-2.0529514251836596,137.35652156528516
5,1546,1,2,1,150.13520681433357,-1.5657700518764335,-0.5649019525675409
5,1547,2,2,3,-1.854459596569739,-2.0529514251836596,137.2032367548152
5,1548,2,1,2,-8.764726328312669,138.16827813016812,-0.623251280782349
5,1549,2,2,3,-1.854459596569739,-2.0529514251836596,136.96603351806039
5,1550,2,2,3,-1.854459596569739,-2.0529514251836596,136.72906748454233
5,1551,2,2,3,-1.854459596569739,-2.0529514251836596,137.81954621070713
5,1552,1,2,1,149.2658212077602,-1.5657700518764335,-0.5649019525675409
5,1553,2,2,3,-1.854459596569739,-2.0529514251836596,138.71490788920468
5,1554,1,2,1,148.67201496801545,-1.5657700518764335,-0.5649019525675409
5,1555,2,2,3,-1.854459596569739,-2.0529514251836596,139.46194658211775
5,1556,1,2,1,148.31154618284356,-1.5657700518764335,-0.5649019525675409
5,1557,2,2,3,-1.854459596569739,-2.0529514251836596,140.09859499600748
5,1558,1,2,1,148.15015246916394,-1.5657700518764335,-0.5649019525675409
5,1559,2,2,3,-1.854459596569739,-2.0529514251836596,139.66739503129338
5,1560,2,1,2,-8.764726328312669,138.47852242524937,-0.623251280782349
5,1561,2,2,3,-1.854459596569739,-2.0529514251836596,140.26752062261127
5,1562,1,2,1,155.45193869567154,-1.5657700518764335,-0.5649019525675409
5,1563,0,2,1,124.77120529668157,-1.9014646570958402,-0.6663679920857718
5,1564,2,1,2,-8.764726328312669,140.42041211359592,-0.623251280782349
5,1565,1,2,1,155.39648675697586,-1.5657700518764335,-0.5649019525675409
5,1566,1,2,1,155.4410902702189,-1.5657700518764335,-0.5649019525675409
5,1567,1,2,1,155.5856491799487,-1.5657700518764335,-0.5649019525675409
5,1568,1,2,1,155.83006353076874,-1.5657700518764335,-0.5649019525675409
5,1569,1,2,1,154.64867797693785,-1.5657700518764335,-0.5649019525675409
5,1570,2,1,2,-8.764726328312669,140.76485544387484,-0.623251280782349
5,1571,2,2,3,-1.854459596569739,-2.0529514251836596,140.07648924929376
5,1572,2,1,2,-8.764726328312669,141.15594233516742,-0.623251280782349
5,1573,2,2,3,-1.854459596569739,-2.0529514251836596,141.27905944408124
5,1574,1,2,1,153.7704370642081,-1.5657700518764335,-0.5649019525675409
5,1575,2,2,3,-1.854459596569739,-2.0529514251836596,141.03778038463716
5,1576,2,2,3,-1.854459596569739,-2.0529514251836596,140.79674260425253
5,1577,2,2,3,-1.854459596569739,-2.0529514251836596,141.84034161318388
5,1578,1,2,1,153.13558717749248,-1.5657700518764335,-0.5649019525675409
5,1579,2,2,3,-1.854459596569739,-2.0529514251836596,141.59850127157068
5,1580,2,2,3,-1.854459596569739,-2.0529514251836596,141.35690277029911
5,1581,2,2,3,-1.854459596569739,-2.0529514251836596,142.28163562384097
5,1582,1,2,1,152.7079103865035,-1.5657700518764335,-0.5649019525675409
5,1583,2,2,3,-1.854459596569739,-2.0529514251836596,141.92791035263843
5,1584,2,1,2,-8.764726328312669,141.7912112265619,-0.623251280782349
5,1585,2,2,3,-1.854459596569739,-2.0529514251836596,142.75320244563844
5,1586,1,2,1,159.68946867222462,-1.5657700518764335,-0.5649019525675409
5,1587,0,2,1,126.42665180913161,-1.9014646570958402,-0.6663679920857718
5,1588,2,2,3,-1.854459596569739,-2.0529514251836596,144.18713959962483
5,1589,1,2,1,157.85785171643178,-1.5657700518764335,-0.5649019525675409
5,1590,2,1,2,-8.764726328312669,144.04001742383247,-0.623251280782349
5,1591,1,2,1,156.54659336515147,-1.5657700518764335,-0.5649019525675409
5,1592,2,2,3,-1.854459596569739,-2.0529514251836596,143.9429524600252
5,1593,2,2,3,-1.854459596569739,-2.0529514251836596,144.94676995717268
5,1594,1,2,1,155.5416642543964,-1.5657700518764335,-0.5649019525675409
5,1595,2,2,3,-1.854459596569739,-2.0529514251836596,145.75071772264064
5,1596,1,2,1,154.8168188834982,-1.5657700518764335,-0.5649019525675409
5,1597,2,2,3,-1.854459596569739,-2.0529514251836596,145.504967004918
5,1598,2,2,3,-1.854459596569739,-2.0529514251836596,145.25946203791307
5,1599,2,2,3,-1.854459596569739,-2.0529514251836596,144.89347755908116
5,1600,2,1,2,-8.764726328312669,150.28008395333387,-0.623251280782349
5,1601,2,0,2,-1.53565384476972,112.01780220457316,-0.6300840498404277
5,1602,2,2,3,-1.854459596569739,-2.0529514251836596,145.1818581145531
5,1603,2,1,2,-8.764726328312669,150.6789406274668,-0.623251280782349
5,1604,1,2,1,154.7523521172676,-1.5657700518764335,-0.5649019525675409
5,1605,2,1,2,-8.764726328312669,150.18405051806087,-0.623251280782349
5,1606,2,2,3,-1.854459596569739,-2.0529514251836596,144.93667625643855
5,1607,2,2,3,-1.854459596569739,-2.0529514251836596,145.66349149040417
5,1608,1,2,1,154.29780256309087,-1.5657700518764335,-0.5649019525675409
5,1609,2,2,3,-1.854459596569739,-2.0529514251836596,146.27262479510975
5,1610,1,2,1,154.04901216149764,-1.5657700518764335,-0.5649019525675409
5,1611,2,2,3,-1.854459596569739,-2.0529514251836596,146.02635217031462
5,1612,2,2,3,-1.854459596569739,-2.0529514251836596,145.78032581814432
5,1613,2,2,3,-1.854459596569739,-2.0529514251836596,146.35314544031814
5,1614,1,2,1,153.9330723439394,-1.5657700518764335,-0.5649019525675409
5,1615,2,2,3,-1.854459596569739,-2.0529514251836596,146.10679229487783
5,1616,2,2,3,-1.854459596569739,-2.0529514251836596,145.86068550258295
5,1617,2,2,3,-1.854459596569739,-2.0529514251836596,146.0428379536127
5,1618,2,1,2,-8.764726328312669,149.92388642366245,-0.623251280782349
5,1619,2,2,3,-1.854459596569739,-2.0529514251836596,146.57792832030142
5,1620,1,2,1,160.95600363864946,-1.5657700518764335,-0.5649019525675409
5,1621,0,2,1,129.71863098844474,-1.9014646570958402,-0.6663679920857718
5,1622,1,2,1,160.89504763501083,-1.5657700518764335,-0.5649019525675409
5,1623,1,2,1,159.5167577752196,-1.5657700518764335,-0.5649019525675409
5,1624,2,2,3,-1.854459596569739,-2.0529514251836596,147.612294508018
5,1625,1,2,1,159.65724101744436,-1.5657700518764335,-0.5649019525675409
5,1626,1,2,1,159.89758377642693,-1.5657700518764335,-0.5649019525675409
5,1627,1,2,1,159.021442555078,-1.5657700518764335,-0.5649019525675409
5,1628,2,2,3,-1.854459596569739,-2.0529514251836596,147.36468221350998
5,1629,2,2,3,-1.854459596569739,-2.0529514251836596,148.2713368051117
5,1630,1,2,1,158.39816064327627,-1.5657700518764335,-0.5649019525675409
5,1631,2,2,3,-1.854459596569739,-2.0529514251836596,148.18666788054313
5,1632,2,1,2,-8.764726328312669,150.00197790146998,-0.623251280782349
5,1633,2,2,3,-1.854459596569739,-2.0529514251836596,148.11819690473433
5,1634,2,1,2,-8.764726328312669,150.16548160489168,-0.623251280782349
5,1635,2,2,3,-1.854459596569739,-2.0529514251836596,147.8700787078296
5,1636,2,2,3,-1.854459596569739,-2.0529514251836596,147.6222086291218
5,1637,2,2,3,-1.854459596569739,-2.0529514251836596,147.62637044509387
5,1638,2,1,2,-8.764726328312669,150.3639441184668,-0.623251280782349
5,1639,2,2,3,-1.854459596569739,-2.0529514251836596,147.6497638683127
5,1640,2,1,2,-8.764726328312669,150.64487632958307,-0.623251280782349
5,1641,2,2,3,-1.854459596569739,-2.0529514251836596,148.46620538516578
5,1642,1,2,1,157.95649891208006,-1.5657700518764335,-0.5649019525675409
5,1643,2,2,3,-1.854459596569739,-2.0529514251836596,148.43342760327792
5,1644,2,1,2,-8.764726328312669,151.07529802934928,-0.623251280782349
5,1645,2,2,3,-1.854459596569739,-2.0529514251836596,149.12777823524607
5,1646,1,2,1,157.72449906616143,-1.5657700518764335,-0.5649019525675409
5,1647,2,2,3,-1.854459596569739,-2.0529514251836596,149.72972581927144
5,1648,1,2,1,164.69419362740132,-1.5657700518764335,-0.5649019525675409
5,1649,0,2,1,131.70322239450584,-1.9014646570958402,-0.6663679920857718
5,1650,2,1,2,-8.764726328312669,149.89215924390783,-0.623251280782349
5,1651,1,0,1,40.70976390379785,8.926262106749988,17.78679373987269
5,1652,1,0,1,40.869054139894054,8.926262106749988,17.78679373987269
5,1653,1,0,1,48.17191114415739,8.926262106749988,17.78679373987269
5,1654,2,0,2,-1.53565384476972,115.63926484022372,-0.6300840498404277
5,1655,2,2,3,-1.854459596569739,-2.0529514251836596,150.96147840645702
5,1656,1,2,1,163.56996062690044,-1.5657700518764335,-0.5649019525675409
5,1657,2,2,3,-1.854459596569739,-2.0529514251836596,150.71051692805057
5,1658,2,2,3,-1.854459596569739,-2.0529514251836596,150.4598064111225
5,1659,2,2,3,-1.854459596569739,-2.0529514251836596,150.15314953515713
5,1660,2,1,2,-8.764726328312669,149.8681051234976,-0.623251280782349
5,1661,2,2,3,-1.854459596569739,-2.0529514251836596,151.23126068370456
5,1662,1,2,1,162.68485937189715,-1.5657700518764335,-0.5649019525675409
5,1663,2,2,3,-1.854459596569739,-2.0529514251836596,152.11393569315192
5,1664,1,2,1,162.07565306832947,-1.5657700518764335,-0.5649019525675409
5,1665,2,2,3,-1.854459596569739,-2.0529514251836596,151.86182175745876
5,1666,2,2,3,-1.854459596569739,-2.0529514251836596,151.60995993570128
5,1667,2,2,3,-1.854459596569739,-2.0529514251836596,151.35834997576558
5,1668,2,2,3,-1.854459596569739,-2.0529514251836596,151.10699162578982
5,1669,2,2,3,-1.854459596569739,-2.0529514251836596,151.94178211697545
5,1670,1,2,1,161.6103241910771,-1.5657700518764335,-0.5649019525675409
5,1671,2,2,3,-1.854459596569739,-2.0529514251836596,152.64702600019453
5,1672,1,2,1,161.36134734598863,-1.5657700518764335,-0.5649019525675409
5,1673,2,2,3,-1.854459596569739,-2.0529514251836596,153.25709678742794
5,1674,1,2,1,168.16383162844585,-1.5657700518764335,-0.5649019525675409
5,1675,0,2,1,133.70535273701063,-1.9014646570958402,-0.6663679920857718
5,1676,2,2,3,-1.854459596569739,-2.0529514251836596,154.4796064399013
5,1677,1,2,1,166.28439087282752,-1.5657700518764335,-0.5649019525675409
5,1678,2,1,2,-8.764726328312669,151.54344930755775,-0.623251280782349
5,1679,1,2,1,166.3181064819547,-1.5657700518764335,-0.5649019525675409
5,1680,1,2,1,166.45178837547274,-1.5657700518764335,-0.5649019525675409
5,1681,1,2,1,165.5000905754757,-1.5657700518764335,-0.5649019525675409
5,1682,2,2,3,-1.854459596569739,-2.0529514251836596,154.2251268334614
5,1683,2,2,3,-1.854459596569739,-2.0529514251836596,153.70541563156345
5,1684,2,1,2,-8.764726328312669,151.90594052432675,-0.623251280782349
5,1685,2,2,3,-1.854459596569739,-2.0529514251836596,153.27356218031545
5,1686,2,1,2,-8.764726328312669,152.2894291277453,-0.623251280782349
5,1687,2,2,3,-1.854459596569739,-2.0529514251836596,153.02028861813514
5,1688,2,2,3,-1.854459596569739,-2.0529514251836596,152.767268329517
5,1689,2,2,3,-1.854459596569739,-2.0529514251836596,152.4671949802121
5,1690,2,1,2,-8.764726328312669,152.65473851801178,-0.623251280782349
5,1691,2,2,3,-1.854459596569739,-2.0529514251836596,153.50498444916298
5,1692,1,2,1,164.64707497839527,-1.5657700518764335,-0.5649019525675409
5,1693,2,2,3,-1.854459596569739,-2.0529514251836596,154.3545464271078
5,1694,1,2,1,164.0634675768394,-1.5657700518764335,-0.5649019525675409
5,1695,2,2,3,-1.854459596569739,-2.0529514251836596,154.1001918806807
5,1696,2,2,3,-1.854459596569739,-2.0529514251836596,153.84609168880002
5,1697,2,2,3,-1.854459596569739,-2.0529514251836596,153.47430163320317
5,1698,2,1,2,-8.764726328312669,153.18322052789773,-0.623251280782349
5,1699,2,2,3,-1.854459596569739,-2.0529514251836596,153.19201030214472
5,1700,2,1,2,-8.764726328312669,153.7309074950203,-0.623251280782349
5,1701,2,2,3,-1.854459596569739,-2.0529514251836596,152.99216911393725
5,1702,2,1,2,-8.764726328312669,154.30404148779806,-0.623251280782349
5,1703,2,2,3,-1.854459596569739,-2.0529514251836596,152.73917694482333
5,1704,2,2,3,-1.854459596569739,-2.0529514251836596,152.4864377678785
5,1705,2,2,3,-1.854459596569739,-2.0529514251836596,152.2339513301106
5,1706,2,2,3,-1.854459596569739,-2.0529514251836596,151.9817173787805
5,1707,2,2,3,-1.854459596569739,-2.0529514251836596,152.92582893100956
5,1708,1,2,1,163.49677788332542,-1.5657700518764335,-0.5649019525675409
5,1709,2,2,3,-1.854459596569739,-2.0529514251836596,152.67290310207855
5,1710,2,2,3,-1.854459596569739,-2.0529514251836596,152.42023019897647
5,1711,2,2,3,-1.854459596569739,-2.0529514251836596,152.1678099687775
5,1712,2,2,3,-1.854459596569739,-2.0529514251836596,151.91564215880874
5,1713,2,2,3,-1.854459596569739,-2.0529514251836596,152.8102589533771
5,1714,1,2,1,163.0753157313772,-1.5657700518764335,-0.5649019525675409
5,1715,2,2,3,-1.854459596569739,-2.0529514251836596,152.5574486944237
5,1716,2,2,3,-1.854459596569739,-2.0529514251836596,152.30489124572927
5,1717,2,2,3,-1.854459596569739,-2.0529514251836596,152.25050222844834
5,1718,2,1,2,-8.764726328312669,160.2219245582004,-0.623251280782349
5,1719,2,0,2,-1.53565384476972,119.93730888746319,-0.6300840498404277
5,1720,2,1,2,-8.764726328312669,160.16170263364222,-0.623251280782349
5,1721,2,1,2,-8.764726328312669,160.48998862768434,-0.623251280782349
5,1722,1,2,1,161.46593161086597,-1.5657700518764335,-0.5649019525675409
5,1723,0,1,2,2.7914631950699156,57.15635221756854,3.2914969809938084
5,1724,0,2,1,136.22332633745032,-1.9014646570958402,-0.6663679920857718
5,1725,2,1,2,-8.764726328312669,160.82611699439164,-0.623251280782349
5,1726,1,2,1,161.34112403222414,-1.5657700518764335,-0.5649019525675409
5,1727,2,1,2,-8.764726328312669,161.16529087739724,-0.623251280782349
5,1728,2,1,2,-8.764726328312669,161.60412558651984,-0.623251280782349
5,1729,2,1,2,-8.764726328312669,161.21651274848423,-0.623251280782349
5,1730,2,2,3,-1.854459596569739,-2.0529514251836596,152.88588676770345
5,1731,2,1,2,-8.764726328312669,161.867632752826,-0.623251280782349
5,1732,1,2,1,161.43190727153151,-1.5657700518764335,-0.5649019525675409
5,1733,2,1,2,-8.764726328312669,167.45466305740226,-0.623251280782349
5,1734,2,0,2,-1.53565384476972,123.07928078871952,-0.6300840498404277
5,1735,2,2,3,-1.854459596569739,-2.0529514251836596,152.63300088093575
5,1736,2,2,3,-1.854459596569739,-2.0529514251836596,153.847712435525
5,1737,2,1,2,-8.764726328312669,167.38720839434487,-0.623251280782349
5,1738,2,1,2,-8.764726328312669,166.07941108602736,-0.623251280782349
5,1739,2,2,3,-1.854459596569739,-2.0529514251836596,154.80480288948922
5,1740,2,1,2,-8.764726328312669,165.09714546348405,-0.623251280782349
5,1741,2,2,3,-1.854459596569739,-2.0529514251836596,155.56894000142523
5,1742,2,1,2,-8.764726328312669,164.38875597727676,-0.623251280782349
5,1743,2,2,3,-1.854459596569739,-2.0529514251836596,155.31337106142382
5,1744,2,2,3,-1.854459596569739,-2.0529514251836596,155.0580576903624
5,1745,2,2,3,-1.854459596569739,-2.0529514251836596,154.80299963267203
5,1746,2,2,3,-1.854459596569739,-2.0529514251836596,154.54819663303937
5,1747,2,2,3,-1.854459596569739,-2.0529514251836596,154.29364843640633
5,1748,2,2,3,-1.854459596569739,-2.0529514251836596,154.03935478796993
5,1749,2,2,3,-1.854459596569739,-2.0529514251836596,153.78531543318195
5,1750,2,2,3,-1.854459596569739,-2.0529514251836596,153.53153011774876
5,1751,2,2,3,-1.854459596569739,-2.0529514251836596,153.277998587631
5,1752,2,2,3,-1.854459596569739,-2.0529514251836596,153.02472058904337
5,1753,2,2,3,-1.854459596569739,-2.0529514251836596,153.60400735002065
5,1754,1,2,1,160.7955132720304,-1.5657700518764335,-0.5649019525675409
5,1755,2,2,3,-1.854459596569739,-2.0529514251836596,154.418093456769
5,1756,2,1,2,-8.764726328312669,163.7372716317692,-0.623251280782349
5,1757,2,2,3,-1.854459596569739,-2.0529514251836596,154.16367536331222
5,1758,2,2,3,-1.854459596569739,-2.0529514251836596,153.9095116879489
5,1759,2,2,3,-1.854459596569739,-2.0529514251836596,154.33731633308503
5,1760,1,2,1,160.3953562618028,-1.5657700518764335,-0.5649019525675409
5,1761,2,2,3,-1.854459596569739,-2.0529514251836596,154.08297901675195
5,1762,2,2,3,-1.854459596569739,-2.0529514251836596,153.8288960377352
5,1763,2,2,3,-1.854459596569739,-2.0529514251836596,154.55599632550684
5,1764,2,1,2,-8.764726328312669,163.26458810481745,-0.623251280782349
5,1765,2,2,3,-1.854459596569739,-2.0529514251836596,154.30144032918133
5,1766,2,2,3,-1.854459596569739,-2.0529514251836596,154.04713888885215
5,1767,2,2,3,-1.854459596569739,-2.0529514251836596,154.4215652698854
5,1768,1,2,1,160.14355559734116,-1.5657700518764335,-0.5649019525675409
5,1769,2,2,3,-1.854459596569739,-2.0529514251836596,154.73362074703363
5,1770,1,2,1,160.04782849156337,-1.5657700518764335,-0.5649019525675409
5,1771,2,2,3,-1.854459596569739,-2.0529514251836596,154.4788871262866
5,1772,2,2,3,-1.854459596569739,-2.0529514251836596,154.2244082391603
5,1773,2,2,3,-1.854459596569739,-2.0529514251836596,154.54670243590905
5,1774,1,2,1,160.04316918356201,-1.5657700518764335,-0.5649019525675409
5,1775,2,2,3,-1.854459596569739,-2.0529514251836596,154.8363059414908
5,1776,1,2,1,160.1676465534134,-1.5657700518764335,-0.5649019525675409
5,1777,2,2,3,-1.854459596569739,-2.0529514251836596,155.41586956971864
5,1778,2,1,2,-8.764726328312669,163.02430038173785,-0.623251280782349
5,1779,2,2,3,-1.854459596569739,-2.0529514251836596,155.91368835053882
5,1780,2,1,2,-8.764726328312669,162.9573254902674,-0.623251280782349
5,1781,2,2,3,-1.854459596569739,-2.0529514251836596,156.3550947390214
5,1782,2,1,2,-8.764726328312669,168.7464417393239,-0.623251280782349
5,1783,2,0,2,-1.53565384476972,126.25050708901068,-0.6300840498404277
5,1784,2,2,3,-1.854459596569739,-2.0529514251836596,157.32548299731235
5,1785,2,1,2,-8.764726328312669,168.67769529758456,-0.623251280782349
5,1786,2,1,2,-8.764726328312669,168.709017602287,-0.623251280782349
5,1787,2,1,2,-8.764726328312669,167.71333865879222,-0.623251280782349
5,1788,2,2,3,-1.854459596569739,-2.0529514251836596,158.09655522480153
5,1789,2,1,2,-8.764726328312669,166.99356376016834,-0.623251280782349
5,1790,2,2,3,-1.854459596569739,-2.0529514251836596,158.71926251457805
5,1791,2,1,2,-8.764726328312669,166.65080439293945,-0.623251280782349
5,1792,1,2,1,159.70936076761134,-1.5657700518764335,-0.5649019525675409
5,1793,0,1,2,2.7914631950699156,65.52682630321927,3.2914969809938084
5,1794,0,2,1,139.0994233386063,-1.9014646570958402,-0.6663679920857718
5,1795,2,1,2,-8.764726328312669,166.49695066963903,-0.623251280782349
5,1796,1,2,1,160.32162280714448,-1.5657700518764335,-0.5649019525675409
5,1797,2,1,2,-8.764726328312669,167.1304537189694,-0.623251280782349
5,1798,2,1,2,-8.764726328312669,172.8162085488845,-0.623251280782349
5,1799,2,0,2,-1.53565384476972,130.7342610264492,-0.6300840498404277
5,1800,2,1,2,-8.764726328312669,172.74339234033562,-0.623251280782349
5,1801,2,1,2,-8.764726328312669,171.38226009524527,-0.623251280782349
5,1802,2,2,3,-1.854459596569739,-2.0529514251836596,159.71418001254952
5,1803,2,1,2,-8.764726328312669,170.41587474362805,-0.623251280782349
5,1804,1,2,1,160.30116434767243,-1.5657700518764335,-0.5649019525675409
5,1805,2,2,3,-1.854459596569739,-2.0529514251836596,159.51257728171413
5,1806,1,2,1,160.36279306379487,-1.5657700518764335,-0.5649019525675409
5,1807,2,2,3,-1.854459596569739,-2.0529514251836596,159.3372360668584
5,1808,1,2,1,160.50090012803437,-1.5657700518764335,-0.5649019525675409
5,1809,2,2,3,-1.854459596569739,-2.0529514251836596,160.17468405979173
5,1810,2,1,2,-8.764726328312669,169.63158099118462,-0.623251280782349
5,1811,2,2,3,-1.854459596569739,-2.0529514251836596,160.85074217193983
5,1812,2,1,2,-8.764726328312669,169.0926463670882,-0.623251280782349
5,1813,2,2,3,-1.854459596569739,-2.0529514251836596,160.55525706742125
5,1814,1,2,1,160.84578056490565,-1.5657700518764335,-0.5649019525675409
5,1815,2,2,3,-1.854459596569739,-2.0529514251836596,160.3234636366048
5,1816,1,2,1,161.23322540843895,-1.5657700518764335,-0.5649019525675409
5,1817,2,2,3,-1.854459596569739,-2.0529514251836596,160.1532065883798
5,1818,1,2,1,161.66507031984466,-1.5657700518764335,-0.5649019525675409
5,1819,2,2,3,-1.854459596569739,-2.0529514251836596,160.77805791988354
5,1820,2,1,2,-8.764726328312669,168.70040946444786,-0.623251280782349
5,1821,2,2,3,-1.854459596569739,-2.0529514251836596,160.6050940895598
5,1822,1,2,1,162.19846760272662,-1.5657700518764335,-0.5649019525675409
5,1823,2,2,3,-1.854459596569739,-2.0529514251836596,160.34448899547024
5,1824,2,2,3,-1.854459596569739,-2.0529514251836596,160.0841445064748
5,1825,2,2,3,-1.854459596569739,-2.0529514251836596,160.67707059280764
5,1826,2,1,2,-8.764726328312669,168.43739850669104,-0.623251280782349
5,1827,2,2,3,-1.854459596569739,-2.0529514251836596,160.56701182619682
5,1828,1,2,1,169.64946375297598,-1.5657700518764335,-0.5649019525675409
5,1829,0,2,1,141.86478345690807,-1.9014646570958402,-0.6663679920857718
5,1830,2,1,2,-8.764726328312669,169.18895556756655,-0.623251280782349
5,1831,1,2,1,168.68065154847187,-1.5657700518764335,-0.5649019525675409
5,1832,2,2,3,-1.854459596569739,-2.0529514251836596,161.10969514687585
5,1833,1,2,1,168.76229299481378,-1.5657700518764335,-0.5649019525675409
5,1834,2,1,2,-8.764726328312669,166.9390792140815,-0.623251280782349
5,1835,1,0,1,48.42373923301324,8.926262106749988,17.78679373987269
5,1836,1,0,1,48.77531549378023,8.926262106749988,17.78679373987269
5,1837,1,0,1,57.340475786020676,8.926262106749988,17.78679373987269
5,1838,2,0,2,-1.53565384476972,134.18780376599835,-0.6300840498404277
5,1839,2,1,2,-8.764726328312669,166.8721401348674,-0.623251280782349
5,1840,2,1,2,-8.764726328312669,167.09239312786724,-0.623251280782349
5,1841,1,2,1,168.4359235148731,-1.5657700518764335,-0.5649019525675409
5,1842,2,2,3,-1.854459596569739,-2.0529514251836596,160.84858545172898
5,1843,2,2,3,-1.854459596569739,-2.0529514251836596,160.58773686627725
5,1844,2,2,3,-1.854459596569739,-2.0529514251836596,161.10411960762195
5,1845,1,2,1,168.24163900454036,-1.5657700518764335,-0.5649019525675409
5,1846,2,2,3,-1.854459596569739,-2.0529514251836596,161.43585456651863
5,1847,2,1,2,-8.764726328312669,166.66530341716586,-0.623251280782349
5,1848,2,2,3,-1.854459596569739,-2.0529514251836596,161.6921341481662
5,1849,2,1,2,-8.764726328312669,166.4062943561177,-0.623251280782349
5,1850,2,2,3,-1.854459596569739,-2.0529514251836596,162.07884299479906
5,1851,1,2,1,168.26328056057145,-1.5657700518764335,-0.5649019525675409
5,1852,2,2,3,-1.854459596569739,-2.0529514251836596,161.81676415180425
5,1853,2,2,3,-1.854459596569739,-2.0529514251836596,161.55494738765245
5,1854,2,2,3,-1.854459596569739,-2.0529514251836596,161.77367579014285
5,1855,2,1,2,-8.764726328312669,166.28125882373007,-0.623251280782349
5,1856,2,2,3,-1.854459596569739,-2.0529514251836596,161.5119021143527
5,1857,2,2,3,-1.854459596569739,-2.0529514251836596,161.25039021223833
5,1858,2,2,3,-1.854459596569739,-2.0529514251836596,161.48719581456376
5,1859,2,1,2,-8.764726328312669,166.24036532699887,-0.623251280782349
5,1860,2,2,3,-1.854459596569739,-2.0529514251836596,161.69627240048027
5,1861,2,1,2,-8.764726328312669,166.32425976194654,-0.623251280782349
5,1862,2,2,3,-1.854459596569739,-2.0529514251836596,162.0847099359288
5,1863,1,2,1,175.3815660667482,-1.5657700518764335,-0.5649019525675409
5,1864,0,2,1,144.14440682764996,-1.9014646570958402,-0.6663679920857718
5,1865,2,1,2,-8.764726328312669,167.85460882635996,-0.623251280782349
5,1866,1,2,1,173.98979574373033,-1.5657700518764335,-0.5649019525675409
5,1867,2,2,3,-1.854459596569739,-2.0529514251836596,163.00122872096523
5,1868,1,2,1,174.0158059479866,-1.5657700518764335,-0.5649019525675409
5,1869,1,2,1,174.14179014203862,-1.5657700518764335,-0.5649019525675409
5,1870,1,2,1,174.36764835189658,-1.5657700518764335,-0.5649019525675409
5,1871,1,2,1,173.56800516008246,-1.5657700518764335,-0.5649019525675409
5,1872,2,2,3,-1.854459596569739,-2.0529514251836596,162.73822749224428
5,1873,2,2,3,-1.854459596569739,-2.0529514251836596,162.47548926475204
5,1874,2,2,3,-1.854459596569739,-2.0529514251836596,162.74554661208649
5,1875,2,1,2,-8.764726328312669,174.2537405165578,-0.623251280782349
5,1876,2,0,2,-1.53565384476972,137.95225590024668,-0.6300840498404277
5,1877,1,2,1,174.06232495521343,-1.5657700518764335,-0.5649019525675409
5,1878,2,1,2,-8.764726328312669,174.17948677604124,-0.623251280782349
5,1879,2,1,2,-8.764726328312669,173.07334721303368,-0.623251280782349
5,1880,2,2,3,-1.854459596569739,-2.0529514251836596,163.50525332496818
5,1881,2,1,2,-8.764726328312669,172.25303257090218,-0.623251280782349
5,1882,2,2,3,-1.854459596569739,-2.0529514251836596,163.2417480716432
5,1883,2,2,3,-1.854459596569739,-2.0529514251836596,162.97850632357157
5,1884,2,2,3,-1.854459596569739,-2.0529514251836596,163.81282586178054
5,1885,1,2,1,173.57356222000837,-1.5657700518764335,-0.5649019525675409
5,1886,2,2,3,-1.854459596569739,-2.0529514251836596,164.3845935001218
5,1887,2,1,2,-8.764726328312669,171.70180407032402,-0.623251280782349
5,1888,2,2,3,-1.854459596569739,-2.0529514251836596,164.84461275307171
5,1889,2,1,2,-8.764726328312669,171.3512403258457,-0.623251280782349
5,1890,2,2,3,-1.854459596569739,-2.0529514251836596,164.57976814031863
5,1891,2,2,3,-1.854459596569739,-2.0529514251836596,164.3151883721783
5,1892,2,2,3,-1.854459596569739,-2.0529514251836596,164.05087318380615
5,1893,2,2,3,-1.854459596569739,-2.0529514251836596,163.78682231062234
5,1894,2,2,3,-1.854459596569739,-2.0529514251836596,164.27191287181884
5,1895,2,1,2,-8.764726328312669,171.0790356675712,-0.623251280782349
5,1896,2,2,3,-1.854459596569739,-2.0529514251836596,164.00764095894704
5,1897,2,2,3,-1.854459596569739,-2.0529514251836596,163.7436333179881
5,1898,2,2,3,-1.854459596569739,-2.0529514251836596,164.20609451727884
5,1899,2,1,2,-8.764726328312669,170.92753545802466,-0.623251280782349
5,1900,2,2,3,-1.854459596569739,-2.0529514251836596,164.86926772533178
5,1901,1,2,1,173.33826350281538,-1.5657700518764335,-0.5649019525675409
5,1902,2,2,3,-1.854459596569739,-2.0529514251836596,165.44282903957733
5,1903,1,2,1,180.1747334284712,-1.5657700518764335,-0.5649019525675409
5,1904,0,2,1,146.6517921552294,-1.9014646570958402,-0.6663679920857718
5,1905,2,1,2,-8.764726328312669,172.47208052164083,-0.623251280782349
5,1906,1,2,1,179.3319960572665,-1.5657700518764335,-0.5649019525675409
5,1907,2,1,2,-8.764726328312669,170.8015795722928,-0.623251280782349
5,1908,1,0,1,65.46370154154303,8.926262106749988,17.78679373987269
5,1909,2,0,2,-1.53565384476972,141.9108979198914,-0.6300840498404277
5,1910,1,2,1,178.077636526458,-1.5657700518764335,-0.5649019525675409
5,1911,2,2,3,-1.854459596569739,-2.0529514251836596,166.42823215173894
5,1912,1,2,1,178.29955888993155,-1.5657700518764335,-0.5649019525675409
5,1913,1,2,1,177.44599798396055,-1.5657700518764335,-0.5649019525675409
5,1914,2,2,3,-1.854459596569739,-2.0529514251836596,167.25256273697715
5,1915,1,2,1,176.85940189652524,-1.5657700518764335,-0.5649019525675409
5,1916,2,2,3,-1.854459596569739,-2.0529514251836596,167.3366628409364
5,1917,2,1,2,-8.764726328312669,170.38775123631623,-0.623251280782349
5,1918,2,2,3,-1.854459596569739,-2.0529514251836596,167.37138392923808
5,1919,2,1,2,-8.764726328312669,170.1187431216792,-0.623251280782349
5,1920,2,2,3,-1.854459596569739,-2.0529514251836596,167.3760011053605
5,1921,2,1,2,-8.764726328312669,169.97709291894196,-0.623251280782349
5,1922,2,2,3,-1.854459596569739,-2.0529514251836596,167.10862510425514
5,1923,2,2,3,-1.854459596569739,-2.0529514251836596,166.84151647915087
5,1924,2,2,3,-1.854459596569739,-2.0529514251836596,166.5746749626717
5,1925,2,2,3,-1.854459596569739,-2.0529514251836596,166.30810028770904
5,1926,2,2,3,-1.854459596569739,-2.0529514251836596,166.4050224579134
5,1927,2,1,2,-8.764726328312669,169.8534808503812,-0.623251280782349
5,1928,2,2,3,-1.854459596569739,-2.0529514251836596,166.13861743545547
5,1929,2,2,3,-1.854459596569739,-2.0529514251836596,165.87247881802003
5,1930,2,2,3,-1.854459596569739,-2.0529514251836596,166.00072554040577
5,1931,2,1,2,-8.764726328312669,169.80220459384324,-0.623251280782349
5,1932,2,2,3,-1.854459596569739,-2.0529514251836596,166.80973377412118
5,1933,1,2,1,176.38762535051072,-1.5657700518764335,-0.5649019525675409
5,1934,2,2,3,-1.854459596569739,-2.0529514251836596,166.54292404034706
5,1935,2,2,3,-1.854459596569739,-2.0529514251836596,166.2763811163067
5,1936,2,2,3,-1.854459596569739,-2.0529514251836596,166.35916125946653
5,1937,2,1,2,-8.764726328312669,169.8915410991461,-0.623251280782349
5,1938,2,2,3,-1.854459596569739,-2.0529514251836596,166.09280209820707
5,1939,2,2,3,-1.854459596569739,-2.0529514251836596,165.82670929610887
5,1940,2,2,3,-1.854459596569739,-2.0529514251836596,166.60641327619854
5,1941,1,2,1,176.04289772980331,-1.5657700518764335,-0.5649019525675409
5,1942,2,2,3,-1.854459596569739,-2.0529514251836596,166.33980686292233
5,1943,2,2,3,-1.854459596569739,-2.0529514251836596,166.0734670560594
5,1944,2,2,3,-1.854459596569739,-2.0529514251836596,166.18538291926893
5,1945,2,1,2,-8.764726328312669,170.05473989823912,-0.623251280782349
5,1946,2,2,3,-1.854459596569739,-2.0529514251836596,166.3022638772677
5,1947,2,1,2,-8.764726328312669,170.3131900322647,-0.623251280782349
5,1948,2,2,3,-1.854459596569739,-2.0529514251836596,166.43304330273514
5,1949,2,1,2,-8.764726328312669,177.2310499231075,-0.623251280782349
5,1950,2,0,2,-1.53565384476972,144.19667941487305,-0.6300840498404277
5,1951,2,2,3,-1.854459596569739,-2.0529514251836596,167.23561291484927
5,1952,2,1,2,-8.764726328312669,177.03619180604727,-0.623251280782349
5,1953,1,2,1,174.82576376084168,-1.5657700518764335,-0.5649019525675409
5,1954,0,1,2,2.7914631950699156,65.66129947691604,3.2914969809938084
5,1955,0,1,2,2.7914631950699156,65.89563817743912,3.2914969809938084
5,1956,0,1,2,2.7914631950699156,74.22460178306292,3.2914969809938084
5,1957,0,2,1,149.51319592850513,-1.9014646570958402,-0.6663679920857718
5,1958,2,1,2,-8.764726328312669,176.38889830401263,-0.623251280782349
5,1959,2,2,3,-1.854459596569739,-2.0529514251836596,167.8745525554616
5,1960,2,1,2,-8.764726328312669,175.96958917660206,-0.623251280782349
5,1961,2,2,3,-1.854459596569739,-2.0529514251836596,168.40808662839905
5,1962,2,1,2,-8.764726328312669,175.74503083515336,-0.623251280782349
5,1963,2,2,3,-1.854459596569739,-2.0529514251836596,168.77502857788247
5,1964,1,2,1,174.15191521396787,-1.5657700518764335,-0.5649019525675409
5,1965,2,2,3,-1.854459596569739,-2.0529514251836596,168.50625354930457
5,1966,2,2,3,-1.854459596569739,-2.0529514251836596,168.79666780055695
5,1967,1,2,1,173.64759380482622,-1.5657700518764335,-0.5649019525675409
5,1968,2,2,3,-1.854459596569739,-2.0529514251836596,169.21575907318143
5,1969,2,1,2,-8.764726328312669,175.72288789988298,-0.623251280782349
5,1970,2,2,3,-1.854459596569739,-2.0529514251836596,168.94654331410825
5,1971,2,2,3,-1.854459596569739,-2.0529514251836596,168.67759677079414
5,1972,2,2,3,-1.854459596569739,-2.0529514251836596,169.10640299580314
5,1973,2,1,2,-8.764726328312669,182.4260703719671,-0.623251280782349
6,1,0,0,2,0.009317174468442126,20.239612446220075,-0.6122225467830142
6,2,0,2,1,151.30341023223912,-1.9014646570958402,-0.6663679920857718
6,3,2,2,3,-1.854459596569739,-2.0529514251836596,168.83729659280732
6,4,2,2,3,-1.854459596569739,-2.0529514251836596,168.5684592962145
6,5,2,2,3,-1.854459596569739,-2.0529514251836596,169.6717943334178
6,6,2,1,2,-8.764726328312669,181.08097097377876,-0.623251280782349
6,7,2,2,3,-1.854459596569739,-2.0529514251836596,169.79572668675382
6,8,1,2,1,173.19261136633222,-1.5657700518764335,-0.5649019525675409
6,9,2,2,3,-1.854459596569739,-2.0529514251836596,170.64317014448255
6,10,2,1,2,-8.764726328312669,180.06654772070465,-0.623251280782349
6,11,2,2,3,-1.854459596569739,-2.0529514251836596,171.30544135438407
6,12,2,1,2,-8.764726328312669,179.31913164271822,-0.623251280782349
6,13,2,2,3,-1.854459596569739,-2.0529514251836596,171.22096574421255
6,14,1,2,1,173.02422583837603,-1.5657700518764335,-0.5649019525675409
6,15,2,2,3,-1.854459596569739,-2.0529514251836596,171.1282675277905
6,16,1,2,1,172.96350173978968,-1.5657700518764335,-0.5649019525675409
6,17,2,2,3,-1.854459596569739,-2.0529514251836596,170.85713926026273
6,18,2,2,3,-1.854459596569739,-2.0529514251836596,170.58628212100245
6,19,2,2,3,-1.854459596569739,-2.0529514251836596,171.18024794153132
6,20,2,1,2,-8.764726328312669,178.73406302465798,-0.623251280782349
6,21,2,2,3,-1.854459596569739,-2.0529514251836596,171.08560981961736
6,22,1,2,1,173.00462693795282,-1.5657700518764335,-0.5649019525675409
6,23,2,2,3,-1.854459596569739,-2.0529514251836596,170.81452420979775
6,24,2,2,3,-1.854459596569739,-2.0529514251836596,170.54370968558794
6,25,2,2,3,-1.854459596569739,-2.0529514251836596,170.5167967838865
6,26,1,2,1,173.0853271257623,-1.5657700518764335,-0.5649019525675409
6,27,2,2,3,-1.854459596569739,-2.0529514251836596,170.5005644909483
6,28,1,2,1,173.25635029778994,-1.5657700518764335,-0.5649019525675409
6,29,2,2,3,-1.854459596569739,-2.0529514251836596,170.50288672133468
6,30,1,2,1,173.51050105342307,-1.5657700518764335,-0.5649019525675409
6,31,2,2,3,-1.854459596569739,-2.0529514251836596,170.5301376534901
6,32,1,2,1,173.8419345757763,-1.5657700518764335,-0.5649019525675409
6,33,2,2,3,-1.854459596569739,-2.0529514251836596,170.58747541114295
6,34,1,2,1,181.33677873119035,-1.5657700518764335,-0.5649019525675409
6,35,0,2,1,153.06122927471836,-1.9014646570958402,-0.6663679920857718
6,36,2,2,3,-1.854459596569739,-2.0529514251836596,171.3810689644165
6,37,1,2,1,181.25544195245917,-1.5657700518764335,-0.5649019525675409
6,38,1,2,1,181.2741865105067,-1.5657700518764335,-0.5649019525675409
6,39,1,2,1,180.41349368693326,-1.5657700518764335,-0.5649019525675409
6,40,2,2,3,-1.854459596569739,-2.0529514251836596,172.00389794298124
6,41,1,2,1,180.63308019324634,-1.5657700518764335,-0.5649019525675409
6,42,1,2,1,180.09815807027684,-1.5657700518764335,-0.5649019525675409
6,43,2,2,3,-1.854459596569739,-2.0529514251836596,171.73189404503825
6,44,2,2,3,-1.854459596569739,-2.0529514251836596,171.4601621509932
6,45,2,2,3,-1.854459596569739,-2.0529514251836596,171.1887019888422
6,46,2,2,3,-1.854459596569739,-2.0529514251836596,170.91751328685336
6,47,2,2,3,-1.854459596569739,-2.0529514251836596,171.55547960712545
6,48,1,2,1,179.67233474435457,-1.5657700518764335,-0.5649019525675409
6,49,2,2,3,-1.854459596569739,-2.0529514251836596,171.99460388585405
6,50,2,1,2,-8.764726328312669,178.38812250689173,-0.623251280782349
6,51,2,2,3,-1.854459596569739,-2.0529514251836596,172.48270463695974
6,52,1,2,1,179.48088902897814,-1.5657700518764335,-0.5649019525675409
6,53,2,2,3,-1.854459596569739,-2.0529514251836596,172.21022193232278
6,54,2,2,3,-1.854459596569739,-2.0529514251836596,171.93801171039047
6,55,2,2,3,-1.854459596569739,-2.0529514251836596,172.30463466753372
6,56,2,1,2,-8.764726328312669,178.2074690882884,-0.623251280782349
6,57,2,2,3,-1.854459596569739,-2.0529514251836596,172.6167106405209
6,58,2,1,2,-8.764726328312669,178.17577653287114,-0.623251280782349
6,59,2,2,3,-1.854459596569739,-2.0529514251836596,172.89444145322304
6,60,2,1,2,-8.764726328312669,178.27474858345312,-0.623251280782349
6,61,2,2,3,-1.854459596569739,-2.0529514251836596,173.27360532176957
6,62,1,2,1,179.48688705293551,-1.5657700518764335,-0.5649019525675409
6,63,2,2,3,-1.854459596569739,-2.0529514251836596,173.61544660783323
6,64,1,2,1,186.59126004583908,-1.5657700518764335,-0.5649019525675409
6,65,0,2,1,156.2276410917846,-1.9014646570958402,-0.6663679920857718
6,66,1,2,1,186.50466878579323,-1.5657700518764335,-0.5649019525675409
6,67,1,2,1,185.70340201697576,-1.5657700518764335,-0.5649019525675409
6,68,2,1,2,-8.764726328312669,176.82818017772055,-0.623251280782349
6,69,1,0,1,73.49280264946115,8.926262106749988,17.78679373987269
6,70,2,0,2,-1.53565384476972,148.16164827306633,-0.6300840498404277
6,71,1,2,1,184.72099102945367,-1.5657700518764335,-0.5649019525675409
6,72,2,2,3,-1.854459596569739,-2.0529514251836596,174.44128005896582
6,73,1,2,1,184.25488176410263,-1.5657700518764335,-0.5649019525675409
6,74,2,1,2,-8.764726328312669,176.51504888578611,-0.623251280782349
6,75,2,2,3,-1.854459596569739,-2.0529514251836596,175.1383853477154
6,76,1,2,1,183.7680937371162,-1.5657700518764335,-0.5649019525675409
6,77,2,2,3,-1.854459596569739,-2.0529514251836596,174.9995366526367
6,78,2,1,2,-8.764726328312669,176.38849812581853,-0.623251280782349
6,79,2,2,3,-1.854459596569739,-2.0529514251836596,175.59262426734753
6,80,1,2,1,183.474954165872,-1.5657700518764335,-0.5649019525675409
6,81,2,2,3,-1.854459596569739,-2.0529514251836596,176.0973823030341
6,82,1,2,1,183.36109959728518,-1.5657700518764335,-0.5649019525675409
6,83,2,2,3,-1.854459596569739,-2.0529514251836596,176.54039293286192
6,84,1,2,1,190.39152610564332,-1.5657700518764335,-0.5649019525675409
6,85,0,2,1,158.08237588295947,-1.9014646570958402,-0.6663679920857718
6,86,2,2,3,-1.854459596569739,-2.0529514251836596,176.24881495403176
6,87,2,1,2,-8.764726328312669,176.49828099368582,-0.623251280782349
6,88,2,2,3,-1.854459596569739,-2.0529514251836596,175.9725661390777
6,89,2,2,3,-1.854459596569739,-2.0529514251836596,175.69659357293864
6,90,2,2,3,-1.854459596569739,-2.0529514251836596,176.87569530010347
6,91,1,2,1,188.96306732978923,-1.5657700518764335,-0.5649019525675409
6,92,2,2,3,-1.854459596569739,-2.0529514251836596,176.59881960480337
6,93,2,2,3,-1.854459596569739,-2.0529514251836596,176.32222078519857
6,94,2,2,3,-1.854459596569739,-2.0529514251836596,176.04589856441336
6,95,2,2,3,-1.854459596569739,-2.0529514251836596,175.76985266584896
6,96,2,2,3,-1.854459596569739,-2.0529514251836596,176.80021106491319
6,97,1,2,1,187.7699814922367,-1.5657700518764335,-0.5649019525675409
6,98,2,2,3,-1.854459596569739,-2.0529514251836596,176.49351977679677
6,99,2,1,2,-8.764726328312669,176.7213113522201,-0.623251280782349
6,100,2,2,3,-1.854459596569739,-2.0529514251836596,177.3333959668485
6,101,1,2,1,186.84898954373102,-1.5657700518764335,-0.5649019525675409
6,102,2,2,3,-1.854459596569739,-2.0529514251836596,177.05606257088166
6,103,2,2,3,-1.854459596569739,-2.0529514251836596,176.77900650831077
6,104,2,2,3,-1.854459596569739,-2.0529514251836596,176.50222750180245
6,105,2,2,3,-1.854459596569739,-2.0529514251836596,176.22572527430066
6,106,2,2,3,-1.854459596569739,-2.0529514251836596,177.00120271169996
6,107,1,2,1,186.08720965781623,-1.5657700518764335,-0.5649019525675409
6,108,2,2,3,-1.854459596569739,-2.0529514251836596,177.62371619665376
6,109,1,2,1,185.56323659550333,-1.5657700518764335,-0.5649019525675409
6,110,2,2,3,-1.854459596569739,-2.0529514251836596,178.1321049999432
6,111,1,2,1,185.24199133094737,-1.5657700518764335,-0.5649019525675409
6,112,2,2,3,-1.854459596569739,-2.0529514251836596,177.71430432381868
6,113,2,1,2,-8.764726328312669,177.14289634505616,-0.623251280782349
6,114,2,2,3,-1.854459596569739,-2.0529514251836596,177.38002062959737
6,115,2,1,2,-8.764726328312669,177.58922875288067,-0.623251280782349
6,116,2,2,3,-1.854459596569739,-2.0529514251836596,177.88097570840142
6,117,1,2,1,185.02800879298437,-1.5657700518764335,-0.5649019525675409
6,118,2,2,3,-1.854459596569739,-2.0529514251836596,177.57421178409646
6,119,2,1,2,-8.764726328312669,178.11015284421816,-0.623251280782349
6,120,2,2,3,-1.854459596569739,-2.0529514251836596,178.03456347619226
6,121,1,2,1,184.95062969782896,-1.5657700518764335,-0.5649019525675409
6,122,2,2,3,-1.854459596569739,-2.0529514251836596,178.4412194686581
6,123,1,2,1,192.00572194045904,-1.5657700518764335,-0.5649019525675409
6,124,0,2,1,159.90704342624113,-1.9014646570958402,-0.6663679920857718
6,125,2,1,2,-8.764726328312669,180.1077040319018,-0.623251280782349
6,126,1,2,1,190.7358124455714,-1.5657700518764335,-0.5649019525675409
6,127,2,1,2,-8.764726328312669,179.27272109100826,-0.623251280782349
6,128,1,0,1,81.0115255635486,8.926262106749988,17.78679373987269
6,129,2,0,2,-1.53565384476972,152.22832887787126,-0.6300840498404277
6,130,1,2,1,189.62791192841144,-1.5657700518764335,-0.5649019525675409
6,131,2,2,3,-1.854459596569739,-2.0529514251836596,179.27026080270502
6,132,1,2,1,189.83828401648302,-1.5657700518764335,-0.5649019525675409
6,133,1,2,1,190.14844573246654,-1.5657700518764335,-0.5649019525675409
6,134,1,2,1,189.4816005472297,-1.5657700518764335,-0.5649019525675409
6,135,2,1,2,-8.764726328312669,179.19320480137523,-0.623251280782349
6,136,2,2,3,-1.854459596569739,-2.0529514251836596,178.9909905419023
6,137,2,2,3,-1.854459596569739,-2.0529514251836596,178.7119995513604
6,138,2,2,3,-1.854459596569739,-2.0529514251836596,179.4994780504001
6,139,1,2,1,189.00388881949635,-1.5657700518764335,-0.5649019525675409
6,140,2,2,3,-1.854459596569739,-2.0529514251836596,180.16091523849025
6,141,1,2,1,188.73943054615725,-1.5657700518764335,-0.5649019525675409
6,142,2,2,3,-1.854459596569739,-2.0529514251836596,179.88075432325175
6,143,2,2,3,-1.854459596569739,-2.0529514251836596,179.6008735689285
6,144,2,2,3,-1.854459596569739,-2.0529514251836596,179.2809134873718
6,145,2,1,2,-8.764726328312669,179.22269475648753,-0.623251280782349
6,146,2,2,3,-1.854459596569739,-2.0529514251836596,178.99586891952688
6,147,2,1,2,-8.764726328312669,179.32101630387194,-0.623251280782349
6,148,2,2,3,-1.854459596569739,-2.0529514251836596,178.74906264165753
6,149,2,1,2,-8.764726328312669,179.48507187500886,-0.623251280782349
6,150,2,2,3,-1.854459596569739,-2.0529514251836596,178.47031357901588
6,151,2,2,3,-1.854459596569739,-2.0529514251836596,178.19184326543686
6,152,2,2,3,-1.854459596569739,-2.0529514251836596,178.04168105451905
6,153,2,1,2,-8.764726328312669,179.66269111190536,-0.623251280782349
6,154,2,2,3,-1.854459596569739,-2.0529514251836596,177.7636393734645
6,155,2,2,3,-1.854459596569739,-2.0529514251836596,177.48587573409105
6,156,2,2,3,-1.854459596569739,-2.0529514251836596,177.20838985835695
6,157,2,2,3,-1.854459596569739,-2.0529514251836596,176.9311814684986
6,158,2,2,3,-1.854459596569739,-2.0529514251836596,176.6542502870301
6,159,2,2,3,-1.854459596569739,-2.0529514251836596,176.37759603674306
6,160,2,2,3,-1.854459596569739,-2.0529514251836596,176.4264428531474
6,161,2,1,2,-8.764726328312669,179.76263984317643,-0.623251280782349
6,162,2,2,3,-1.854459596569739,-2.0529514251836596,176.15001641029426
6,163,2,2,3,-1.854459596569739,-2.0529514251836596,175.87386639388396
6,164,2,2,3,-1.854459596569739,-2.0529514251836596,176.87168337856514
6,165,1,2,1,195.5962847907394,-1.5657700518764335,-0.5649019525675409
6,166,0,2,1,163.28037127790023,-1.9014646570958402,-0.6663679920857718
6,167,1,2,1,195.50068850594866,-1.5657700518764335,-0.5649019525675409
6,168,1,2,1,195.5051878174427,-1.5657700518764335,-0.5649019525675409
6,169,1,2,1,195.60968262962527,-1.5657700518764335,-0.5649019525675409
6,170,1,2,1,195.81407294699565,-1.5657700518764335,-0.5649019525675409
6,171,1,2,1,196.11825887404865,-1.5657700518764335,-0.5649019525675409
6,172,1,2,1,194.90293433111825,-1.5657700518764335,-0.5649019525675409
6,173,2,1,2,-8.764726328312669,181.7817663576395,-0.623251280782349
6,174,1,2,1,193.62293755248436,-1.5657700518764335,-0.5649019525675409
6,175,2,2,3,-1.854459596569739,-2.0529514251836596,178.25318585840458
6,176,1,2,1,192.70770919721798,-1.5657700518764335,-0.5649019525675409
6,177,2,2,3,-1.854459596569739,-2.0529514251836596,179.4059304830887
6,178,1,2,1,199.5016950340083,-1.5657700518764335,-0.5649019525675409
6,179,0,2,1,164.713521267936,-1.9014646570958402,-0.6663679920857718
6,180,2,2,3,-1.854459596569739,-2.0529514251836596,179.12652455260562
6,181,2,2,3,-1.854459596569739,-2.0529514251836596,180.86453990571187
6,182,1,2,1,197.6479204000138,-1.5657700518764335,-0.5649019525675409
6,183,2,1,2,-8.764726328312669,183.9707338414769,-0.623251280782349
6,184,1,2,1,196.29623101031862,-1.5657700518764335,-0.5649019525675409
6,185,2,1,2,-8.764726328312669,190.54426501623848,-0.623251280782349
6,186,2,0,2,-1.53565384476972,154.91108544074962,-0.6300840498404277
6,187,2,2,3,-1.854459596569739,-2.0529514251836596,181.54196815174828
6,188,2,1,2,-8.764726328312669,189.5624933616377,-0.623251280782349
6,189,2,2,3,-1.854459596569739,-2.0529514251836596,181.26042618359654
6,190,2,2,3,-1.854459596569739,-2.0529514251836596,180.97916575741294
6,191,2,2,3,-1.854459596569739,-2.0529514251836596,180.69818659165554
6,192,2,2,3,-1.854459596569739,-2.0529514251836596,181.96169480251154
6,193,1,2,1,194.9808156947354,-1.5657700518764335,-0.5649019525675409
6,194,2,2,3,-1.854459596569739,-2.0529514251836596,182.9686260760392
6,195,1,2,1,193.99662810678976,-1.5657700518764335,-0.5649019525675409
6,196,2,2,3,-1.854459596569739,-2.0529514251836596,182.68565744996314
6,197,2,2,3,-1.854459596569739,-2.0529514251836596,182.40297179251317
6,198,2,2,3,-1.854459596569739,-2.0529514251836596,182.12056882072065
6,199,2,2,3,-1.854459596569739,-2.0529514251836596,181.83844825189993
6,200,2,2,3,-1.854459596569739,-2.0529514251836596,182.32129026951208
6,201,2,1,2,-8.764726328312669,188.85605176215563,-0.623251280782349
6,202,2,2,3,-1.854459596569739,-2.0529514251836596,182.03896897924255
6,203,2,2,3,-1.854459596569739,-2.0529514251836596,181.75693001026332
6,204,2,2,3,-1.854459596569739,-2.0529514251836596,181.47517308025306
6,205,2,2,3,-1.854459596569739,-2.0529514251836596,181.1936979071728
6,206,2,2,3,-1.854459596569739,-2.0529514251836596,180.91250420926562
6,207,2,2,3,-1.854459596569739,-2.0529514251836596,180.63159170505637
6,208,2,2,3,-1.854459596569739,-2.0529514251836596,180.3509601133513
6,209,2,2,3,-1.854459596569739,-2.0529514251836596,180.07060915323797
6,210,2,2,3,-1.854459596569739,-2.0529514251836596,179.79053854408474
6,211,2,2,3,-1.854459596569739,-2.0529514251836596,179.51074800554065
6,212,2,2,3,-1.854459596569739,-2.0529514251836596,180.66533938755876
6,213,1,2,1,192.9828338954791,-1.5657700518764335,-0.5649019525675409
6,214,2,2,3,-1.854459596569739,-2.0529514251836596,180.3846740481712
6,215,2,2,3,-1.854459596569739,-2.0529514251836596,180.10428937412303
6,216,2,2,3,-1.854459596569739,-2.0529514251836596,180.69060956116414
6,217,2,1,2,-8.764726328312669,188.1588169324953,-0.623251280782349
6,218,2,2,3,-1.854459596569739,-2.0529514251836596,181.62684916070015
6,219,1,2,1,192.2656085728405,-1.5657700518764335,-0.5649019525675409
6,220,2,2,3,-1.854459596569739,-2.0529514251836596,181.99188712094718
6,221,2,1,2,-8.764726328312669,187.76013206421956,-0.623251280782349
6,222,2,2,3,-1.854459596569739,-2.0529514251836596,182.2809514832102
6,223,2,1,2,-8.764726328312669,187.52993305463542,-0.623251280782349
6,224,2,2,3,-1.854459596569739,-2.0529514251836596,181.998670531727
6,225,2,2,3,-1.854459596569739,-2.0529514251836596,181.71667186119527
6,226,2,2,3,-1.854459596569739,-2.0529514251836596,181.43495518933406
6,227,2,2,3,-1.854459596569739,-2.0529514251836596,181.15352023414474
6,228,2,2,3,-1.854459596569739,-2.0529514251836596,180.8723667139106
6,229,2,2,3,-1.854459596569739,-2.0529514251836596,180.5914943471967
6,230,2,2,3,-1.854459596569739,-2.0529514251836596,181.46664016118822
6,231,1,2,1,191.70424509151408,-1.5657700518764335,-0.5649019525675409
6,232,2,2,3,-1.854459596569739,-2.0529514251836596,181.18517352102702
6,233,2,2,3,-1.854459596569739,-2.0529514251836596,180.903988347506
6,234,2,2,3,-1.854459596569739,-2.0529514251836596,181.69230977681528
6,235,1,2,1,191.3213592502674,-1.5657700518764335,-0.5649019525675409
6,236,2,2,3,-1.854459596569739,-2.0529514251836596,181.98854217154266
6,237,2,1,2,-8.764726328312669,187.3938054241546,-0.623251280782349
6,238,2,2,3,-1.854459596569739,-2.0529514251836596,182.63050252016487
6,239,1,2,1,198.39586193076633,-1.5657700518764335,-0.5649019525675409
6,240,0,2,1,166.3225888906387,-1.9014646570958402,-0.6663679920857718
6,241,2,2,3,-1.854459596569739,-2.0529514251836596,183.90864259929424
6,242,1,2,1,196.86323135501982,-1.5657700518764335,-0.5649019525675409
6,243,2,2,3,-1.854459596569739,-2.0529514251836596,184.90723824351178
6,244,1,2,1,196.8663681236648,-1.5657700518764335,-0.5649019525675409
6,245,1,2,1,196.96950175554116,-1.5657700518764335,-0.5649019525675409
6,246,1,2,1,197.17253225378562,-1.5657700518764335,-0.5649019525675409
6,247,1,2,1,197.47535972153185,-1.5657700518764335,-0.5649019525675409
6,248,1,2,1,196.87981048636996,-1.5657700518764335,-0.5649019525675409
6,249,2,1,2,-8.764726328312669,188.84552611988977,-0.623251280782349
6,250,1,2,1,196.19764602384063,-1.5657700518764335,-0.5649019525675409
6,251,2,2,3,-1.854459596569739,-2.0529514251836596,185.74008137552082
6,252,1,2,1,196.8014483778168,-1.5657700518764335,-0.5649019525675409
6,253,1,2,1,203.48723984020836,-1.5657700518764335,-0.5649019525675409
6,254,0,2,1,168.0785980577514,-1.9014646570958402,-0.6663679920857718
6,255,2,2,3,-1.854459596569739,-2.0529514251836596,187.21130998214937
6,256,1,2,1,201.77243554442032,-1.5657700518764335,-0.5649019525675409
6,257,2,2,3,-1.854459596569739,-2.0529514251836596,188.36565010283203
6,258,1,2,1,200.49089907584738,-1.5657700518764335,-0.5649019525675409
6,259,2,1,2,-8.764726328312669,190.60957251640968,-0.623251280782349
6,260,1,2,1,199.6121568473872,-1.5657700518764335,-0.5649019525675409
6,261,2,1,2,-8.764726328312669,189.46875629556004,-0.623251280782349
6,262,1,0,1,88.64657046582795,8.926262106749988,17.78679373987269
6,263,2,0,2,-1.53565384476972,159.181580424566,-0.6300840498404277
6,264,1,2,1,199.91254469053982,-1.5657700518764335,-0.5649019525675409
6,265,1,2,1,200.31263214584928,-1.5657700518764335,-0.5649019525675409
6,266,1,2,1,199.6295682914447,-1.5657700518764335,-0.5649019525675409
6,267,2,2,3,-1.854459596569739,-2.0529514251836596,189.19241235340186
6,268,1,2,1,199.19666028528704,-1.5657700518764335,-0.5649019525675409
6,269,2,2,3,-1.854459596569739,-2.0529514251836596,188.9305779913221
6,270,2,1,2,-8.764726328312669,189.32600788714493,-0.623251280782349
6,271,2,2,3,-1.854459596569739,-2.0529514251836596,188.68079497301724
6,272,2,1,2,-8.764726328312669,189.27280580075913,-0.623251280782349
6,273,2,2,3,-1.854459596569739,-2.0529514251836596,188.45072324999066
6,274,2,1,2,-8.764726328312669,189.3021468224323,-0.623251280782349
6,275,2,2,3,-1.854459596569739,-2.0529514251836596,188.2465634604124
6,276,2,1,2,-8.764726328312669,189.51284467560987,-0.623251280782349
6,277,2,1,2,-8.764726328312669,189.82333183093425,-0.623251280782349
6,278,2,1,2,-8.764726328312669,191.16146801608426,-0.623251280782349
6,279,1,2,1,205.8167754644757,-1.5657700518764335,-0.5649019525675409
6,280,0,2,1,171.64659902295935,-1.9014646570958402,-0.6663679920857718
6,281,1,2,1,205.71095868901125,-1.5657700518764335,-0.5649019525675409
6,282,1,2,1,204.26484815370247,-1.5657700518764335,-0.5649019525675409
6,283,2,1,2,-8.764726328312669,192.96754118169238,-0.623251280782349
6,284,1,2,1,204.36058330554877,-1.5657700518764335,-0.5649019525675409
6,285,1,2,1,204.55622272224323,-1.5657700518764335,-0.5649019525675409
6,286,1,2,1,203.70438702700645,-1.5657700518764335,-0.5649019525675409
6,287,2,1,2,-8.764726328312669,194.63752137919678,-0.623251280782349
6,288,1,2,1,204.10068263997945,-1.5657700518764335,-0.5649019525675409
6,289,1,2,1,203.659728992522,-1.5657700518764335,-0.5649019525675409
6,290,2,1,2,-8.764726328312669,200.83274570330914,-0.623251280782349
6,291,2,0,2,-1.53565384476972,161.89983216469022,-0.6300840498404277
6,292,2,2,3,-1.854459596569739,-2.0529514251836596,187.958316896952
6,293,2,2,3,-1.854459596569739,-2.0529514251836596,187.67035858005505
6,294,2,2,3,-1.854459596569739,-2.0529514251836596,187.382688221475
6,295,2,2,3,-1.854459596569739,-2.0529514251836596,187.09530553325354
6,296,2,2,3,-1.854459596569739,-2.0529514251836596,188.16821680455578
6,297,2,1,2,-8.764726328312669,199.47812459662924,-0.623251280782349
6,298,2,2,3,-1.854459596569739,-2.0529514251836596,187.88004858775122
6,299,2,2,3,-1.854459596569739,-2.0529514251836596,187.59216853916348
6,300,2,2,3,-1.854459596569739,-2.0529514251836596,188.8952648555068
6,301,1,2,1,202.79438731396496,-1.5657700518764335,-0.5649019525675409
6,302,2,2,3,-1.854459596569739,-2.0529514251836596,188.6063695906513
6,303,2,2,3,-1.854459596569739,-2.0529514251836596,188.31776322106066
6,304,2,2,3,-1.854459596569739,-2.0529514251836596,189.1343212340209
6,305,2,1,2,-8.764726328312669,198.4546099391344,-0.623251280782349
6,306,2,2,3,-1.854459596569739,-2.0529514251836596,190.19753345470133
6,307,1,2,1,209.40796188584144,-1.5657700518764335,-0.5649019525675409
6,308,0,2,1,175.2133273473617,-1.9014646570958402,-0.6663679920857718
6,309,1,2,1,209.2985539239556,-1.5657700518764335,-0.5649019525675409
6,310,1,2,1,207.39825434357547,-1.5657700518764335,-0.5649019525675409
6,311,2,2,3,-1.854459596569739,-2.0529514251836596,191.61020728924518
6,312,1,2,1,206.60543529319224,-1.5657700518764335,-0.5649019525675409
6,313,2,1,2,-8.764726328312669,199.36308703924698,-0.623251280782349
6,314,1,2,1,205.3143022855083,-1.5657700518764335,-0.5649019525675409
6,315,2,2,3,-1.854459596569739,-2.0529514251836596,192.675302486586
6,316,1,2,1,204.35772700312947,-1.5657700518764335,-0.5649019525675409
6,317,2,2,3,-1.854459596569739,-2.0529514251836596,192.38262718409942
6,318,2,2,3,-1.854459596569739,-2.0529514251836596,192.78131008257492
6,319,2,1,2,-8.764726328312669,198.9121280334972,-0.623251280782349
6,320,2,2,3,-1.854459596569739,-2.0529514251836596,193.09547974963365
6,321,2,1,2,-8.764726328312669,198.6373677253612,-0.623251280782349
6,322,2,2,3,-1.854459596569739,-2.0529514251836596,193.35103117948105
6,323,2,1,2,-8.764726328312669,198.5153830395937,-0.623251280782349
6,324,2,2,3,-1.854459596569739,-2.0529514251836596,193.56895098245272
6,325,2,1,2,-8.764726328312669,198.52717088289714,-0.623251280782349
6,326,2,2,3,-1.854459596569739,-2.0529514251836596,193.76624580161428
6,327,2,1,2,-8.764726328312669,198.65731212896725,-0.623251280782349
6,328,2,2,3,-1.854459596569739,-2.0529514251836596,193.47247955581267
6,329,2,2,3,-1.854459596569739,-2.0529514251836596,193.17900707625685
6,330,2,2,3,-1.854459596569739,-2.0529514251836596,193.42818026939892
6,331,2,1,2,-8.764726328312669,204.71966430037486,-0.623251280782349
6,332,2,0,2,-1.53565384476972,165.941263921531,-0.6300840498404277
6,333,1,2,1,204.78920106855364,-1.5657700518764335,-0.5649019525675409
6,334,2,1,2,-8.764726328312669,203.49708771700787,-0.623251280782349
6,335,2,2,3,-1.854459596569739,-2.0529514251836596,194.1315739264428
6,336,2,1,2,-8.764726328312669,203.49359062929085,-0.623251280782349
6,337,2,1,2,-8.764726328312669,203.59009703866155,-0.623251280782349
6,338,2,1,2,-8.764726328312669,203.7865069416229,-0.623251280782349
6,339,2,1,2,-8.764726328312669,203.12688206617844,-0.623251280782349
6,340,2,2,3,-1.854459596569739,-2.0529514251836596,193.83744235251635
6,341,2,2,3,-1.854459596569739,-2.0529514251836596,193.54360491016382
6,342,2,2,3,-1.854459596569739,-2.0529514251836596,194.36337532493425
6,343,1,2,1,204.25225511886677,-1.5657700518764335,-0.5649019525675409
6,344,2,2,3,-1.854459596569739,-2.0529514251836596,194.93659911699248
6,345,2,1,2,-8.764726328312669,202.71291717214285,-0.623251280782349
6,346,2,2,3,-1.854459596569739,-2.0529514251836596,194.6416625178755
6,347,2,2,3,-1.854459596569739,-2.0529514251836596,194.3470208553576
6,348,2,2,3,-1.854459596569739,-2.0529514251836596,194.05267383450226
6,349,2,2,3,-1.854459596569739,-2.0529514251836596,193.75862116066776
6,350,2,2,3,-1.854459596569739,-2.0529514251836596,194.50373230136879
6,351,1,2,1,203.8828991048156,-1.5657700518764335,-0.5649019525675409
6,352,2,2,3,-1.854459596569739,-2.0529514251836596,195.13776608260866
6,353,1,2,1,210.74072860172285,-1.5657700518764335,-0.5649019525675409
6,354,0,2,1,177.76057341266767,-1.9014646570958402,-0.6663679920857718
6,355,2,1,2,-8.764726328312669,204.00495758649913,-0.623251280782349
6,356,1,2,1,209.08529458372882,-1.5657700518764335,-0.5649019525675409
6,357,2,2,3,-1.854459596569739,-2.0529514251836596,196.22343363813695
6,358,1,2,1,207.8028850555315,-1.5657700518764335,-0.5649019525675409
6,359,2,2,3,-1.854459596569739,-2.0529514251836596,197.07357589482086
6,360,1,2,1,206.83288056356562,-1.5657700518764335,-0.5649019525675409
6,361,2,2,3,-1.854459596569739,-2.0529514251836596,196.77650231892605
6,362,2,2,3,-1.854459596569739,-2.0529514251836596,197.19534288809686
6,363,2,1,2,-8.764726328312669,203.92680077377082,-0.623251280782349
6,364,2,2,3,-1.854459596569739,-2.0529514251836596,197.5645618758905
6,365,2,1,2,-8.764726328312669,209.8623058246253,-0.623251280782349
6,366,2,0,2,-1.53565384476972,170.1235058060158,-0.6300840498404277
6,367,2,1,2,-8.764726328312669,209.75244351880067,-0.623251280782349
6,368,2,1,2,-8.764726328312669,208.53609079263376,-0.623251280782349
6,369,2,2,3,-1.854459596569739,-2.0529514251836596,198.3531786767722
6,370,2,1,2,-8.764726328312669,207.61944640237084,-0.623251280782349
6,371,2,2,3,-1.854459596569739,-2.0529514251836596,198.05482549809543
6,372,2,2,3,-1.854459596569739,-2.0529514251836596,198.7036681421206
6,373,2,1,2,-8.764726328312669,206.9291649082037,-0.623251280782349
6,374,2,2,3,-1.854459596569739,-2.0529514251836596,199.20975650370153
6,375,1,2,1,206.2713584010755,-1.5657700518764335,-0.5649019525675409
6,376,2,2,3,-1.854459596569739,-2.0529514251836596,199.60964533503784
6,377,1,2,1,205.9055774491367,-1.5657700518764335,-0.5649019525675409
6,378,2,2,3,-1.854459596569739,-2.0529514251836596,199.3100356897028
6,379,2,2,3,-1.854459596569739,-2.0529514251836596,199.0107256540131
6,380,2,2,3,-1.854459596569739,-2.0529514251836596,198.71171492835907
6,381,2,2,3,-1.854459596569739,-2.0529514251836596,198.41300321343073
6,382,2,2,3,-1.854459596569739,-2.0529514251836596,198.9576902179998
6,383,2,1,2,-8.764726328312669,206.4330597489653,-0.623251280782349
6,384,2,2,3,-1.854459596569739,-2.0529514251836596,198.6587325277818
6,385,2,2,3,-1.854459596569739,-2.0529514251836596,198.36007379525404
6,386,2,2,3,-1.854459596569739,-2.0529514251836596,198.06171372145877
6,387,2,2,3,-1.854459596569739,-2.0529514251836596,197.7636520077373
6,388,2,2,3,-1.854459596569739,-2.0529514251836596,198.32415972211115
6,389,2,1,2,-8.764726328312669,206.02384558655777,-0.623251280782349
6,390,2,2,3,-1.854459596569739,-2.0529514251836596,198.78810446296924
6,391,2,1,2,-8.764726328312669,205.80148336973593,-0.623251280782349
6,392,2,2,3,-1.854459596569739,-2.0529514251836596,199.18364087027618
6,393,2,1,2,-8.764726328312669,205.7405154789197,-0.623251280782349
6,394,2,2,3,-1.854459596569739,-2.0529514251836596,199.5335878156616
6,395,2,1,2,-8.764726328312669,211.90869100582327,-0.623251280782349
6,396,2,0,2,-1.53565384476972,173.49580739287876,-0.6300840498404277
6,397,1,2,1,206.89398011379953,-1.5657700518764335,-0.5649019525675409
6,398,2,1,2,-8.764726328312669,211.3003259365071,-0.623251280782349
6,399,1,2,1,207.82331437013377,-1.5657700518764335,-0.5649019525675409
6,400,2,1,2,-8.764726328312669,210.94480146549964,-0.623251280782349
6,401,1,2,1,208.72451827820487,-1.5657700518764335,-0.5649019525675409
6,402,2,1,2,-8.764726328312669,210.81404862849195,-0.623251280782349
6,403,1,2,1,205.1003020269076,-1.5657700518764335,-0.5649019525675409
6,404,0,1,2,2.7914631950699156,84.80043837261073,3.2914969809938084
6,405,0,2,1,180.8551068856216,-1.9014646570958402,-0.6663679920857718
6,406,2,1,2,-8.764726328312669,211.10323457986345,-0.623251280782349
6,407,2,1,2,-8.764726328312669,210.89784102254097,-0.623251280782349
6,408,1,2,1,205.5691580854484,-1.5657700518764335,-0.5649019525675409
6,409,2,1,2,-8.764726328312669,210.26188211403738,-0.623251280782349
6,410,2,2,3,-1.854459596569739,-2.0529514251836596,199.83157568455482
6,411,1,2,1,204.9955682696745,-1.5657700518764335,-0.5649019525675409
6,412,2,2,3,-1.854459596569739,-2.0529514251836596,199.53174410887027
6,413,2,2,3,-1.854459596569739,-2.0529514251836596,199.2322123647614
6,414,2,2,3,-1.854459596569739,-2.0529514251836596,199.50355238698305
6,415,1,2,1,204.54686312901836,-1.5657700518764335,-0.5649019525675409
6,416,2,2,3,-1.854459596569739,-2.0529514251836596,199.20404883459605
6,417,2,2,3,-1.854459596569739,-2.0529514251836596,198.90484478576144
6,418,2,2,3,-1.854459596569739,-2.0529514251836596,198.60593994097567
6,419,2,2,3,-1.854459596569739,-2.0529514251836596,198.3073340010347
6,420,2,2,3,-1.854459596569739,-2.0529514251836596,199.19252693022094
6,421,2,1,2,-8.764726328312669,209.7557540687255,-0.623251280782349
6,422,2,2,3,-1.854459596569739,-2.0529514251836596,198.8933344032907
6,423,2,2,3,-1.854459596569739,-2.0529514251836596,198.59444106888742
6,424,2,2,3,-1.854459596569739,-2.0529514251836596,198.29584662781852
6,425,2,2,3,-1.854459596569739,-2.0529514251836596,197.9975507811907
6,426,2,2,3,-1.854459596569739,-2.0529514251836596,197.69955323040952
6,427,2,2,3,-1.854459596569739,-2.0529514251836596,197.4018536771791
6,428,2,2,3,-1.854459596569739,-2.0529514251836596,197.10445182350193
6,429,2,2,3,-1.854459596569739,-2.0529514251836596,196.80734737167842
6,430,2,2,3,-1.854459596569739,-2.0529514251836596,196.51054002430675
6,431,2,2,3,-1.854459596569739,-2.0529514251836596,196.21402948428243
6,432,2,2,3,-1.854459596569739,-2.0529514251836596,196.74276598562702
6,433,1,2,1,203.9697106486936,-1.5657700518764335,-0.5649019525675409
6,434,2,2,3,-1.854459596569739,-2.0529514251836596,196.4460232196414
6,435,2,2,3,-1.854459596569739,-2.0529514251836596,196.14957719642177
6,436,2,2,3,-1.854459596569739,-2.0529514251836596,197.20043912958343
6,437,2,1,2,-8.764726328312669,215.85626359374794,-0.623251280782349
6,438,2,0,2,-1.53565384476972,177.51599674937194,-0.6300840498404277
6,439,2,1,2,-8.764726328312669,215.7404073301542,-0.623251280782349
6,440,2,1,2,-8.764726328312669,215.72466692282404,-0.623251280782349
6,441,2,1,2,-8.764726328312669,215.80894225590123,-0.623251280782349
6,442,2,1,2,-8.764726328312669,215.99313331364533,-0.623251280782349
6,443,2,1,2,-8.764726328312669,216.27714018033168,-0.623251280782349
6,444,2,1,2,-8.764726328312669,216.66086304015136,-0.623251280782349
6,445,2,1,2,-8.764726328312669,217.1442021771112,-0.623251280782349
6,446,2,1,2,-8.764726328312669,217.7270579749341,-0.623251280782349
6,447,2,1,2,-8.764726328312669,223.42843585562852,-0.623251280782349
6,448,2,0,2,-1.53565384476972,179.9573984286554,-0.6300840498404277
6,449,1,2,1,206.19215473353145,-1.5657700518764335,-0.5649019525675409
6,450,2,1,2,-8.764726328312669,223.3050074197729,-0.623251280782349
6,451,2,1,2,-8.764726328312669,223.28170241235313,-0.623251280782349
6,452,2,1,2,-8.764726328312669,223.3584207099408,-0.623251280782349
6,453,2,1,2,-8.764726328312669,223.53506228923084,-0.623251280782349
6,454,2,1,2,-8.764726328312669,221.2043995341365,-0.623251280782349
6,455,2,2,3,-1.854459596569739,-2.0529514251836596,199.2796307705046
6,456,2,1,2,-8.764726328312669,220.09698289934246,-0.623251280782349
6,457,1,2,1,205.90162270645826,-1.5657700518764335,-0.5649019525675409
6,458,2,2,3,-1.854459596569739,-2.0529514251836596,199.6359283413935
6,459,1,2,1,205.7754173416104,-1.5657700518764335,-0.5649019525675409
6,460,2,2,3,-1.854459596569739,-2.0529514251836596,201.36193681428907
6,461,2,1,2,-8.764726328312669,218.72211635402283,-0.623251280782349
6,462,2,2,3,-1.854459596569739,-2.0529514251836596,202.77923265190842
6,463,2,1,2,-8.764726328312669,217.72504875115948,-0.623251280782349
6,464,2,2,3,-1.854459596569739,-2.0529514251836596,202.4764534192565
6,465,2,2,3,-1.854459596569739,-2.0529514251836596,202.17397696583726
6,466,2,2,3,-1.854459596569739,-2.0529514251836596,202.22834558607295
6,467,1,2,1,206.01848182047058,-1.5657700518764335,-0.5649019525675409
6,468,2,2,3,-1.854459596569739,-2.0529514251836596,202.30134072769224
6,469,1,2,1,213.22128922010006,-1.5657700518764335,-0.5649019525675409
6,470,0,2,1,184.32437602342424,-1.9014646570958402,-0.6663679920857718
6,471,2,1,2,-8.764726328312669,214.6285543521605,-0.623251280782349
6,472,1,0,1,97.69769586368204,8.926262106749988,17.78679373987269
6,473,2,0,2,-1.53565384476972,183.07056621857978,-0.6300840498404277
6,474,1,2,1,213.34738717895394,-1.5657700518764335,-0.5649019525675409
6,475,2,1,2,-8.764726328312669,214.51392579780835,-0.623251280782349
6,476,2,1,2,-8.764726328312669,214.38392454874395,-0.623251280782349
6,477,1,2,1,212.34048119310006,-1.5657700518764335,-0.5649019525675409
6,478,2,2,3,-1.854459596569739,-2.0529514251836596,201.99903938696454
6,479,2,2,3,-1.854459596569739,-2.0529514251836596,201.69704034757757
6,480,2,2,3,-1.854459596569739,-2.0529514251836596,201.39534330723
6,481,2,2,3,-1.854459596569739,-2.0529514251836596,201.09394796392277
6,482,2,2,3,-1.854459596569739,-2.0529514251836596,202.10856169785615
6,483,2,1,2,-8.764726328312669,213.2542797019573,-0.623251280782349
6,484,2,2,3,-1.854459596569739,-2.0529514251836596,202.81941316618745
6,485,1,2,1,211.58555497724262,-1.5657700518764335,-0.5649019525675409
6,486,2,2,3,-1.854459596569739,-2.0529514251836596,203.38444179231573
6,487,1,2,1,211.0620592169576,-1.5657700518764335,-0.5649019525675409
6,488,2,2,3,-1.854459596569739,-2.0529514251836596,203.84114147556295
6,489,1,2,1,210.73612630134258,-1.5657700518764335,-0.5649019525675409
6,490,2,2,3,-1.854459596569739,-2.0529514251836596,203.53730033408738
6,491,2,2,3,-1.854459596569739,-2.0529514251836596,203.2337630337533
6,492,2,2,3,-1.854459596569739,-2.0529514251836596,202.93052927071955
6,493,2,2,3,-1.854459596569739,-2.0529514251836596,202.62759874144882
6,494,2,2,3,-1.854459596569739,-2.0529514251836596,202.32497114270737
6,495,2,2,3,-1.854459596569739,-2.0529514251836596,202.02264617156467
6,496,2,2,3,-1.854459596569739,-2.0529514251836596,201.7206235253931
6,497,2,2,3,-1.854459596569739,-2.0529514251836596,201.4189029018677
6,498,2,2,3,-1.854459596569739,-2.0529514251836596,202.2891863021747
6,499,2,1,2,-8.764726328312669,212.35548117567686,-0.623251280782349
6,500,2,2,3,-1.854459596569739,-2.0529514251836596,202.98346030834924
6,501,2,1,2,-8.764726328312669,211.71529562863574,-0.623251280782349
6,502,2,2,3,-1.854459596569739,-2.0529514251836596,203.54492854474924
6,503,2,1,2,-8.764726328312669,211.29471399170234,-0.623251280782349
6,504,2,2,3,-1.854459596569739,-2.0529514251836596,203.2413836162045
6,505,2,2,3,-1.854459596569739,-2.0529514251836596,202.9381422325883
6,506,2,2,3,-1.854459596569739,-2.0529514251836596,203.462504694508
6,507,2,1,2,-8.764726328312669,211.0080305572884,-0.623251280782349
6,508,2,2,3,-1.854459596569739,-2.0529514251836596,203.87913072889012
6,509,1,2,1,210.54654761336843,-1.5657700518764335,-0.5649019525675409
6,510,2,2,3,-1.854459596569739,-2.0529514251836596,203.57525159816123
6,511,2,2,3,-1.854459596569739,-2.0529514251836596,203.27167634656308
6,512,2,2,3,-1.854459596569739,-2.0529514251836596,202.96840467021653
6,513,2,2,3,-1.854459596569739,-2.0529514251836596,202.6654362655463
6,514,2,2,3,-1.854459596569739,-2.0529514251836596,202.36277082928075
6,515,2,2,3,-1.854459596569739,-2.0529514251836596,202.06040805845146
6,516,2,2,3,-1.854459596569739,-2.0529514251836596,202.64416227777787
6,517,2,1,2,-8.764726328312669,210.76899956705958,-0.623251280782349
6,518,2,2,3,-1.854459596569739,-2.0529514251836596,202.3415181155001
6,519,2,2,3,-1.854459596569739,-2.0529514251836596,202.0391765973846
6,520,2,2,3,-1.854459596569739,-2.0529514251836596,202.60138989478503
6,521,2,1,2,-8.764726328312669,217.71608566599303,-0.623251280782349
6,522,2,0,2,-1.53565384476972,185.60761781044528,-0.6300840498404277
6,523,1,2,1,211.8457853329649,-1.5657700518764335,-0.5649019525675409
6,524,2,1,2,-8.764726328312669,217.59836958032705,-0.623251280782349
6,525,2,1,2,-8.764726328312669,217.58077121074672,-0.623251280782349
6,526,2,1,2,-8.764726328312669,217.09542683763556,-0.623251280782349
6,527,1,2,1,208.95645019855687,-1.5657700518764335,-0.5649019525675409
6,528,0,1,2,2.7914631950699156,85.11563793423812,3.2914969809938084
6,529,0,1,2,2.7914631950699156,85.53052229630389,3.2914969809938084
6,530,0,1,2,2.7914631950699156,95.82558329299249,3.2914969809938084
6,531,0,2,1,187.38438567800773,-1.9014646570958402,-0.6663679920857718
6,532,2,1,2,-8.764726328312669,216.14342175345573,-0.623251280782349
6,533,2,2,3,-1.854459596569739,-2.0529514251836596,203.63944965889866
6,534,2,1,2,-8.764726328312669,215.48938509434112,-0.623251280782349
6,535,2,2,3,-1.854459596569739,-2.0529514251836596,204.50895381734856
6,536,2,1,2,-8.764726328312669,222.2156007481411,-0.623251280782349
6,537,2,0,2,-1.53565384476972,189.0462005034667,-0.6300840498404277
6,538,2,1,2,-8.764726328312669,220.7807292429841,-0.623251280782349
6,539,1,2,1,210.0180973737566,-1.5657700518764335,-0.5649019525675409
6,540,2,1,2,-8.764726328312669,219.14904274660321,-0.623251280782349
6,541,2,2,3,-1.854459596569739,-2.0529514251836596,205.65381366752743
6,542,2,1,2,-8.764726328312669,217.8938660250281,-0.623251280782349
6,543,2,2,3,-1.854459596569739,-2.0529514251836596,206.55992503725247
6,544,2,1,2,-8.764726328312669,216.9539120012133,-0.623251280782349
6,545,2,2,3,-1.854459596569739,-2.0529514251836596,206.25336511221522
6,546,2,2,3,-1.854459596569739,-2.0529514251836596,205.947111747103
6,547,2,2,3,-1.854459596569739,-2.0529514251836596,205.6411646353559
6,548,2,2,3,-1.854459596569739,-2.0529514251836596,205.33552347072055
6,549,2,2,3,-1.854459596569739,-2.0529514251836596,205.03018794724983
6,550,2,2,3,-1.854459596569739,-2.0529514251836596,205.90560644064496
6,551,2,1,2,-8.764726328312669,216.14317583871582,-0.623251280782349
6,552,2,2,3,-1.854459596569739,-2.0529514251836596,206.61322020461333
6,553,2,1,2,-8.764726328312669,215.58356705510096,-0.623251280782349
6,554,2,2,3,-1.854459596569739,-2.0529514251836596,206.6436898241539
6,555,1,2,1,209.6740129289722,-1.5657700518764335,-0.5649019525675409
6,556,2,2,3,-1.854459596569739,-2.0529514251836596,206.33704613432977
6,557,2,2,3,-1.854459596569739,-2.0529514251836596,206.03070908819544
6,558,2,2,3,-1.854459596569739,-2.0529514251836596,206.08536545934413
6,559,1,2,1,209.40906281655003,-1.5657700518764335,-0.5649019525675409
6,560,2,2,3,-1.854459596569739,-2.0529514251836596,206.10832613224818
6,561,1,2,1,209.2728808219876,-1.5657700518764335,-0.5649019525675409
6,562,2,2,3,-1.854459596569739,-2.0529514251836596,206.74026665747834
6,563,2,1,2,-8.764726328312669,215.1924967486812,-0.623251280782349
6,564,2,2,3,-1.854459596569739,-2.0529514251836596,206.43352639082087
6,565,2,2,3,-1.854459596569739,-2.0529514251836596,206.12709286443004
6,566,2,2,3,-1.854459596569739,-2.0529514251836596,205.82096577156562
6,567,2,2,3,-1.854459596569739,-2.0529514251836596,205.51514480579405
6,568,2,2,3,-1.854459596569739,-2.0529514251836596,205.20962966098824
6,569,2,2,3,-1.854459596569739,-2.0529514251836596,204.90442003132725
6,570,2,2,3,-1.854459596569739,-2.0529514251836596,205.0319932295713
6,571,1,2,1,209.1437600695164,-1.5657700518764335,-0.5649019525675409
6,572,2,2,3,-1.854459596569739,-2.0529514251836596,204.72696123634174
6,573,2,2,3,-1.854459596569739,-2.0529514251836596,204.42223427510538
6,574,2,2,3,-1.854459596569739,-2.0529514251836596,204.58524309447697
6,575,1,2,1,209.08332312891798,-1.5657700518764335,-0.5649019525675409
6,576,2,2,3,-1.854459596569739,-2.0529514251836596,204.72596777479214
6,577,1,2,1,209.1428616257306,-1.5657700518764335,-0.5649019525675409
6,578,2,2,3,-1.854459596569739,-2.0529514251836596,204.85851429826025
6,579,1,2,1,209.3095683786853,-1.5657700518764335,-0.5649019525675409
6,580,2,2,3,-1.854459596569739,-2.0529514251836596,204.99431013792406
6,581,1,2,1,216.82966572293952,-1.5657700518764335,-0.5649019525675409
6,582,0,2,1,189.9500042883264,-1.9014646570958402,-0.6663679920857718
6,583,2,1,2,-8.764726328312669,215.9393839803841,-0.623251280782349
6,584,1,2,1,215.54113585430005,-1.5657700518764335,-0.5649019525675409
6,585,2,2,3,-1.854459596569739,-2.0529514251836596,205.73345157370736
6,586,1,2,1,214.55463397466707,-1.5657700518764335,-0.5649019525675409
6,587,2,2,3,-1.854459596569739,-2.0529514251836596,206.30101517982865
6,588,1,2,1,214.7771695912584,-1.5657700518764335,-0.5649019525675409
6,589,2,1,2,-8.764726328312669,213.9175174728502,-0.623251280782349
6,590,1,0,1,107.04350012715705,8.926262106749988,17.78679373987269
6,591,2,0,2,-1.53565384476972,191.40452024265463,-0.6300840498404277
6,592,1,2,1,214.2232531349356,-1.5657700518764335,-0.5649019525675409
6,593,2,2,3,-1.854459596569739,-2.0529514251836596,206.7790157222044
6,594,1,2,1,213.87205037794027,-1.5657700518764335,-0.5649019525675409
6,595,2,2,3,-1.854459596569739,-2.0529514251836596,207.17444713740005
6,596,1,2,1,214.3581783275623,-1.5657700518764335,-0.5649019525675409
6,597,1,2,1,214.94382014923474,-1.5657700518764335,-0.5649019525675409
6,598,1,2,1,222.15448855885558,-1.5657700518764335,-0.5649019525675409
6,599,0,2,1,192.94829822682047,-1.9014646570958402,-0.6663679920857718
6,600,1,2,1,221.2168739327822,-1.5657700518764335,-0.5649019525675409
6,601,2,1,2,-8.764726328312669,214.52623624491062,-0.623251280782349
6,602,1,2,1,221.1956570588494,-1.5657700518764335,-0.5649019525675409
6,603,1,2,1,221.27446140179055,-1.5657700518764335,-0.5649019525675409
6,604,1,2,1,221.45318694038875,-1.5657700518764335,-0.5649019525675409
6,605,1,2,1,220.3181385129525,-1.5657700518764335,-0.5649019525675409
6,606,2,2,3,-1.854459596569739,-2.0529514251836596,208.16849813644234
6,607,1,2,1,219.49500597716502,-1.5657700518764335,-0.5649019525675409
6,608,2,2,3,-1.854459596569739,-2.0529514251836596,208.98165391453745
6,609,1,2,1,218.93468911698773,-1.5657700518764335,-0.5649019525675409
6,610,2,2,3,-1.854459596569739,-2.0529514251836596,209.65802274566548
6,611,1,2,1,218.59736445710985,-1.5657700518764335,-0.5649019525675409
6,612,2,2,3,-1.854459596569739,-2.0529514251836596,209.34836472291983
6,613,2,2,3,-1.854459596569739,-2.0529514251836596,209.0390163581969
6,614,2,2,3,-1.854459596569739,-2.0529514251836596,209.67625380363108
6,615,1,2,1,225.7395095358541,-1.5657700518764335,-0.5649019525675409
6,616,0,2,1,194.4114175306979,-1.9014646570958402,-0.6663679920857718
6,617,2,2,3,-1.854459596569739,-2.0529514251836596,210.95683986731754
6,618,1,2,1,224.15028572913312,-1.5657700518764335,-0.5649019525675409
6,619,2,2,3,-1.854459596569739,-2.0529514251836596,211.95203416776997
6,620,1,2,1,222.91850853882903,-1.5657700518764335,-0.5649019525675409
6,621,2,2,3,-1.854459596569739,-2.0529514251836596,212.72576309633703
6,622,1,2,1,221.9865082314835,-1.5657700518764335,-0.5649019525675409
6,623,2,2,3,-1.854459596569739,-2.0529514251836596,213.3298511016202
6,624,1,2,1,221.30751266739554,-1.5657700518764335,-0.5649019525675409
6,625,2,2,3,-1.854459596569739,-2.0529514251836596,213.01652125051857
6,626,2,2,3,-1.854459596569739,-2.0529514251836596,213.52431287953885
6,627,1,2,1,220.81566837573033,-1.5657700518764335,-0.5649019525675409
6,628,2,2,3,-1.854459596569739,-2.0529514251836596,213.30997897983113
6,629,2,1,2,-8.764726328312669,214.39130053942284,-0.623251280782349
6,630,2,2,3,-1.854459596569739,-2.0529514251836596,213.10371983525087
6,631,2,1,2,-8.764726328312669,214.3494387491704,-0.623251280782349
6,632,2,2,3,-1.854459596569739,-2.0529514251836596,212.91394228789366
6,633,2,1,2,-8.764726328312669,214.39297516075482,-0.623251280782349
6,634,2,2,3,-1.854459596569739,-2.0529514251836596,213.3832992283016
6,635,1,2,1,220.45904816175914,-1.5657700518764335,-0.5649019525675409
6,636,2,2,3,-1.854459596569739,-2.0529514251836596,213.7704150734856
6,637,1,2,1,220.2764144378583,-1.5657700518764335,-0.5649019525675409
6,638,2,2,3,-1.854459596569739,-2.0529514251836596,213.51827810705177
6,639,2,1,2,-8.764726328312669,214.59198717727747,-0.623251280782349
6,640,2,2,3,-1.854459596569739,-2.0529514251836596,213.20475982894473
6,641,2,2,3,-1.854459596569739,-2.0529514251836596,212.89155506911578
6,642,2,2,3,-1.854459596569739,-2.0529514251836596,212.74700629275466
6,643,2,1,2,-8.764726328312669,214.79474208253242,-0.623251280782349
6,644,2,2,3,-1.854459596569739,-2.0529514251836596,212.4342592864619
6,645,2,2,3,-1.854459596569739,-2.0529514251836596,212.12182502717542
6,646,2,2,3,-1.854459596569739,-2.0529514251836596,211.80970320214823
6,647,2,2,3,-1.854459596569739,-2.0529514251836596,211.49789349894607
6,648,2,2,3,-1.854459596569739,-2.0529514251836596,211.18639560544713
6,649,2,2,3,-1.854459596569739,-2.0529514251836596,210.87520920984167
6,650,2,2,3,-1.854459596569739,-2.0529514251836596,211.49505331820546
6,651,1,2,1,219.98678327257483,-1.5657700518764335,-0.5649019525675409
6,652,2,2,3,-1.854459596569739,-2.0529514251836596,212.0242395303698
6,653,1,2,1,227.13483528085644,-1.5657700518764335,-0.5649019525675409
6,654,0,2,1,197.4566244704329,-1.9014646570958402,-0.6663679920857718
6,655,1,2,1,227.00770044557558,-1.5657700518764335,-0.5649019525675409
6,656,1,2,1,226.98069274513,-1.5657700518764335,-0.5649019525675409
6,657,1,2,1,227.05371205238487,-1.5657700518764335,-0.5649019525675409
6,658,1,2,1,226.0130203133171,-1.5657700518764335,-0.5649019525675409
6,659,2,1,2,-8.764726328312669,216.39055688529757,-0.623251280782349
6,660,1,2,1,224.902117995492,-1.5657700518764335,-0.5649019525675409
6,661,2,2,3,-1.854459596569739,-2.0529514251836596,212.98712525888655
6,662,1,2,1,224.09763159657257,-1.5657700518764335,-0.5649019525675409
6,663,2,2,3,-1.854459596569739,-2.0529514251836596,213.77407826105858
6,664,1,2,1,223.81053356855978,-1.5657700518764335,-0.5649019525675409
6,665,2,1,2,-8.764726328312669,217.70874402005524,-0.623251280782349
6,666,1,2,1,223.78264586968928,-1.5657700518764335,-0.5649019525675409
6,667,2,1,2,-8.764726328312669,216.43517613063827,-0.623251280782349
6,668,1,0,1,108.24287174661713,8.926262106749988,17.78679373987269
6,669,0,0,2,0.009317174468442126,27.702383947604325,-0.6122225467830142
6,670,0,1,2,2.7914631950699156,105.8912307862661,3.2914969809938084
6,671,0,2,1,199.86544396448886,-1.9014646570958402,-0.6663679920857718
6,672,1,2,1,223.6588632238196,-1.5657700518764335,-0.5649019525675409
6,673,1,2,1,223.63520436059576,-1.5657700518764335,-0.5649019525675409
6,674,1,2,1,222.99876636146936,-1.5657700518764335,-0.5649019525675409
6,675,2,1,2,-8.764726328312669,217.0685363873599,-0.623251280782349
6,676,1,2,1,222.58867482767107,-1.5657700518764335,-0.5649019525675409
6,677,2,1,2,-8.764726328312669,217.69796155656334,-0.623251280782349
6,678,1,2,1,222.38190553900372,-1.5657700518764335,-0.5649019525675409
6,679,2,1,2,-8.764726328312669,218.34397404926838,-0.623251280782349
6,680,1,2,1,221.90734873294815,-1.5657700518764335,-0.5649019525675409
6,681,2,2,3,-1.854459596569739,-2.0529514251836596,214.2654979595146
6,682,1,2,1,221.62889815764527,-1.5657700518764335,-0.5649019525675409
6,683,2,2,3,-1.854459596569739,-2.0529514251836596,214.68020908117
6,684,1,2,1,221.51934904091658,-1.5657700518764335,-0.5649019525675409
6,685,2,2,3,-1.854459596569739,-2.0529514251836596,214.72824160393057
6,686,2,1,2,-8.764726328312669,218.26767256313067,-0.623251280782349
6,687,2,2,3,-1.854459596569739,-2.0529514251836596,214.41351336232663
6,688,2,2,3,-1.854459596569739,-2.0529514251836596,214.0990998489643
6,689,2,2,3,-1.854459596569739,-2.0529514251836596,214.51960541911862
6,690,1,2,1,229.05409308930933,-1.5657700518764335,-0.5649019525675409
6,691,0,2,1,202.5552547838816,-1.9014646570958402,-0.6663679920857718
6,692,1,2,1,228.92503899622002,-1.5657700518764335,-0.5649019525675409
6,693,1,2,1,227.46997603309077,-1.5657700518764335,-0.5649019525675409
6,694,2,2,3,-1.854459596569739,-2.0529514251836596,214.2050858136995
6,695,2,2,3,-1.854459596569739,-2.0529514251836596,213.8908807278858
6,696,2,2,3,-1.854459596569739,-2.0529514251836596,214.9213202823732
6,697,1,2,1,226.30018913773665,-1.5657700518764335,-0.5649019525675409
6,698,2,2,3,-1.854459596569739,-2.0529514251836596,215.7329069787718
6,699,1,2,1,225.4277280148614,-1.5657700518764335,-0.5649019525675409
6,700,2,2,3,-1.854459596569739,-2.0529514251836596,215.41717407179303
6,701,2,2,3,-1.854459596569739,-2.0529514251836596,215.10175689772123
6,702,2,2,3,-1.854459596569739,-2.0529514251836596,215.10008079169904
6,703,2,1,2,-8.764726328312669,218.3358133051958,-0.623251280782349
6,704,2,2,3,-1.854459596569739,-2.0529514251836596,215.80741778600043
6,705,1,2,1,224.7498895741893,-1.5657700518764335,-0.5649019525675409
6,706,2,2,3,-1.854459596569739,-2.0529514251836596,216.37691507524514
6,707,1,2,1,224.29621520921964,-1.5657700518764335,-0.5649019525675409
6,708,2,2,3,-1.854459596569739,-2.0529514251836596,216.84454887343338
6,709,1,2,1,224.03420402676758,-1.5657700518764335,-0.5649019525675409
6,710,2,2,3,-1.854459596569739,-2.0529514251836596,216.52770432455995
6,711,2,2,3,-1.854459596569739,-2.0529514251836596,216.2111766202354
6,712,2,2,3,-1.854459596569739,-2.0529514251836596,216.10530447542624
6,713,2,1,2,-8.764726328312669,218.59665711774343,-0.623251280782349
6,714,2,2,3,-1.854459596569739,-2.0529514251836596,216.5741602265336
6,715,1,2,1,223.87162548651764,-1.5657700518764335,-0.5649019525675409
6,716,2,2,3,-1.854459596569739,-2.0529514251836596,216.98003512704548
6,717,1,2,1,231.43743316147015,-1.5657700518764335,-0.5649019525675409
6,718,0,2,1,205.21203518847898,-1.9014646570958402,-0.6663679920857718
6,719,1,2,1,231.3059957283087,-1.5657700518764335,-0.5649019525675409
6,720,1,2,1,231.27468973258038,-1.5657700518764335,-0.5649019525675409
6,721,1,2,1,231.3434150428478,-1.5657700518764335,-0.5649019525675409
6,722,1,2,1,231.51207162780494,-1.5657700518764335,-0.5649019525675409
6,723,1,2,1,231.78055955617714,-1.5657700518764335,-0.5649019525675409
6,724,1,2,1,232.14877899662096,-1.5657700518764335,-0.5649019525675409
6,725,1,2,1,231.11492457453636,-1.5657700518764335,-0.5649019525675409
6,726,2,2,3,-1.854459596569739,-2.0529514251836596,218.06240914722002
6,727,1,2,1,230.3916106226575,-1.5657700518764335,-0.5649019525675409
6,728,2,2,3,-1.854459596569739,-2.0529514251836596,217.7443467380728
6,729,2,2,3,-1.854459596569739,-2.0529514251836596,217.42660239133474
6,730,2,2,3,-1.854459596569739,-2.0529514251836596,217.1091757889434
6,731,2,2,3,-1.854459596569739,-2.0529514251836596,216.79206661315445
6,732,2,2,3,-1.854459596569739,-2.0529514251836596,216.65392900649562
6,733,2,1,2,-8.764726328312669,218.98573037761216,-0.623251280782349
6,734,2,2,3,-1.854459596569739,-2.0529514251836596,217.69730555748916
6,735,1,2,1,237.56844104405118,-1.5657700518764335,-0.5649019525675409
6,736,0,2,1,206.37041897701468,-1.9014646570958402,-0.6663679920857718
6,737,2,1,2,-8.764726328312669,217.70320164276603,-0.623251280782349
6,738,1,0,1,108.23462887487051,8.926262106749988,17.78679373987269
6,739,1,0,1,108.32639424599564,8.926262106749988,17.78679373987269
6,740,1,0,1,116.7428023254189,8.926262106749988,17.78679373987269
6,741,2,0,2,-1.53565384476972,193.816685181023,-0.6300840498404277
6,742,2,1,2,-8.764726328312669,219.5521571418505,-0.623251280782349
6,743,1,2,1,235.94726049668927,-1.5657700518764335,-0.5649019525675409
6,744,2,1,2,-8.764726328312669,221.1557202168377,-0.623251280782349
6,745,1,2,1,234.74695074848728,-1.5657700518764335,-0.5649019525675409
6,746,2,1,2,-8.764726328312669,220.89218144534536,-0.623251280782349
6,747,2,2,3,-1.854459596569739,-2.0529514251836596,217.37960825193167
6,748,2,2,3,-1.854459596569739,-2.0529514251836596,217.06222864367973
6,749,2,2,3,-1.854459596569739,-2.0529514251836596,216.74516641503604
6,750,2,2,3,-1.854459596569739,-2.0529514251836596,216.428421248621
6,751,2,2,3,-1.854459596569739,-2.0529514251836596,216.5539050868481
6,752,2,1,2,-8.764726328312669,220.64179990440877,-0.623251280782349
6,753,2,2,3,-1.854459596569739,-2.0529514251836596,216.23735118176126
6,754,2,2,3,-1.854459596569739,-2.0529514251836596,215.9211138305795
6,755,2,2,3,-1.854459596569739,-2.0529514251836596,215.60519271674892
6,756,2,2,3,-1.854459596569739,-2.0529514251836596,215.28958752403216
6,757,2,2,3,-1.854459596569739,-2.0529514251836596,215.5041669621654
6,758,2,1,2,-8.764726328312669,220.41253244322226,-0.623251280782349
6,759,2,2,3,-1.854459596569739,-2.0529514251836596,217.0936983900491
6,760,1,2,1,233.3645318142534,-1.5657700518764335,-0.5649019525675409
6,761,2,2,3,-1.854459596569739,-2.0529514251836596,216.77660469165906
6,762,2,2,3,-1.854459596569739,-2.0529514251836596,216.4598280869674
6,763,2,2,3,-1.854459596569739,-2.0529514251836596,216.14336825888043
6,764,2,2,3,-1.854459596569739,-2.0529514251836596,215.82722489062155
6,765,2,2,3,-1.854459596569739,-2.0529514251836596,217.24759105117047
6,766,1,2,1,232.23559014689394,-1.5657700518764335,-0.5649019525675409
6,767,2,2,3,-1.854459596569739,-2.0529514251836596,217.24367265793242
6,768,2,1,2,-8.764726328312669,220.47840279203535,-0.623251280782349
6,769,2,2,3,-1.854459596569739,-2.0529514251836596,217.24666726855068
6,770,2,1,2,-8.764726328312669,220.63798257241834,-0.623251280782349
6,771,2,2,3,-1.854459596569739,-2.0529514251836596,217.26516081636504
6,772,2,1,2,-8.764726328312669,220.88343523599664,-0.623251280782349
6,773,2,2,3,-1.854459596569739,-2.0529514251836596,216.94789565554868
6,774,2,2,3,-1.854459596569739,-2.0529514251836596,216.63094775989313
6,775,2,2,3,-1.854459596569739,-2.0529514251836596,216.7353130722675
6,776,2,1,2,-8.764726328312669,227.88294354531826,-0.623251280782349
6,777,2,0,2,-1.53565384476972,196.9954280739072,-0.6300840498404277
6,778,2,1,2,-8.764726328312669,227.75506060177293,-0.623251280782349
6,779,2,1,2,-8.764726328312669,228.17087796613814,-0.623251280782349
6,780,1,2,1,232.4009480508522,-1.5657700518764335,-0.5649019525675409
6,781,2,1,2,-8.764726328312669,228.24270708817198,-0.623251280782349
6,782,2,1,2,-8.764726328312669,228.4144643810838,-0.623251280782349
6,783,2,1,2,-8.764726328312669,228.68604991670273,-0.623251280782349
6,784,2,1,2,-8.764726328312669,229.05736386678603,-0.623251280782349
6,785,2,1,2,-8.764726328312669,228.3084234742619,-0.623251280782349
6,786,2,2,3,-1.854459596569739,-2.0529514251836596,217.56431568899268
6,787,2,1,2,-8.764726328312669,227.81644838004598,-0.623251280782349
6,788,2,2,3,-1.854459596569739,-2.0529514251836596,218.26171250971797
6,789,2,1,2,-8.764726328312669,226.49234097225786,-0.623251280782349
6,790,1,0,1,117.71105810368984,8.926262106749988,17.78679373987269
6,791,0,0,2,0.009317174468442126,45.36281703156835,-0.6122225467830142
6,792,0,2,1,207.3412866177753,-1.9014646570958402,-0.6663679920857718
6,793,2,2,3,-1.854459596569739,-2.0529514251836596,217.94345079720824
6,794,2,2,3,-1.854459596569739,-2.0529514251836596,217.62550734641104
6,795,2,2,3,-1.854459596569739,-2.0529514251836596,218.77065046880432
6,796,1,2,1,230.91914764217861,-1.5657700518764335,-0.5649019525675409
6,797,2,2,3,-1.854459596569739,-2.0529514251836596,219.2163271781774
6,798,2,1,2,-8.764726328312669,225.64552326567164,-0.623251280782349
6,799,2,2,3,-1.854459596569739,-2.0529514251836596,218.89711085099924
6,800,2,2,3,-1.854459596569739,-2.0529514251836596,218.57821374014824
6,801,2,2,3,-1.854459596569739,-2.0529514251836596,218.9592991694349
6,802,2,1,2,-8.764726328312669,224.95794155687852,-0.623251280782349
6,803,2,2,3,-1.854459596569739,-2.0529514251836596,219.8243648690671
6,804,1,2,1,229.7898449999984,-1.5657700518764335,-0.5649019525675409
6,805,2,2,3,-1.854459596569739,-2.0529514251836596,219.50454050419802
6,806,2,2,3,-1.854459596569739,-2.0529514251836596,219.18503596369382
6,807,2,2,3,-1.854459596569739,-2.0529514251836596,219.9157270223243
6,808,1,2,1,228.88251747520866,-1.5657700518764335,-0.5649019525675409
6,809,2,2,3,-1.854459596569739,-2.0529514251836596,220.48352355013753
6,810,1,2,1,228.2221345591514,-1.5657700518764335,-0.5649019525675409
6,811,2,2,3,-1.854459596569739,-2.0529514251836596,220.1630400265874
6,812,2,2,3,-1.854459596569739,-2.0529514251836596,219.8428769865608
6,813,2,2,3,-1.854459596569739,-2.0529514251836596,219.52303410957424
6,814,2,2,3,-1.854459596569739,-2.0529514251836596,219.20351107546466
6,815,2,2,3,-1.854459596569739,-2.0529514251836596,218.8843075643892
6,816,2,2,3,-1.854459596569739,-2.0529514251836596,218.5654232568248
6,817,2,2,3,-1.854459596569739,-2.0529514251836596,218.246857833568
6,818,2,2,3,-1.854459596569739,-2.0529514251836596,217.92861097573441
6,819,2,2,3,-1.854459596569739,-2.0529514251836596,218.30658609229195
6,820,2,1,2,-8.764726328312669,224.37449942432758,-0.623251280782349
6,821,2,2,3,-1.854459596569739,-2.0529514251836596,217.98827950619966
6,822,2,2,3,-1.854459596569739,-2.0529514251836596,217.67029122669345
6,823,2,2,3,-1.854459596569739,-2.0529514251836596,217.35262093546675
6,824,2,2,3,-1.854459596569739,-2.0529514251836596,217.03526831453127
6,825,2,2,3,-1.854459596569739,-2.0529514251836596,217.82573280443413
6,826,1,2,1,227.46466865087524,-1.5657700518764335,-0.5649019525675409
6,827,2,2,3,-1.854459596569739,-2.0529514251836596,218.46216172042736
6,828,1,2,1,226.94595579611,-1.5657700518764335,-0.5649019525675409
6,829,2,2,3,-1.854459596569739,-2.0529514251836596,218.72902099139304
6,830,2,1,2,-8.764726328312669,223.99122256004273,-0.623251280782349
6,831,2,2,3,-1.854459596569739,-2.0529514251836596,218.41029197040166
6,832,2,2,3,-1.854459596569739,-2.0529514251836596,218.09188167843126
6,833,2,2,3,-1.854459596569739,-2.0529514251836596,217.77378979675282
6,834,2,2,3,-1.854459596569739,-2.0529514251836596,217.45601600695608
6,835,2,2,3,-1.854459596569739,-2.0529514251836596,217.13855999094912
6,836,2,2,3,-1.854459596569739,-2.0529514251836596,216.82142143095817
6,837,2,2,3,-1.854459596569739,-2.0529514251836596,217.50692891167725
6,838,1,2,1,226.48454617875507,-1.5657700518764335,-0.5649019525675409
6,839,2,2,3,-1.854459596569739,-2.0529514251836596,217.18942198276557
6,840,2,2,3,-1.854459596569739,-2.0529514251836596,216.8722325607828
6,841,2,2,3,-1.854459596569739,-2.0529514251836596,216.55536032822204
6,842,2,2,3,-1.854459596569739,-2.0529514251836596,216.23880496789383
6,843,2,2,3,-1.854459596569739,-2.0529514251836596,215.92256616292593
6,844,2,2,3,-1.854459596569739,-2.0529514251836596,215.606643596763
6,845,2,2,3,-1.854459596569739,-2.0529514251836596,216.36794930878347
6,846,1,2,1,226.0565185424491,-1.5657700518764335,-0.5649019525675409
6,847,2,2,3,-1.854459596569739,-2.0529514251836596,216.80628541134934
6,848,2,1,2,-8.764726328312669,223.55592255976205,-0.623251280782349
6,849,2,2,3,-1.854459596569739,-2.0529514251836596,217.15769320363086
6,850,2,1,2,-8.764726328312669,223.2989419309453,-0.623251280782349
6,851,2,2,3,-1.854459596569739,-2.0529514251836596,217.44851913443136
6,852,2,1,2,-8.764726328312669,223.19645113215947,-0.623251280782349
6,853,2,2,3,-1.854459596569739,-2.0529514251836596,217.70011588307202
6,854,2,1,2,-8.764726328312669,223.22911749136765,-0.623251280782349
6,855,2,2,3,-1.854459596569739,-2.0529514251836596,218.20969963046727
6,856,1,2,1,233.87765406336396,-1.5657700518764335,-0.5649019525675409
6,857,0,2,1,208.70684058764317,-1.9014646570958402,-0.6663679920857718
6,858,2,1,2,-8.764726328312669,222.4596004944962,-0.623251280782349
6,859,1,0,1,117.69334704558615,8.926262106749988,17.78679373987269
6,860,1,0,1,117.77565369854057,8.926262106749988,17.78679373987269
6,861,1,0,1,125.80063570800333,8.926262106749988,17.78679373987269
6,862,2,0,2,-1.53565384476972,200.4497730187895,-0.6300840498404277
6,863,1,2,1,234.0437764093006,-1.5657700518764335,-0.5649019525675409
6,864,1,2,1,234.3097326328913,-1.5657700518764335,-0.5649019525675409
6,865,1,2,1,234.6754229002584,-1.5657700518764335,-0.5649019525675409
6,866,1,2,1,235.14074747735816,-1.5657700518764335,-0.5649019525675409
6,867,1,2,1,234.45017317857747,-1.5657700518764335,-0.5649019525675409
6,868,2,1,2,-8.764726328312669,223.52420758972573,-0.623251280782349
6,869,1,2,1,231.38838770856006,-1.5657700518764335,-0.5649019525675409
6,870,0,1,2,2.7914631950699156,116.16408492581617,3.2914969809938084
6,871,0,2,1,210.7436069120263,-1.9014646570958402,-0.6663679920857718
6,872,1,2,1,231.2569993208515,-1.5657700518764335,-0.5649019525675409
6,873,1,2,1,231.22574232153065,-1.5657700518764335,-0.5649019525675409
6,874,1,2,1,231.29451657920913,-1.5657700518764335,-0.5649019525675409
6,875,1,2,1,231.4632220626299,-1.5657700518764335,-0.5649019525675409
6,876,1,2,1,231.7317588405673,-1.5657700518764335,-0.5649019525675409
6,877,1,2,1,230.76134321992683,-1.5657700518764335,-0.5649019525675409
6,878,2,2,3,-1.854459596569739,-2.0529514251836596,219.1341026461933
6,879,1,2,1,231.2305818767069,-1.5657700518764335,-0.5649019525675409
6,880,1,2,1,231.7993512948302,-1.5657700518764335,-0.5649019525675409
6,881,1,2,1,239.38303324963778,-1.5657700518764335,-0.5649019525675409
6,882,0,2,1,213.3681665125378,-1.9014646570958402,-0.6663679920857718
6,883,1,2,1,237.67362647605685,-1.5657700518764335,-0.5649019525675409
6,884,2,1,2,-8.764726328312669,225.0014758518828,-0.623251280782349
6,885,1,2,1,236.38140993778757,-1.5657700518764335,-0.5649019525675409
6,886,2,1,2,-8.764726328312669,226.30308785053546,-0.623251280782349
6,887,1,2,1,234.73754510598195,-1.5657700518764335,-0.5649019525675409
6,888,2,2,3,-1.854459596569739,-2.0529514251836596,220.35970934706617
6,889,1,2,1,233.4794018207433,-1.5657700518764335,-0.5649019525675409
6,890,2,2,3,-1.854459596569739,-2.0529514251836596,220.0393496377191
6,891,2,2,3,-1.854459596569739,-2.0529514251836596,220.3394203711502
6,892,2,1,2,-8.764726328312669,225.98638168222578,-0.623251280782349
6,893,2,2,3,-1.854459596569739,-2.0529514251836596,221.31993911428876
6,894,1,2,1,232.54213561098356,-1.5657700518764335,-0.5649019525675409
6,895,2,2,3,-1.854459596569739,-2.0529514251836596,220.99861917517447
6,896,2,2,3,-1.854459596569739,-2.0529514251836596,220.67762055599928
6,897,2,2,3,-1.854459596569739,-2.0529514251836596,221.53152992588673
6,898,1,2,1,231.819543512548,-1.5657700518764335,-0.5649019525675409
6,899,2,2,3,-1.854459596569739,-2.0529514251836596,221.65102871983842
6,900,2,1,2,-8.764726328312669,225.9311953572672,-0.623251280782349
6,901,2,2,3,-1.854459596569739,-2.0529514251836596,221.3293776911186
6,902,2,2,3,-1.854459596569739,-2.0529514251836596,221.00804831342748
6,903,2,2,3,-1.854459596569739,-2.0529514251836596,221.17443182245418
6,904,2,1,2,-8.764726328312669,225.93434457196344,-0.623251280782349
6,905,2,2,3,-1.854459596569739,-2.0529514251836596,220.85325739063174
6,906,2,2,3,-1.854459596569739,-2.0529514251836596,220.5324041332411
6,907,2,2,3,-1.854459596569739,-2.0529514251836596,220.21187172910786
6,908,2,2,3,-1.854459596569739,-2.0529514251836596,219.89165985737876
6,909,2,2,3,-1.854459596569739,-2.0529514251836596,220.16999398426526
6,910,2,1,2,-8.764726328312669,225.93773951920934,-0.623251280782349
6,911,2,2,3,-1.854459596569739,-2.0529514251836596,220.42083079824044
6,912,2,1,2,-8.764726328312669,233.08849309614857,-0.623251280782349
6,913,2,0,2,-1.53565384476972,203.48055653342925,-0.6300840498404277
6,914,2,1,2,-8.764726328312669,232.95540460305241,-0.623251280782349
6,915,2,1,2,-8.764726328312669,232.92244919844936,-0.623251280782349
6,916,2,1,2,-8.764726328312669,232.9895267492509,-0.623251280782349
6,917,2,1,2,-8.764726328312669,233.15653722250164,-0.623251280782349
6,918,2,1,2,-8.764726328312669,233.42338068527914,-0.623251280782349
6,919,2,1,2,-8.764726328312669,233.78995730459386,-0.623251280782349
6,920,2,1,2,-8.764726328312669,234.25616734728925,-0.623251280782349
6,921,2,1,2,-8.764726328312669,234.82191117994196,-0.623251280782349
6,922,2,1,2,-8.764726328312669,241.38429515875725,-0.623251280782349
6,923,2,0,2,-1.53565384476972,204.95416312911212,-0.6300840498404277
6,924,2,2,3,-1.854459596569739,-2.0529514251836596,222.17579293913337
6,925,2,1,2,-8.764726328312669,241.2429108635985,-0.623251280782349
6,926,2,1,2,-8.764726328312669,239.31402327821286,-0.623251280782349
6,927,2,2,3,-1.854459596569739,-2.0529514251836596,221.85361714619424
6,928,2,2,3,-1.854459596569739,-2.0529514251836596,221.53176352904805
6,929,2,2,3,-1.854459596569739,-2.0529514251836596,222.2287219838855
6,930,1,2,1,231.33823263769787,-1.5657700518764335,-0.5649019525675409
6,931,2,2,3,-1.854459596569739,-2.0529514251836596,222.80833481662904
6,932,1,2,1,231.06243452077436,-1.5657700518764335,-0.5649019525675409
6,933,2,2,3,-1.854459596569739,-2.0529514251836596,223.3026823525228
6,934,1,2,1,238.97963955343818,-1.5657700518764335,-0.5649019525675409
6,935,0,2,1,214.13831541418378,-1.9014646570958402,-0.6663679920857718
6,936,2,2,3,-1.854459596569739,-2.0529514251836596,224.5313984330609
6,937,1,2,1,238.87376390263742,-1.5657700518764335,-0.5649019525675409
6,938,2,1,2,-8.764726328312669,237.9112293952646,-0.623251280782349
6,939,2,2,3,-1.854459596569739,-2.0529514251836596,225.531470299886
6,940,2,1,2,-8.764726328312669,236.84772201542685,-0.623251280782349
6,941,2,2,3,-1.854459596569739,-2.0529514251836596,225.2059388295861
6,942,2,2,3,-1.854459596569739,-2.0529514251836596,224.88073289075652
6,943,2,2,3,-1.854459596569739,-2.0529514251836596,225.94116222804197
6,944,1,2,1,237.55456257294983,-1.5657700518764335,-0.5649019525675409
6,945,2,2,3,-1.854459596569739,-2.0529514251836596,226.69497048476504
6,946,2,1,2,-8.764726328312669,236.1057518918759,-0.623251280782349
6,947,2,2,3,-1.854459596569739,-2.0529514251836596,227.44337513101055
6,948,1,2,1,236.6160004536249,-1.5657700518764335,-0.5649019525675409
6,949,2,2,3,-1.854459596569739,-2.0529514251836596,227.11593175587956
6,950,2,2,3,-1.854459596569739,-2.0529514251836596,226.78881582412367
6,951,2,2,3,-1.854459596569739,-2.0529514251836596,227.38440367900702
6,952,2,1,2,-8.764726328312669,235.60623266691002,-0.623251280782349
6,953,2,2,3,-1.854459596569739,-2.0529514251836596,227.057019275328
6,954,2,2,3,-1.854459596569739,-2.0529514251836596,226.7299622560527
6,955,2,2,3,-1.854459596569739,-2.0529514251836596,226.40323229379663
6,956,2,2,3,-1.854459596569739,-2.0529514251836596,226.07682906150285
6,957,2,2,3,-1.854459596569739,-2.0529514251836596,225.75075223244136
6,958,2,2,3,-1.854459596569739,-2.0529514251836596,225.42500148020892
6,959,2,2,3,-1.854459596569739,-2.0529514251836596,225.09957647872872
6,960,2,2,3,-1.854459596569739,-2.0529514251836596,224.77447690225
6,961,2,2,3,-1.854459596569739,-2.0529514251836596,225.5220462460491
6,962,2,1,2,-8.764726328312669,235.07229197857788,-0.623251280782349
6,963,2,2,3,-1.854459596569739,-2.0529514251836596,226.14199852732338
6,964,2,1,2,-8.764726328312669,234.7531206349251,-0.623251280782349
6,965,2,2,3,-1.854459596569739,-2.0529514251836596,226.66835761744863
6,966,2,1,2,-8.764726328312669,241.46827072121468,-0.623251280782349
6,967,2,0,2,-1.53565384476972,207.88373086110977,-0.6300840498404277
6,968,1,2,1,237.25975920966266,-1.5657700518764335,-0.5649019525675409
6,969,2,1,2,-8.764726328312669,241.32680245049346,-0.623251280782349
6,970,2,1,2,-8.764726328312669,241.28547564804296,-0.623251280782349
6,971,2,1,2,-8.764726328312669,240.94564424499526,-0.623251280782349
6,972,1,2,1,237.88740206895093,-1.5657700518764335,-0.5649019525675409
6,973,2,1,2,-8.764726328312669,240.80193262532188,-0.623251280782349
6,974,1,2,1,238.53805319196272,-1.5657700518764335,-0.5649019525675409
6,975,2,1,2,-8.764726328312669,240.837006628794,-0.623251280782349
6,976,1,2,1,239.22711152901707,-1.5657700518764335,-0.5649019525675409
6,977,2,1,2,-8.764726328312669,241.1961696221652,-0.623251280782349
6,978,2,1,2,-8.764726328312669,241.65497345254303,-0.623251280782349
6,979,2,1,2,-8.764726328312669,240.72964351141616,-0.623251280782349
6,980,2,2,3,-1.854459596569739,-2.0529514251836596,226.34168925983118
6,981,2,2,3,-1.854459596569739,-2.0529514251836596,226.01534757057135
6,982,2,2,3,-1.854459596569739,-2.0529514251836596,227.14604752114442
6,983,2,1,2,-8.764726328312669,247.13716851552442,-0.623251280782349
6,984,2,0,2,-1.53565384476972,210.77884181637148,-0.6300840498404277
6,985,1,2,1,240.57098005915228,-1.5657700518764335,-0.5649019525675409
6,986,2,1,2,-8.764726328312669,245.01091036856528,-0.623251280782349
6,987,2,2,3,-1.854459596569739,-2.0529514251836596,226.81890147362327
6,988,2,2,3,-1.854459596569739,-2.0529514251836596,226.49208257214966
6,989,2,2,3,-1.854459596569739,-2.0529514251836596,226.1655904895775
6,990,2,2,3,-1.854459596569739,-2.0529514251836596,225.83942489908793
6,991,2,2,3,-1.854459596569739,-2.0529514251836596,225.51358547418886
6,992,2,2,3,-1.854459596569739,-2.0529514251836596,225.18807188871466
6,993,2,2,3,-1.854459596569739,-2.0529514251836596,224.86288381682596
6,994,2,2,3,-1.854459596569739,-2.0529514251836596,224.53802093300914
6,995,2,2,3,-1.854459596569739,-2.0529514251836596,226.24029896619618
6,996,2,1,2,-8.764726328312669,243.1076089293622,-0.623251280782349
6,997,2,2,3,-1.854459596569739,-2.0529514251836596,225.91405866723
6,998,2,2,3,-1.854459596569739,-2.0529514251836596,225.58814460856277
6,999,2,2,3,-1.854459596569739,-2.0529514251836596,226.99698343171335
6,1000,2,1,2,-8.764726328312669,241.5695493961656,-0.623251280782349
6,1001,2,2,3,-1.854459596569739,-2.0529514251836596,228.0138121143981
6,1002,1,2,1,247.61357527924125,-1.5657700518764335,-0.5649019525675409
6,1003,0,2,1,215.2978512720908,-1.9014646570958402,-0.6663679920857718
6,1004,2,2,3,-1.854459596569739,-2.0529514251836596,229.62617485560315
6,1005,1,2,1,247.465961703962,-1.5657700518764335,-0.5649019525675409
6,1006,1,2,1,247.41849574225802,-1.5657700518764335,-0.5649019525675409
6,1007,1,2,1,246.8920315582526,-1.5657700518764335,-0.5649019525675409
6,1008,2,1,2,-8.764726328312669,242.25490558081606,-0.623251280782349
6,1009,1,2,1,247.04513952669436,-1.5657700518764335,-0.5649019525675409
6,1010,1,2,1,247.29809438716765,-1.5657700518764335,-0.5649019525675409
6,1011,1,2,1,247.65079629278048,-1.5657700518764335,-0.5649019525675409
6,1012,1,2,1,248.1031454964877,-1.5657700518764335,-0.5649019525675409
6,1013,1,2,1,248.6550423509912,-1.5657700518764335,-0.5649019525675409
6,1014,1,2,1,255.0040253918291,-1.5657700518764335,-0.5649019525675409
6,1015,0,2,1,216.50105745558645,-1.9014646570958402,-0.6663679920857718
6,1016,2,2,3,-1.854459596569739,-2.0529514251836596,231.8089558838339
6,1017,1,2,1,252.55270948514573,-1.5657700518764335,-0.5649019525675409
6,1018,2,2,3,-1.854459596569739,-2.0529514251836596,232.5112959479513
6,1019,2,1,2,-8.764726328312669,241.54803332158164,-0.623251280782349
6,1020,2,2,3,-1.854459596569739,-2.0529514251836596,232.17878465200334
6,1021,2,2,3,-1.854459596569739,-2.0529514251836596,231.84660586735134
6,1022,2,2,3,-1.854459596569739,-2.0529514251836596,231.514759261484
6,1023,2,2,3,-1.854459596569739,-2.0529514251836596,231.1832445022225
6,1024,2,2,3,-1.854459596569739,-2.0529514251836596,231.87817535083684
6,1025,2,1,2,-8.764726328312669,240.94916934915634,-0.623251280782349
6,1026,2,2,3,-1.854459596569739,-2.0529514251836596,231.54629717548602
6,1027,2,2,3,-1.854459596569739,-2.0529514251836596,231.21475087831053
6,1028,2,2,3,-1.854459596569739,-2.0529514251836596,232.9959940295089
6,1029,1,2,1,250.56404194555253,-1.5657700518764335,-0.5649019525675409
6,1030,2,2,3,-1.854459596569739,-2.0529514251836596,232.66299803547938
6,1031,2,2,3,-1.854459596569739,-2.0529514251836596,232.3303350374439
6,1032,2,2,3,-1.854459596569739,-2.0529514251836596,232.85126929926597
6,1033,2,1,2,-8.764726328312669,240.60652807486804,-0.623251280782349
6,1034,2,2,3,-1.854459596569739,-2.0529514251836596,232.5184180299667
6,1035,2,2,3,-1.854459596569739,-2.0529514251836596,232.18589961193675
6,1036,2,2,3,-1.854459596569739,-2.0529514251836596,231.8537137123248
6,1037,2,2,3,-1.854459596569739,-2.0529514251836596,231.52185999861248
6,1038,2,2,3,-1.854459596569739,-2.0529514251836596,231.19033813861387
6,1039,2,2,3,-1.854459596569739,-2.0529514251836596,230.85914780047526
6,1040,2,2,3,-1.854459596569739,-2.0529514251836596,230.52828865267477
6,1041,2,2,3,-1.854459596569739,-2.0529514251836596,230.1977603640221
6,1042,2,2,3,-1.854459596569739,-2.0529514251836596,231.88382448022958
6,1043,1,2,1,248.76413637454002,-1.5657700518764335,-0.5649019525675409
6,1044,2,2,3,-1.854459596569739,-2.0529514251836596,231.55194065574935
6,1045,2,2,3,-1.854459596569739,-2.0529514251836596,231.2203887150936
6,1046,2,2,3,-1.854459596569739,-2.0529514251836596,231.81839612299618
6,1047,2,1,2,-8.764726328312669,240.29589648355784,-0.623251280782349
6,1048,2,2,3,-1.854459596569739,-2.0529514251836596,233.16420601177603
6,1049,1,2,1,247.37097913225185,-1.5657700518764335,-0.5649019525675409
6,1050,2,2,3,-1.854459596569739,-2.0529514251836596,233.53707916247066
6,1051,2,1,2,-8.764726328312669,247.03341217502282,-0.623251280782349
6,1052,2,0,2,-1.53565384476972,214.1572654400616,-0.6300840498404277
6,1053,2,1,2,-8.764726328312669,246.88637876284778,-0.623251280782349
6,1054,2,1,2,-8.764726328312669,245.51791172364761,-0.623251280782349
6,1055,2,2,3,-1.854459596569739,-2.0529514251836596,234.3896445068647
6,1056,2,1,2,-8.764726328312669,244.47069535746246,-0.623251280782349
6,1057,2,2,3,-1.854459596569739,-2.0529514251836596,235.053278896567
6,1058,2,1,2,-8.764726328312669,244.91335275580914,-0.623251280782349
6,1059,1,2,1,247.38030314185175,-1.5657700518764335,-0.5649019525675409
6,1060,2,1,2,-8.764726328312669,245.41266749127155,-0.623251280782349
6,1061,1,2,1,247.53812690930246,-1.5657700518764335,-0.5649019525675409
6,1062,2,1,2,-8.764726328312669,245.97767530616534,-0.623251280782349
6,1063,1,2,1,247.83610407368258,-1.5657700518764335,-0.5649019525675409
6,1064,2,1,2,-8.764726328312669,246.43169763085916,-0.623251280782349
6,1065,2,1,2,-8.764726328312669,246.9852659332283,-0.623251280782349
6,1066,2,1,2,-8.764726328312669,253.38830861847157,-0.623251280782349
6,1067,2,0,2,-1.53565384476972,216.01181350681557,-0.6300840498404277
6,1068,2,2,3,-1.854459596569739,-2.0529514251836596,236.533393560139
6,1069,2,1,2,-8.764726328312669,251.56628371907817,-0.623251280782349
6,1070,2,2,3,-1.854459596569739,-2.0529514251836596,237.31582850741967
6,1071,1,2,1,248.75755575450307,-1.5657700518764335,-0.5649019525675409
6,1072,2,1,2,-8.764726328312669,250.1039223694049,-0.623251280782349
6,1073,2,2,3,-1.854459596569739,-2.0529514251836596,238.24453397124879
6,1074,2,1,2,-8.764726328312669,250.1538184470355,-0.623251280782349
6,1075,2,1,2,-8.764726328312669,249.12464546548557,-0.623251280782349
6,1076,2,2,3,-1.854459596569739,-2.0529514251836596,238.98342047520697
6,1077,2,1,2,-8.764726328312669,248.3715395459825,-0.623251280782349
6,1078,2,2,3,-1.854459596569739,-2.0529514251836596,239.57386084273855
6,1079,2,1,2,-8.764726328312669,247.85219781481536,-0.623251280782349
6,1080,2,2,3,-1.854459596569739,-2.0529514251836596,239.23428698189582
6,1081,2,2,3,-1.854459596569739,-2.0529514251836596,238.89505269491391
6,1082,2,2,3,-1.854459596569739,-2.0529514251836596,239.53254544511833
6,1083,1,2,1,255.21540486715583,-1.5657700518764335,-0.5649019525675409
6,1084,0,2,1,220.11727679187624,-1.9014646570958402,-0.6663679920857718
6,1085,1,2,1,255.06018946228866,-1.5657700518764335,-0.5649019525675409
6,1086,1,2,1,253.46789251512652,-1.5657700518764335,-0.5649019525675409
6,1087,2,2,3,-1.854459596569739,-2.0529514251836596,240.57261225960403
6,1088,1,2,1,252.23779187731466,-1.5657700518764335,-0.5649019525675409
6,1089,2,2,3,-1.854459596569739,-2.0529514251836596,241.38689242949778
6,1090,1,2,1,251.95138027324992,-1.5657700518764335,-0.5649019525675409
6,1091,2,1,2,-8.764726328312669,247.6642803838541,-0.623251280782349
6,1092,2,2,3,-1.854459596569739,-2.0529514251836596,241.66696694454956
6,1093,2,1,2,-8.764726328312669,247.6228820729791,-0.623251280782349
6,1094,2,2,3,-1.854459596569739,-2.0529514251836596,241.91493557531953
6,1095,2,1,2,-8.764726328312669,254.14576340285595,-0.623251280782349
6,1096,2,0,2,-1.53565384476972,219.57106273301676,-0.6300840498404277
6,1097,2,1,2,-8.764726328312669,253.9916176394531,-0.623251280782349
6,1098,2,1,2,-8.764726328312669,253.73564252255954,-0.623251280782349
6,1099,1,2,1,251.20582086788156,-1.5657700518764335,-0.5649019525675409
6,1100,2,2,3,-1.854459596569739,-2.0529514251836596,242.74327062752099
6,1101,2,1,2,-8.764726328312669,252.69366206242816,-0.623251280782349
6,1102,2,2,3,-1.854459596569739,-2.0529514251836596,242.40052735689346
6,1103,2,2,3,-1.854459596569739,-2.0529514251836596,242.05812682953658
6,1104,2,2,3,-1.854459596569739,-2.0529514251836596,242.6216904125032
6,1105,1,2,1,250.70478613193123,-1.5657700518764335,-0.5649019525675409
6,1106,2,2,3,-1.854459596569739,-2.0529514251836596,243.07929519831407
6,1107,1,2,1,250.3991577433712,-1.5657700518764335,-0.5649019525675409
6,1108,2,2,3,-1.854459596569739,-2.0529514251836596,243.68803822266304
6,1109,2,1,2,-8.764726328312669,251.949411640229,-0.623251280782349
6,1110,2,2,3,-1.854459596569739,-2.0529514251836596,244.0087510169905
6,1111,1,2,1,250.31610831971614,-1.5657700518764335,-0.5649019525675409
6,1112,2,2,3,-1.854459596569739,-2.0529514251836596,243.6647422659735
6,1113,2,2,3,-1.854459596569739,-2.0529514251836596,243.32107752370752
6,1114,2,2,3,-1.854459596569739,-2.0529514251836596,243.67026449498866
6,1115,1,2,1,256.97610789014027,-1.5657700518764335,-0.5649019525675409
6,1116,0,2,1,223.0485408650713,-1.9014646570958402,-0.6663679920857718
6,1117,2,1,2,-8.764726328312669,252.69510515732998,-0.623251280782349
6,1118,1,2,1,256.3953125117019,-1.5657700518764335,-0.5649019525675409
6,1119,2,1,2,-8.764726328312669,253.40873058025545,-0.623251280782349
6,1120,1,2,1,255.07913744553557,-1.5657700518764335,-0.5649019525675409
6,1121,2,2,3,-1.854459596569739,-2.0529514251836596,243.32659423049367
6,1122,2,2,3,-1.854459596569739,-2.0529514251836596,242.98326763626318
6,1123,2,2,3,-1.854459596569739,-2.0529514251836596,243.67240520008215
6,1124,2,1,2,-8.764726328312669,252.89142563703803,-0.623251280782349
6,1125,2,2,3,-1.854459596569739,-2.0529514251836596,244.45799928718196
6,1126,1,2,1,254.072565630413,-1.5657700518764335,-0.5649019525675409
6,1127,2,2,3,-1.854459596569739,-2.0529514251836596,244.94845049653054
6,1128,2,1,2,-8.764726328312669,252.65217967249075,-0.623251280782349
6,1129,2,2,3,-1.854459596569739,-2.0529514251836596,245.36617123445407
6,1130,2,1,2,-8.764726328312669,259.02449691581035,-0.623251280782349
6,1131,2,0,2,-1.53565384476972,223.2573816543803,-0.6300840498404277
6,1132,2,1,2,-8.764726328312669,258.8654724188945,-0.623251280782349
6,1133,2,1,2,-8.764726328312669,258.8066069464756,-0.623251280782349
6,1134,2,1,2,-8.764726328312669,257.517197204039,-0.623251280782349
6,1135,2,2,3,-1.854459596569739,-2.0529514251836596,246.22375663420854
6,1136,2,1,2,-8.764726328312669,256.54162939042175,-0.623251280782349
6,1137,2,2,3,-1.854459596569739,-2.0529514251836596,246.89900228043945
6,1138,2,1,2,-8.764726328312669,255.83046767714308,-0.623251280782349
6,1139,2,2,3,-1.854459596569739,-2.0529514251836596,246.552103278159
6,1140,2,2,3,-1.854459596569739,-2.0529514251836596,246.20555117488084
6,1141,2,2,3,-1.854459596569739,-2.0529514251836596,246.63818005480366
6,1142,1,2,1,253.48248889279728,-1.5657700518764335,-0.5649019525675409
6,1143,2,2,3,-1.854459596569739,-2.0529514251836596,247.20157834936046
6,1144,2,1,2,-8.764726328312669,255.32037716601545,-0.623251280782349
6,1145,2,2,3,-1.854459596569739,-2.0529514251836596,247.65813785385996
6,1146,2,1,2,-8.764726328312669,255.00649509694603,-0.623251280782349
6,1147,2,2,3,-1.854459596569739,-2.0529514251836596,247.8870904688609
6,1148,1,2,1,253.17506195993477,-1.5657700518764335,-0.5649019525675409
6,1149,2,2,3,-1.854459596569739,-2.0529514251836596,247.53920337839202
6,1150,2,2,3,-1.854459596569739,-2.0529514251836596,247.1916641750136
6,1151,2,2,3,-1.854459596569739,-2.0529514251836596,247.4368288915458
6,1152,1,2,1,252.95380182420433,-1.5657700518764335,-0.5649019525675409
6,1153,2,2,3,-1.854459596569739,-2.0529514251836596,247.63557238298745
6,1154,1,2,1,252.87434330769966,-1.5657700518764335,-0.5649019525675409
6,1155,2,2,3,-1.854459596569739,-2.0529514251836596,248.01765815928636
6,1156,2,1,2,-8.764726328312669,254.85959374502076,-0.623251280782349
6,1157,2,2,3,-1.854459596569739,-2.0529514251836596,247.66964050112708
6,1158,2,2,3,-1.854459596569739,-2.0529514251836596,247.32197086062595
6,1159,2,2,3,-1.854459596569739,-2.0529514251836596,246.97464888976532
6,1160,2,2,3,-1.854459596569739,-2.0529514251836596,246.62767424087556
6,1161,2,2,3,-1.854459596569739,-2.0529514251836596,246.2810465666347
6,1162,2,2,3,-1.854459596569739,-2.0529514251836596,245.93476552006805
6,1163,2,2,3,-1.854459596569739,-2.0529514251836596,246.27584895552351
6,1164,1,2,1,252.76821802352652,-1.5657700518764335,-0.5649019525675409
6,1165,2,2,3,-1.854459596569739,-2.0529514251836596,245.929573106568
6,1166,2,2,3,-1.854459596569739,-2.0529514251836596,245.58364353346144
6,1167,2,2,3,-1.854459596569739,-2.0529514251836596,246.15637896087236
6,1168,2,1,2,-8.764726328312669,261.37611515430234,-0.623251280782349
6,1169,2,0,2,-1.53565384476972,225.9556970732714,-0.6300840498404277
6,1170,1,2,1,248.89164062882966,-1.5657700518764335,-0.5649019525675409
6,1171,0,1,2,2.7914631950699156,126.7294819788766,3.2914969809938084
6,1172,0,2,1,226.61992217884008,-1.9014646570958402,-0.6663679920857718
6,1173,2,1,2,-8.764726328312669,260.07877606112623,-0.623251280782349
6,1174,1,2,1,249.8502753959982,-1.5657700518764335,-0.5649019525675409
6,1175,2,1,2,-8.764726328312669,258.74037997214,-0.623251280782349
6,1176,2,2,3,-1.854459596569739,-2.0529514251836596,247.05603868202698
6,1177,2,1,2,-8.764726328312669,258.0015192391298,-0.623251280782349
6,1178,1,2,1,250.60739826107223,-1.5657700518764335,-0.5649019525675409
6,1179,2,1,2,-8.764726328312669,257.5114997430629,-0.623251280782349
6,1180,1,2,1,251.34029690952823,-1.5657700518764335,-0.5649019525675409
6,1181,2,1,2,-8.764726328312669,256.8188975982773,-0.623251280782349
6,1182,2,2,3,-1.854459596569739,-2.0529514251836596,246.70898264334494
6,1183,2,2,3,-1.854459596569739,-2.0529514251836596,246.82077377305373
6,1184,1,2,1,251.04152382210773,-1.5657700518764335,-0.5649019525675409
6,1185,2,2,3,-1.854459596569739,-2.0529514251836596,246.47395299928067
6,1186,2,2,3,-1.854459596569739,-2.0529514251836596,246.1274790462814
6,1187,2,2,3,-1.854459596569739,-2.0529514251836596,245.7813515672351
6,1188,2,2,3,-1.854459596569739,-2.0529514251836596,245.43557021566787
6,1189,2,2,3,-1.854459596569739,-2.0529514251836596,246.21708405633052
6,1190,2,1,2,-8.764726328312669,256.2124991600263,-0.623251280782349
6,1191,2,2,3,-1.854459596569739,-2.0529514251836596,246.86041306754007
6,1192,2,1,2,-8.764726328312669,255.83043013771015,-0.623251280782349
6,1193,2,2,3,-1.854459596569739,-2.0529514251836596,246.51355265447253
6,1194,2,2,3,-1.854459596569739,-2.0529514251836596,246.16703910181806
6,1195,2,2,3,-1.854459596569739,-2.0529514251836596,245.82087206271623
6,1196,2,2,3,-1.854459596569739,-2.0529514251836596,245.47505119065352
6,1197,2,2,3,-1.854459596569739,-2.0529514251836596,245.68065692997683
6,1198,1,2,1,250.75975647596468,-1.5657700518764335,-0.5649019525675409
6,1199,2,2,3,-1.854459596569739,-2.0529514251836596,246.33980382061245
6,1200,2,1,2,-8.764726328312669,262.51700113419304,-0.623251280782349
6,1201,2,0,2,-1.53565384476972,228.18534325706477,-0.6300840498404277
6,1202,1,2,1,252.2729639406533,-1.5657700518764335,-0.5649019525675409
6,1203,2,1,2,-8.764726328312669,260.7529415990144,-0.623251280782349
6,1204,2,2,3,-1.854459596569739,-2.0529514251836596,247.42036465685362
6,1205,2,1,2,-8.764726328312669,259.37226354014143,-0.623251280782349
6,1206,2,2,3,-1.854459596569739,-2.0529514251836596,248.25618228164225
6,1207,2,1,2,-8.764726328312669,258.31239923200985,-0.623251280782349
6,1208,2,2,3,-1.854459596569739,-2.0529514251836596,248.903491577447
6,1209,2,1,2,-8.764726328312669,258.4540868327778,-0.623251280782349
6,1210,2,1,2,-8.764726328312669,258.69563274594503,-0.623251280782349
6,1211,2,1,2,-8.764726328312669,258.4010929014752,-0.623251280782349
6,1212,1,2,1,252.38711321275522,-1.5657700518764335,-0.5649019525675409
6,1213,2,2,3,-1.854459596569739,-2.0529514251836596,248.89946662776507
6,1214,1,2,1,252.58944908762845,-1.5657700518764335,-0.5649019525675409
6,1215,2,2,3,-1.854459596569739,-2.0529514251836596,249.4912281622346
6,1216,2,1,2,-8.764726328312669,257.9606151993889,-0.623251280782349
6,1217,2,2,3,-1.854459596569739,-2.0529514251836596,249.14173693407236
6,1218,2,2,3,-1.854459596569739,-2.0529514251836596,248.79259519713827
6,1219,2,2,3,-1.854459596569739,-2.0529514251836596,249.35143658216396
6,1220,2,1,2,-8.764726328312669,257.6503459010842,-0.623251280782349
6,1221,2,2,3,-1.854459596569739,-2.0529514251836596,249.32264838362278
6,1222,1,2,1,259.6658764745708,-1.5657700518764335,-0.5649019525675409
6,1223,0,2,1,229.46531420516342,-1.9014646570958402,-0.6663679920857718
6,1224,2,1,2,-8.764726328312669,254.23957424606812,-0.623251280782349
6,1225,1,0,1,125.77483507229532,8.926262106749988,17.78679373987269
6,1226,1,0,1,125.84906023722303,8.926262106749988,17.78679373987269
6,1227,1,0,1,136.15450319595013,8.926262106749988,17.78679373987269
6,1228,2,0,2,-1.53565384476972,231.0737307023408,-0.6300840498404277
6,1229,1,2,1,259.8062105980962,-1.5657700518764335,-0.5649019525675409
6,1230,1,2,1,260.0464043874981,-1.5657700518764335,-0.5649019525675409
6,1231,1,2,1,259.324706138727,-1.5657700518764335,-0.5649019525675409
6,1232,2,2,3,-1.854459596569739,-2.0529514251836596,249.46010139562125
6,1233,2,1,2,-8.764726328312669,253.61216685962782,-0.623251280782349
6,1234,2,2,3,-1.854459596569739,-2.0529514251836596,250.0872371637931
6,1235,1,2,1,258.8508720040698,-1.5657700518764335,-0.5649019525675409
6,1236,2,2,3,-1.854459596569739,-2.0529514251836596,249.73714992662931
6,1237,2,2,3,-1.854459596569739,-2.0529514251836596,249.3874127767027
6,1238,2,2,3,-1.854459596569739,-2.0529514251836596,249.97490782743535
6,1239,1,2,1,258.5133006785789,-1.5657700518764335,-0.5649019525675409
6,1240,2,2,3,-1.854459596569739,-2.0529514251836596,249.98502156379496
6,1241,2,1,2,-8.764726328312669,253.19946730848073,-0.623251280782349
6,1242,2,2,3,-1.854459596569739,-2.0529514251836596,249.95326667095506
6,1243,2,1,2,-8.764726328312669,252.9248939780572,-0.623251280782349
6,1244,2,2,3,-1.854459596569739,-2.0529514251836596,250.45075677103887
6,1245,1,2,1,265.27903671703217,-1.5657700518764335,-0.5649019525675409
6,1246,0,2,1,231.31340770497994,-1.9014646570958402,-0.6663679920857718
6,1247,2,2,3,-1.854459596569739,-2.0529514251836596,251.56830572892116
6,1248,1,2,1,263.89069754915664,-1.5657700518764335,-0.5649019525675409
6,1249,2,1,2,-8.764726328312669,252.93766684741468,-0.623251280782349
6,1250,2,2,3,-1.854459596569739,-2.0529514251836596,251.3523041739231
6,1251,2,1,2,-8.764726328312669,253.0277782758916,-0.623251280782349
6,1252,2,2,3,-1.854459596569739,-2.0529514251836596,252.2422528138973
6,1253,1,2,1,262.6736108228168,-1.5657700518764335,-0.5649019525675409
6,1254,2,2,3,-1.854459596569739,-2.0529514251836596,252.92271500396643
6,1255,1,2,1,261.7455985259278,-1.5657700518764335,-0.5649019525675409
6,1256,2,2,3,-1.854459596569739,-2.0529514251836596,253.44325775763664
6,1257,1,2,1,261.061921191341,-1.5657700518764335,-0.5649019525675409
6,1258,2,2,3,-1.854459596569739,-2.0529514251836596,253.84406217981575
6,1259,1,2,1,260.5862912280087,-1.5657700518764335,-0.5649019525675409
6,1260,2,2,3,-1.854459596569739,-2.0529514251836596,254.15769879340704
6,1261,1,2,1,260.28927428575514,-1.5657700518764335,-0.5649019525675409
6,1262,2,2,3,-1.854459596569739,-2.0529514251836596,253.80354109461362
6,1263,2,2,3,-1.854459596569739,-2.0529514251836596,253.44973755351901
6,1264,2,2,3,-1.854459596569739,-2.0529514251836596,253.77340195245688
6,1265,1,2,1,260.0839136504729,-1.5657700518764335,-0.5649019525675409
6,1266,2,2,3,-1.854459596569739,-2.0529514251836596,253.34581180652447
6,1267,2,1,2,-8.764726328312669,253.40623581714834,-0.623251280782349
6,1268,2,2,3,-1.854459596569739,-2.0529514251836596,253.65953807726885
6,1269,1,2,1,259.9878165550752,-1.5657700518764335,-0.5649019525675409
6,1270,2,2,3,-1.854459596569739,-2.0529514251836596,253.30587853919158
6,1271,2,2,3,-1.854459596569739,-2.0529514251836596,252.95257266065238
6,1272,2,2,3,-1.854459596569739,-2.0529514251836596,252.59962008799172
6,1273,2,2,3,-1.854459596569739,-2.0529514251836596,252.24702046790372
6,1274,2,2,3,-1.854459596569739,-2.0529514251836596,252.6611122600658
6,1275,1,2,1,266.7890622623607,-1.5657700518764335,-0.5649019525675409
6,1276,0,2,1,233.26928428037962,-1.9014646570958402,-0.6663679920857718
6,1277,2,1,2,-8.764726328312669,255.1777293994072,-0.623251280782349
6,1278,1,2,1,266.62227320009833,-1.5657700518764335,-0.5649019525675409
6,1279,1,2,1,266.55565092689824,-1.5657700518764335,-0.5649019525675409
6,1280,1,2,1,265.21353594795494,-1.5657700518764335,-0.5649019525675409
6,1281,2,2,3,-1.854459596569739,-2.0529514251836596,253.55114109290676
6,1282,1,2,1,264.1937453213572,-1.5657700518764335,-0.5649019525675409
6,1283,2,2,3,-1.854459596569739,-2.0529514251836596,253.19758995181385
6,1284,2,2,3,-1.854459596569739,-2.0529514251836596,253.0404261671738
6,1285,2,1,2,-8.764726328312669,255.5109586500167,-0.623251280782349
6,1286,2,2,3,-1.854459596569739,-2.0529514251836596,252.93196845680808
6,1287,2,1,2,-8.764726328312669,262.73616212454675,-0.623251280782349
6,1288,2,0,2,-1.53565384476972,233.00662250933073,-0.6300840498404277
6,1289,2,2,3,-1.854459596569739,-2.0529514251836596,253.5496516614574
6,1290,2,1,2,-8.764726328312669,262.71772669890646,-0.623251280782349
6,1291,1,2,1,263.37578630370575,-1.5657700518764335,-0.5649019525675409
6,1292,2,2,3,-1.854459596569739,-2.0529514251836596,254.16888933937852
6,1293,1,2,1,262.80092771793363,-1.5657700518764335,-0.5649019525675409
6,1294,2,2,3,-1.854459596569739,-2.0529514251836596,254.6692922495161
6,1295,1,2,1,262.4330948788424,-1.5657700518764335,-0.5649019525675409
6,1296,2,2,3,-1.854459596569739,-2.0529514251836596,255.0832394175699
6,1297,1,2,1,262.24302609329754,-1.5657700518764335,-0.5649019525675409
6,1298,2,2,3,-1.854459596569739,-2.0529514251836596,254.72815617815232
6,1299,2,2,3,-1.854459596569739,-2.0529514251836596,254.37342802197418
6,1300,2,2,3,-1.854459596569739,-2.0529514251836596,254.0190545939522
6,1301,2,2,3,-1.854459596569739,-2.0529514251836596,253.66503553935826
6,1302,2,2,3,-1.854459596569739,-2.0529514251836596,254.1605915686589
6,1303,1,2,1,269.0123826277254,-1.5657700518764335,-0.5649019525675409
6,1304,0,2,1,236.57458173248648,-1.9014646570958402,-0.6663679920857718
6,1305,1,2,1,268.8433702450977,-1.5657700518764335,-0.5649019525675409
6,1306,1,2,1,268.16808816377966,-1.5657700518764335,-0.5649019525675409
6,1307,2,1,2,-8.764726328312669,263.19459475723,-0.623251280782349
6,1308,1,2,1,266.8131779126989,-1.5657700518764335,-0.5649019525675409
6,1309,2,2,3,-1.854459596569739,-2.0529514251836596,253.80643097709023
6,1310,2,2,3,-1.854459596569739,-2.0529514251836596,253.45262454611313
6,1311,2,2,3,-1.854459596569739,-2.0529514251836596,253.099171921567
6,1312,2,2,3,-1.854459596569739,-2.0529514251836596,252.74607274964544
6,1313,2,2,3,-1.854459596569739,-2.0529514251836596,253.78597008803808
6,1314,1,2,1,265.6566711601448,-1.5657700518764335,-0.5649019525675409
6,1315,2,2,3,-1.854459596569739,-2.0529514251836596,254.36363796020004
6,1316,2,1,2,-8.764726328312669,262.3571354395668,-0.623251280782349
6,1317,2,2,3,-1.854459596569739,-2.0529514251836596,254.80063057269714
6,1318,2,1,2,-8.764726328312669,261.74668432230715,-0.623251280782349
6,1319,2,2,3,-1.854459596569739,-2.0529514251836596,255.13348926333583
6,1320,2,1,2,-8.764726328312669,261.3302313271467,-0.623251280782349
6,1321,2,2,3,-1.854459596569739,-2.0529514251836596,255.8201507818566
6,1322,1,2,1,264.9171989715341,-1.5657700518764335,-0.5649019525675409
6,1323,2,2,3,-1.854459596569739,-2.0529514251836596,256.36493840185284
6,1324,1,2,1,264.4056079761641,-1.5657700518764335,-0.5649019525675409
6,1325,2,2,3,-1.854459596569739,-2.0529514251836596,256.50013746305507
6,1326,2,1,2,-8.764726328312669,261.19072180327447,-0.623251280782349
6,1327,2,2,3,-1.854459596569739,-2.0529514251836596,256.6080051752737
6,1328,2,1,2,-8.764726328312669,261.17584213529915,-0.623251280782349
6,1329,2,2,3,-1.854459596569739,-2.0529514251836596,256.70361302914097
6,1330,2,1,2,-8.764726328312669,261.2719156116542,-0.623251280782349
6,1331,2,2,3,-1.854459596569739,-2.0529514251836596,256.79917137178063
6,1332,2,1,2,-8.764726328312669,268.11237967891253,-0.623251280782349
6,1333,2,0,2,-1.53565384476972,235.8821154480379,-0.6300840498404277
6,1334,1,2,1,265.20817276676,-1.5657700518764335,-0.5649019525675409
6,1335,2,1,2,-8.764726328312669,266.8242596768276,-0.623251280782349
6,1336,2,2,3,-1.854459596569739,-2.0529514251836596,257.4348559426085
6,1337,2,1,2,-8.764726328312669,265.8278844474631,-0.623251280782349
6,1338,2,2,3,-1.854459596569739,-2.0529514251836596,257.07742108666594
6,1339,2,2,3,-1.854459596569739,-2.0529514251836596,256.72034366557926
6,1340,2,2,3,-1.854459596569739,-2.0529514251836596,256.3636233219137
6,1341,2,2,3,-1.854459596569739,-2.0529514251836596,256.0072596985918
6,1342,2,2,3,-1.854459596569739,-2.0529514251836596,255.65125243889318
6,1343,2,2,3,-1.854459596569739,-2.0529514251836596,256.3030877553027
6,1344,2,1,2,-8.764726328312669,264.91910169049174,-0.623251280782349
6,1345,2,2,3,-1.854459596569739,-2.0529514251836596,256.8283880836817
6,1346,1,2,1,264.9133659103685,-1.5657700518764335,-0.5649019525675409
6,1347,2,2,3,-1.854459596569739,-2.0529514251836596,257.27254034267224
6,1348,2,1,2,-8.764726328312669,264.2971730153671,-0.623251280782349
6,1349,2,2,3,-1.854459596569739,-2.0529514251836596,257.6717095335315
6,1350,1,2,1,271.7429129108478,-1.5657700518764335,-0.5649019525675409
6,1351,0,2,1,238.42662280305746,-1.9014646570958402,-0.6663679920857718
6,1352,2,2,3,-1.854459596569739,-2.0529514251836596,258.7070869583523
6,1353,1,2,1,270.2806232286399,-1.5657700518764335,-0.5649019525675409
6,1354,2,2,3,-1.854459596569739,-2.0529514251836596,259.4941599621524
6,1355,1,2,1,269.61798103429726,-1.5657700518764335,-0.5649019525675409
6,1356,2,1,2,-8.764726328312669,265.0596358362258,-0.623251280782349
6,1357,1,2,1,269.19708687865386,-1.5657700518764335,-0.5649019525675409
6,1358,2,1,2,-8.764726328312669,264.8435940888563,-0.623251280782349
6,1359,2,2,3,-1.854459596569739,-2.0529514251836596,259.66425978073397
6,1360,2,1,2,-8.764726328312669,264.7659963982634,-0.623251280782349
6,1361,2,2,3,-1.854459596569739,-2.0529514251836596,260.2483454036473
6,1362,1,2,1,268.44196438574954,-1.5657700518764335,-0.5649019525675409
6,1363,2,2,3,-1.854459596569739,-2.0529514251836596,260.33534450671067
6,1364,2,1,2,-8.764726328312669,264.8625958646014,-0.623251280782349
6,1365,2,2,3,-1.854459596569739,-2.0529514251836596,260.7775645302288
6,1366,1,2,1,267.91474683566724,-1.5657700518764335,-0.5649019525675409
6,1367,2,2,3,-1.854459596569739,-2.0529514251836596,260.8212050678015
6,1368,2,1,2,-8.764726328312669,271.628665707497,-0.623251280782349
6,1369,2,0,2,-1.53565384476972,239.1851418082763,-0.6300840498404277
6,1370,2,1,2,-8.764726328312669,271.45703704178953,-0.623251280782349
6,1371,2,1,2,-8.764726328312669,271.03489327434164,-0.623251280782349
6,1372,1,2,1,268.2468320888316,-1.5657700518764335,-0.5649019525675409
6,1373,1,2,1,268.67858525674274,-1.5657700518764335,-0.5649019525675409
6,1374,1,2,1,269.209906671486,-1.5657700518764335,-0.5649019525675409
6,1375,1,2,1,275.7931516618401,-1.5657700518764335,-0.5649019525675409
6,1376,0,2,1,241.41641495691152,-1.9014646570958402,-0.6663679920857718
6,1377,2,1,2,-8.764726328312669,271.0638583810673,-0.623251280782349
6,1378,2,1,2,-8.764726328312669,270.1787718446729,-0.623251280782349
6,1379,2,2,3,-1.854459596569739,-2.0529514251836596,261.38678297364396
6,1380,2,1,2,-8.764726328312669,269.5381861745964,-0.623251280782349
6,1381,2,2,3,-1.854459596569739,-2.0529514251836596,261.02539619067034
6,1382,2,2,3,-1.854459596569739,-2.0529514251836596,260.6643707944797
6,1383,2,2,3,-1.854459596569739,-2.0529514251836596,261.18221414631677
6,1384,2,1,2,-8.764726328312669,269.0414067576221,-0.623251280782349
6,1385,2,2,3,-1.854459596569739,-2.0529514251836596,260.82103193217046
6,1386,2,2,3,-1.854459596569739,-2.0529514251836596,260.4602109002383
6,1387,2,2,3,-1.854459596569739,-2.0529514251836596,260.09975068933807
6,1388,2,2,3,-1.854459596569739,-2.0529514251836596,259.7396509386487
6,1389,2,2,3,-1.854459596569739,-2.0529514251836596,259.37991128771006
6,1390,2,2,3,-1.854459596569739,-2.0529514251836596,259.02053137642235
6,1391,2,2,3,-1.854459596569739,-2.0529514251836596,260.3220002533023
6,1392,1,2,1,274.085714520733,-1.5657700518764335,-0.5649019525675409
6,1393,2,2,3,-1.854459596569739,-2.0529514251836596,259.961678253049
6,1394,2,2,3,-1.854459596569739,-2.0529514251836596,259.60171657479594
6,1395,2,2,3,-1.854459596569739,-2.0529514251836596,259.24211485822116
6,1396,2,2,3,-1.854459596569739,-2.0529514251836596,258.88287274336295
6,1397,2,2,3,-1.854459596569739,-2.0529514251836596,259.5296847380312
6,1398,2,1,2,-8.764726328312669,268.530704870925,-0.623251280782349
6,1399,2,2,3,-1.854459596569739,-2.0529514251836596,260.61120200178067
6,1400,1,2,1,272.677652066836,-1.5657700518764335,-0.5649019525675409
6,1401,2,2,3,-1.854459596569739,-2.0529514251836596,261.44516935621937
6,1402,1,2,1,271.5929586264181,-1.5657700518764335,-0.5649019525675409
6,1403,2,2,3,-1.854459596569739,-2.0529514251836596,261.08372418686315
6,1404,2,2,3,-1.854459596569739,-2.0529514251836596,260.7226404626763
6,1405,2,2,3,-1.854459596569739,-2.0529514251836596,261.43807932042404
6,1406,1,2,1,270.7160326164983,-1.5657700518764335,-0.5649019525675409
6,1407,2,2,3,-1.854459596569739,-2.0529514251836596,261.7788111706032
6,1408,2,1,2,-8.764726328312669,268.3937366897222,-0.623251280782349
6,1409,2,2,3,-1.854459596569739,-2.0529514251836596,262.07190998582536
6,1410,2,1,2,-8.764726328312669,275.1336920597693,-0.623251280782349
6,1411,2,0,2,-1.53565384476972,242.50486314136583,-0.6300840498404277
6,1412,2,1,2,-8.764726328312669,274.95855836770954,-0.623251280782349
6,1413,2,1,2,-8.764726328312669,274.88359980934183,-0.623251280782349
6,1414,2,1,2,-8.764726328312669,274.9087162095325,-0.623251280782349
6,1415,2,1,2,-8.764726328312669,274.61873181761257,-0.623251280782349
6,1416,1,2,1,271.33168380479214,-1.5657700518764335,-0.5649019525675409
6,1417,2,1,2,-8.764726328312669,273.60197772444803,-0.623251280782349
6,1418,2,2,3,-1.854459596569739,-2.0529514251836596,262.8513147819632
6,1419,2,1,2,-8.764726328312669,272.8640601154176,-0.623251280782349
6,1420,2,2,3,-1.854459596569739,-2.0529514251836596,263.4797252551932
6,1421,2,1,2,-8.764726328312669,272.36214690414,-0.623251280782349
6,1422,2,2,3,-1.854459596569739,-2.0529514251836596,263.99560527318374
6,1423,2,1,2,-8.764726328312669,272.06149713577116,-0.623251280782349
6,1424,2,2,3,-1.854459596569739,-2.0529514251836596,264.43013296230674
6,1425,2,1,2,-8.764726328312669,278.76332887318927,-0.623251280782349
6,1426,2,0,2,-1.53565384476972,244.4329599904976,-0.6300840498404277
6,1427,2,2,3,-1.854459596569739,-2.0529514251836596,264.06570282934445
6,1428,2,2,3,-1.854459596569739,-2.0529514251836596,263.7016371265151
6,1429,2,2,3,-1.854459596569739,-2.0529514251836596,264.8290429723093
6,1430,2,1,2,-8.764726328312669,277.205071240129,-0.623251280782349
6,1431,2,2,3,-1.854459596569739,-2.0529514251836596,264.464213929337
6,1432,2,2,3,-1.854459596569739,-2.0529514251836596,264.09974971540765
6,1433,2,2,3,-1.854459596569739,-2.0529514251836596,264.4516114405413
6,1434,1,2,1,270.9792249569265,-1.5657700518764335,-0.5649019525675409
6,1435,2,2,3,-1.854459596569739,-2.0529514251836596,264.7333935672229
6,1436,1,2,1,270.7899084243889,-1.5657700518764335,-0.5649019525675409
6,1437,2,2,3,-1.854459596569739,-2.0529514251836596,264.9682551445151
6,1438,1,2,1,270.742774841257,-1.5657700518764335,-0.5649019525675409
6,1439,2,2,3,-1.854459596569739,-2.0529514251836596,264.6032868893706
6,1440,2,2,3,-1.854459596569739,-2.0529514251836596,264.2386836024813
6,1441,2,2,3,-1.854459596569739,-2.0529514251836596,263.8744449188788
6,1442,2,2,3,-1.854459596569739,-2.0529514251836596,263.5105704739599
6,1443,2,2,3,-1.854459596569739,-2.0529514251836596,263.8630481358483
6,1444,1,2,1,277.46872243786555,-1.5657700518764335,-0.5649019525675409
6,1445,0,2,1,243.39721522666935,-1.9014646570958402,-0.6663679920857718
6,1446,2,2,3,-1.854459596569739,-2.0529514251836596,264.8461468436122
6,1447,1,2,1,277.26515224685176,-1.5657700518764335,-0.5649019525675409
6,1448,2,1,2,-8.764726328312669,277.1338141885544,-0.623251280782349
6,1449,1,2,1,275.9584055596842,-1.5657700518764335,-0.5649019525675409
6,1450,2,2,3,-1.854459596569739,-2.0529514251836596,265.5814143096597
6,1451,1,2,1,274.95512502037207,-1.5657700518764335,-0.5649019525675409
6,1452,2,2,3,-1.854459596569739,-2.0529514251836596,266.14383025571055
6,1453,1,2,1,275.0801698953517,-1.5657700518764335,-0.5649019525675409
6,1454,1,2,1,275.3050897254563,-1.5657700518764335,-0.5649019525675409
6,1455,1,2,1,275.62978463573086,-1.5657700518764335,-0.5649019525675409
6,1456,1,2,1,276.0541548510951,-1.5657700518764335,-0.5649019525675409
6,1457,1,2,1,276.6849869706525,-1.5657700518764335,-0.5649019525675409
6,1458,2,1,2,-8.764726328312669,277.1122464797936,-0.623251280782349
6,1459,1,2,1,283.0128125810275,-1.5657700518764335,-0.5649019525675409
6,1460,0,2,1,247.07576214952414,-1.9014646570958402,-0.6663679920857718
6,1461,1,2,1,282.2456437244243,-1.5657700518764335,-0.5649019525675409
6,1462,2,1,2,-8.764726328312669,277.74334056053226,-0.623251280782349
6,1463,1,2,1,281.7176700674746,-1.5657700518764335,-0.5649019525675409
6,1464,2,1,2,-8.764726328312669,278.35905584115903,-0.623251280782349
6,1465,1,2,1,280.1941422560425,-1.5657700518764335,-0.5649019525675409
6,1466,2,2,3,-1.854459596569739,-2.0529514251836596,267.16866731348773
6,1467,1,2,1,279.02442609447354,-1.5657700518764335,-0.5649019525675409
6,1468,2,2,3,-1.854459596569739,-2.0529514251836596,267.9093471104137
6,1469,2,1,2,-8.764726328312669,277.6461756209741,-0.623251280782349
6,1470,2,2,3,-1.854459596569739,-2.0529514251836596,267.5414377633033
6,1471,2,2,3,-1.854459596569739,-2.0529514251836596,267.17389632554
6,1472,2,2,3,-1.854459596569739,-2.0529514251836596,267.84347807946244
6,1473,2,1,2,-8.764726328312669,277.0980623887435,-0.623251280782349
6,1474,2,2,3,-1.854459596569739,-2.0529514251836596,268.5825484548691
6,1475,1,2,1,278.21165578205824,-1.5657700518764335,-0.5649019525675409
6,1476,2,2,3,-1.854459596569739,-2.0529514251836596,269.0570017858678
6,1477,2,1,2,-8.764726328312669,276.82489932667005,-0.623251280782349
6,1478,2,2,3,-1.854459596569739,-2.0529514251836596,269.4569666406213
6,1479,2,1,2,-8.764726328312669,283.2412724330623,-0.623251280782349
6,1480,2,0,2,-1.53565384476972,248.030549962321,-0.6300840498404277
6,1481,2,1,2,-8.764726328312669,283.05803116062924,-0.623251280782349
6,1482,2,1,2,-8.764726328312669,281.62846774198783,-0.623251280782349
6,1483,2,2,3,-1.854459596569739,-2.0529514251836596,269.95422389898295
6,1484,1,2,1,277.7159583698517,-1.5657700518764335,-0.5649019525675409
6,1485,2,2,3,-1.854459596569739,-2.0529514251836596,270.7400198155415
6,1486,2,1,2,-8.764726328312669,280.56888292952766,-0.623251280782349
6,1487,2,2,3,-1.854459596569739,-2.0529514251836596,271.05989771260266
6,1488,1,2,1,277.4792924064142,-1.5657700518764335,-0.5649019525675409
6,1489,2,2,3,-1.854459596569739,-2.0529514251836596,270.68883781489006
6,1490,2,2,3,-1.854459596569739,-2.0529514251836596,270.31814897707517
6,1491,2,2,3,-1.854459596569739,-2.0529514251836596,270.9626534893909
6,1492,2,1,2,-8.764726328312669,279.7372973320246,-0.623251280782349
6,1493,2,2,3,-1.854459596569739,-2.0529514251836596,271.4603805763222
6,1494,2,1,2,-8.764726328312669,279.138145275878,-0.623251280782349
6,1495,2,2,3,-1.854459596569739,-2.0529514251836596,271.8490189010019
6,1496,2,1,2,-8.764726328312669,278.7373836194894,-0.623251280782349
6,1497,2,2,3,-1.854459596569739,-2.0529514251836596,272.15911798923116
6,1498,2,1,2,-8.764726328312669,278.50739793847436,-0.623251280782349
6,1499,2,2,3,-1.854459596569739,-2.0529514251836596,272.313656138543
6,1500,1,2,1,277.4904151234885,-1.5657700518764335,-0.5649019525675409
6,1501,2,2,3,-1.854459596569739,-2.0529514251836596,272.4538416219141
6,1502,1,2,1,284.10187406394255,-1.5657700518764335,-0.5649019525675409
6,1503,0,2,1,249.9404183304807,-1.9014646570958402,-0.6663679920857718
6,1504,2,1,2,-8.764726328312669,279.58274367695725,-0.623251280782349
6,1505,1,2,1,283.91777218987863,-1.5657700518764335,-0.5649019525675409
6,1506,1,2,1,283.40468659490955,-1.5657700518764335,-0.5649019525675409
6,1507,2,1,2,-8.764726328312669,286.0794937555313,-0.623251280782349
6,1508,2,0,2,-1.53565384476972,250.2004252866584,-0.6300840498404277
6,1509,2,2,3,-1.854459596569739,-2.0529514251836596,272.0813877802922
6,1510,2,2,3,-1.854459596569739,-2.0529514251836596,271.7093063925119
6,1511,2,2,3,-1.854459596569739,-2.0529514251836596,272.7602456350583
6,1512,2,1,2,-8.764726328312669,284.57480869784894,-0.623251280782349
6,1513,2,2,3,-1.854459596569739,-2.0529514251836596,273.44128504444853
6,1514,1,2,1,282.434905154819,-1.5657700518764335,-0.5649019525675409
6,1515,2,2,3,-1.854459596569739,-2.0529514251836596,273.06784375940407
6,1516,2,2,3,-1.854459596569739,-2.0529514251836596,272.69477591564464
6,1517,2,2,3,-1.854459596569739,-2.0529514251836596,272.322081139729
6,1518,2,2,3,-1.854459596569739,-2.0529514251836596,271.9497590585893
6,1519,2,2,3,-1.854459596569739,-2.0529514251836596,272.6158387630574
6,1520,1,2,1,281.58038267687976,-1.5657700518764335,-0.5649019525675409
6,1521,2,2,3,-1.854459596569739,-2.0529514251836596,272.24322292429434
6,1522,2,2,3,-1.854459596569739,-2.0529514251836596,271.87097970137006
6,1523,2,2,3,-1.854459596569739,-2.0529514251836596,272.7567877923201
6,1524,2,1,2,-8.764726328312669,283.3202498195037,-0.623251280782349
6,1525,2,2,3,-1.854459596569739,-2.0529514251836596,272.3840310045278
6,1526,2,2,3,-1.854459596569739,-2.0529514251836596,272.0116469735233
6,1527,2,2,3,-1.854459596569739,-2.0529514251836596,272.7591870083018
6,1528,2,1,2,-8.764726328312669,282.2913843513752,-0.623251280782349
6,1529,2,2,3,-1.854459596569739,-2.0529514251836596,272.3864278212935
6,1530,2,2,3,-1.854459596569739,-2.0529514251836596,272.0140413934722
6,1531,2,2,3,-1.854459596569739,-2.0529514251836596,272.5890951391361
6,1532,1,2,1,280.9086648279663,-1.5657700518764335,-0.5649019525675409
6,1533,2,2,3,-1.854459596569739,-2.0529514251836596,272.21650604399696
6,1534,2,2,3,-1.854459596569739,-2.0529514251836596,271.84428953795293
6,1535,2,2,3,-1.854459596569739,-2.0529514251836596,271.472445248415
6,1536,2,2,3,-1.854459596569739,-2.0529514251836596,271.1009728031666
6,1537,2,2,3,-1.854459596569739,-2.0529514251836596,270.72987183036344
6,1538,2,2,3,-1.854459596569739,-2.0529514251836596,270.3591419585331
6,1539,2,2,3,-1.854459596569739,-2.0529514251836596,271.0331855806484
6,1540,1,2,1,280.25008371765387,-1.5657700518764335,-0.5649019525675409
6,1541,2,2,3,-1.854459596569739,-2.0529514251836596,271.7767140733697
6,1542,2,1,2,-8.764726328312669,281.36814060950127,-0.623251280782349
6,1543,2,2,3,-1.854459596569739,-2.0529514251836596,272.2438009540805
6,1544,1,2,1,279.87721164034247,-1.5657700518764335,-0.5649019525675409
6,1545,2,2,3,-1.854459596569739,-2.0529514251836596,271.8715571531264
6,1546,2,2,3,-1.854459596569739,-2.0529514251836596,271.49968559597323
6,1547,2,2,3,-1.854459596569739,-2.0529514251836596,271.1281859103773
6,1548,2,2,3,-1.854459596569739,-2.0529514251836596,270.7570577244669
6,1549,2,2,3,-1.854459596569739,-2.0529514251836596,271.43679787236084
6,1550,2,1,2,-8.764726328312669,280.60356953791484,-0.623251280782349
6,1551,2,2,3,-1.854459596569739,-2.0529514251836596,271.97287146937833
6,1552,2,1,2,-8.764726328312669,280.0685268595918,-0.623251280782349
6,1553,2,2,3,-1.854459596569739,-2.0529514251836596,271.60089859790895
6,1554,2,2,3,-1.854459596569739,-2.0529514251836596,271.229297699311
6,1555,2,2,3,-1.854459596569739,-2.0529514251836596,271.71421188177385
6,1556,1,2,1,279.58919745260386,-1.5657700518764335,-0.5649019525675409
6,1557,2,2,3,-1.854459596569739,-2.0529514251836596,272.1221212414042
6,1558,1,2,1,286.2743791220611,-1.5657700518764335,-0.5649019525675409
6,1559,0,2,1,253.28754003051668,-1.9014646570958402,-0.6663679920857718
6,1560,1,2,1,286.08810474293904,-1.5657700518764335,-0.5649019525675409
6,1561,1,2,1,284.61938427154416,-1.5657700518764335,-0.5649019525675409
6,1562,2,2,3,-1.854459596569739,-2.0529514251836596,272.9872281601467
6,1563,1,2,1,284.63476488727264,-1.5657700518764335,-0.5649019525675409
6,1564,1,2,1,284.75013012238537,-1.5657700518764335,-0.5649019525675409
6,1565,1,2,1,283.80085269800134,-1.5657700518764335,-0.5649019525675409
6,1566,2,2,3,-1.854459596569739,-2.0529514251836596,273.68478976123413
6,1567,1,2,1,284.1170518453033,-1.5657700518764335,-0.5649019525675409
6,1568,1,2,1,284.532934793458,-1.5657700518764335,-0.5649019525675409
6,1569,1,2,1,284.6064254732118,-1.5657700518764335,-0.5649019525675409
6,1570,2,1,2,-8.764726328312669,280.9377102954806,-0.623251280782349
6,1571,1,2,1,278.5920016417994,-1.5657700518764335,-0.5649019525675409
6,1572,0,1,2,2.7914631950699156,139.9320002440101,3.2914969809938084
6,1573,0,2,1,255.0535802138272,-1.9014646570958402,-0.6663679920857718
6,1574,2,2,3,-1.854459596569739,-2.0529514251836596,273.79691894764886
6,1575,1,2,1,278.64563479687206,-1.5657700518764335,-0.5649019525675409
6,1576,2,1,2,-8.764726328312669,276.2232350823316,-0.623251280782349
6,1577,1,0,1,136.21834869275418,8.926262106749988,17.78679373987269
6,1578,1,0,1,136.3821303440614,8.926262106749988,17.78679373987269
6,1579,1,0,1,147.91375941303446,8.926262106749988,17.78679373987269
6,1580,2,0,2,-1.53565384476972,252.7663006028829,-0.6300840498404277
6,1581,1,2,1,278.3869662930021,-1.5657700518764335,-0.5649019525675409
6,1582,2,2,3,-1.854459596569739,-2.0529514251836596,273.8775367158912
6,1583,1,2,1,278.26214579857515,-1.5657700518764335,-0.5649019525675409
6,1584,2,2,3,-1.854459596569739,-2.0529514251836596,273.5036591791753
6,1585,2,2,3,-1.854459596569739,-2.0529514251836596,273.13015551999615
6,1586,2,2,3,-1.854459596569739,-2.0529514251836596,272.75702536447614
6,1587,2,2,3,-1.854459596569739,-2.0529514251836596,272.38426833911166
6,1588,2,2,3,-1.854459596569739,-2.0529514251836596,272.01188407077257
6,1589,2,2,3,-1.854459596569739,-2.0529514251836596,272.25864809775425
6,1590,1,2,1,278.0895373803953,-1.5657700518764335,-0.5649019525675409
6,1591,2,2,3,-1.854459596569739,-2.0529514251836596,271.88638944965646
6,1592,2,2,3,-1.854459596569739,-2.0529514251836596,271.51450306020683
6,1593,2,2,3,-1.854459596569739,-2.0529514251836596,271.60915302733696
6,1594,2,1,2,-8.764726328312669,275.5902177238048,-0.623251280782349
6,1595,2,2,3,-1.854459596569739,-2.0529514251836596,271.8791019252624
6,1596,1,2,1,277.99661473295674,-1.5657700518764335,-0.5649019525675409
6,1597,2,2,3,-1.854459596569739,-2.0529514251836596,272.11285659129885
6,1598,1,2,1,285.34725770082997,-1.5657700518764335,-0.5649019525675409
6,1599,0,2,1,257.79760070482666,-1.9014646570958402,-0.6663679920857718
6,1600,1,2,1,285.16191044312916,-1.5657700518764335,-0.5649019525675409
6,1601,1,2,1,283.7848922013548,-1.5657700518764335,-0.5649019525675409
6,1602,2,2,3,-1.854459596569739,-2.0529514251836596,272.8962752601031
6,1603,1,2,1,282.989834535876,-1.5657700518764335,-0.5649019525675409
6,1604,2,1,2,-8.764726328312669,276.24718957047605,-0.623251280782349
6,1605,1,2,1,282.4393228497655,-1.5657700518764335,-0.5649019525675409
6,1606,2,1,2,-8.764726328312669,276.88396357555524,-0.623251280782349
6,1607,1,2,1,281.71212181553915,-1.5657700518764335,-0.5649019525675409
6,1608,2,2,3,-1.854459596569739,-2.0529514251836596,273.3961477938312
6,1609,1,2,1,281.2071282655745,-1.5657700518764335,-0.5649019525675409
6,1610,2,2,3,-1.854459596569739,-2.0529514251836596,273.7960387127399
6,1611,1,2,1,280.8922232715783,-1.5657700518764335,-0.5649019525675409
6,1612,2,2,3,-1.854459596569739,-2.0529514251836596,274.1247649453522
6,1613,1,2,1,280.74135267401033,-1.5657700518764335,-0.5649019525675409
6,1614,2,2,3,-1.854459596569739,-2.0529514251836596,273.75064018040683
6,1615,2,2,3,-1.854459596569739,-2.0529514251836596,274.0689700770932
6,1616,1,2,1,288.0891798763871,-1.5657700518764335,-0.5649019525675409
6,1617,0,2,1,259.429353028324,-1.9014646570958402,-0.6663679920857718
6,1618,2,1,2,-8.764726328312669,278.116396025762,-0.623251280782349
6,1619,1,2,1,286.51308992638064,-1.5657700518764335,-0.5649019525675409
6,1620,2,2,3,-1.854459596569739,-2.0529514251836596,274.9268689720956
6,1621,1,2,1,285.595304140293,-1.5657700518764335,-0.5649019525675409
6,1622,2,1,2,-8.764726328312669,279.07869153307485,-0.623251280782349
6,1623,1,2,1,284.5535337545012,-1.5657700518764335,-0.5649019525675409
6,1624,2,2,3,-1.854459596569739,-2.0529514251836596,275.50498191658164
6,1625,1,2,1,283.77317358879264,-1.5657700518764335,-0.5649019525675409
6,1626,2,2,3,-1.854459596569739,-2.0529514251836596,275.12947693466504
6,1627,2,2,3,-1.854459596569739,-2.0529514251836596,275.610073426489
6,1628,1,2,1,283.1812534991358,-1.5657700518764335,-0.5649019525675409
6,1629,2,2,3,-1.854459596569739,-2.0529514251836596,275.98401018025453
6,1630,1,2,1,282.7855451570674,-1.5657700518764335,-0.5649019525675409
6,1631,2,2,3,-1.854459596569739,-2.0529514251836596,275.91439962400347
6,1632,2,1,2,-8.764726328312669,279.0863479425437,-0.623251280782349
6,1633,2,2,3,-1.854459596569739,-2.0529514251836596,275.85250810791496
6,1634,2,1,2,-8.764726328312669,279.1871114509729,-0.623251280782349
6,1635,2,2,3,-1.854459596569739,-2.0529514251836596,276.16302626767316
6,1636,1,2,1,282.5471302418603,-1.5657700518764335,-0.5649019525675409
6,1637,2,2,3,-1.854459596569739,-2.0529514251836596,276.08624767455217
6,1638,2,1,2,-8.764726328312669,279.4009388256563,-0.623251280782349
6,1639,2,2,3,-1.854459596569739,-2.0529514251836596,276.34978880104114
6,1640,1,2,1,282.45104630897737,-1.5657700518764335,-0.5649019525675409
6,1641,2,2,3,-1.854459596569739,-2.0529514251836596,276.275502864677
6,1642,2,1,2,-8.764726328312669,286.38470870277604,-0.623251280782349
6,1643,2,0,2,-1.53565384476972,255.45232412718337,-0.6300840498404277
6,1644,1,2,1,277.95920970223665,-1.5657700518764335,-0.5649019525675409
6,1645,0,1,2,2.7914631950699156,139.8920682437661,3.2914969809938084
6,1646,0,1,2,2.7914631950699156,139.9521761755223,3.2914969809938084
6,1647,0,1,2,2.7914631950699156,151.94046450777415,3.2914969809938084
6,1648,0,2,1,260.8376925090946,-1.9014646570958402,-0.6663679920857718
6,1649,2,2,3,-1.854459596569739,-2.0529514251836596,276.0659143387307
6,1650,1,2,1,277.5938142515473,-1.5657700518764335,-0.5649019525675409
6,1651,2,2,3,-1.854459596569739,-2.0529514251836596,275.689848424392
6,1652,2,2,3,-1.854459596569739,-2.0529514251836596,275.3141585759676
6,1653,2,2,3,-1.854459596569739,-2.0529514251836596,276.0348288799457
6,1654,2,1,2,-8.764726328312669,285.47368589161306,-0.623251280782349
6,1655,2,2,3,-1.854459596569739,-2.0529514251836596,275.65879405106574
6,1656,2,2,3,-1.854459596569739,-2.0529514251836596,275.2831352570147
6,1657,2,2,3,-1.854459596569739,-2.0529514251836596,275.91671663458294
6,1658,2,1,2,-8.764726328312669,284.74207224927545,-0.623251280782349
6,1659,2,2,3,-1.854459596569739,-2.0529514251836596,276.4145101238029
6,1660,2,1,2,-8.764726328312669,284.2329015266044,-0.623251280782349
6,1661,2,2,3,-1.854459596569739,-2.0529514251836596,276.0380956136791
6,1662,2,2,3,-1.854459596569739,-2.0529514251836596,275.6620575180654
6,1663,2,2,3,-1.854459596569739,-2.0529514251836596,276.1349090173927
6,1664,2,1,2,-8.764726328312669,283.8469673666658,-0.623251280782349
6,1665,2,2,3,-1.854459596569739,-2.0529514251836596,276.52226788495335
6,1666,2,1,2,-8.764726328312669,283.63797515060963,-0.623251280782349
6,1667,2,2,3,-1.854459596569739,-2.0529514251836596,276.1457456170684
6,1668,2,2,3,-1.854459596569739,-2.0529514251836596,275.76959987145136
6,1669,2,2,3,-1.854459596569739,-2.0529514251836596,276.1727994242166
6,1670,2,1,2,-8.764726328312669,290.46395772413985,-0.623251280782349
6,1671,2,0,2,-1.53565384476972,257.24819885746246,-0.6300840498404277
6,1672,2,2,3,-1.854459596569739,-2.0529514251836596,277.21145129648477
6,1673,2,1,2,-8.764726328312669,290.2734937664157,-0.623251280782349
6,1674,2,1,2,-8.764726328312669,290.1832202726493,-0.623251280782349
6,1675,2,1,2,-8.764726328312669,290.19303705237667,-0.623251280782349
6,1676,2,1,2,-8.764726328312669,290.3028440153243,-0.623251280782349
6,1677,2,1,2,-8.764726328312669,290.51254117130895,-0.623251280782349
6,1678,2,1,2,-8.764726328312669,290.82202863013765,-0.623251280782349
6,1679,2,1,2,-8.764726328312669,289.8837594454759,-0.623251280782349
6,1680,2,2,3,-1.854459596569739,-2.0529514251836596,276.8342398451883
6,1681,2,2,3,-1.854459596569739,-2.0529514251836596,277.74930804577156
6,1682,2,1,2,-8.764726328312669,289.1925649974597,-0.623251280782349
6,1683,2,2,3,-1.854459596569739,-2.0529514251836596,277.37155873772576
6,1684,2,2,3,-1.854459596569739,-2.0529514251836596,276.99418717898806
6,1685,2,2,3,-1.854459596569739,-2.0529514251836596,276.6171929918091
6,1686,2,2,3,-1.854459596569739,-2.0529514251836596,276.24057579881725
6,1687,2,2,3,-1.854459596569739,-2.0529514251836596,275.86433522301843
6,1688,2,2,3,-1.854459596569739,-2.0529514251836596,275.4884708877954
6,1689,2,2,3,-1.854459596569739,-2.0529514251836596,275.11298241690764
6,1690,2,2,3,-1.854459596569739,-2.0529514251836596,274.73786943449073
6,1691,2,2,3,-1.854459596569739,-2.0529514251836596,275.7941464257902
6,1692,2,1,2,-8.764726328312669,295.64088018460257,-0.623251280782349
6,1693,2,0,2,-1.53565384476972,258.8269994678694,-0.6300840498404277
6,1694,2,2,3,-1.854459596569739,-2.0529514251836596,277.38317892148683
6,1695,2,1,2,-8.764726328312669,293.6585797770455,-0.623251280782349
6,1696,1,2,1,279.1066322243201,-1.5657700518764335,-0.5649019525675409
6,1697,2,1,2,-8.764726328312669,292.12427838954864,-0.623251280782349
6,1698,1,2,1,280.4162725624534,-1.5657700518764335,-0.5649019525675409
6,1699,2,1,2,-8.764726328312669,292.1321541111591,-0.623251280782349
6,1700,2,1,2,-8.764726328312669,292.24002195704793,-0.623251280782349
6,1701,2,1,2,-8.764726328312669,291.27723074502603,-0.623251280782349
6,1702,1,2,1,281.61109114996566,-1.5657700518764335,-0.5649019525675409
6,1703,2,1,2,-8.764726328312669,291.585953514281,-0.623251280782349
6,1704,2,1,2,-8.764726328312669,290.5882928760801,-0.623251280782349
6,1705,2,2,3,-1.854459596569739,-2.0529514251836596,277.00579574256534
6,1706,2,2,3,-1.854459596569739,-2.0529514251836596,276.6287899468228
6,1707,2,2,3,-1.854459596569739,-2.0529514251836596,276.25216115687596
6,1708,2,2,3,-1.854459596569739,-2.0529514251836596,275.8759089957191
6,1709,2,2,3,-1.854459596569739,-2.0529514251836596,276.9565590908791
6,1710,2,1,2,-8.764726328312669,289.74816293846914,-0.623251280782349
6,1711,2,2,3,-1.854459596569739,-2.0529514251836596,277.0404012056378
6,1712,1,2,1,281.37698175432723,-1.5657700518764335,-0.5649019525675409
6,1713,2,2,3,-1.854459596569739,-2.0529514251836596,277.92142921598247
6,1714,2,1,2,-8.764726328312669,296.2972195919413,-0.623251280782349
6,1715,2,0,2,-1.53565384476972,262.2777242606847,-0.6300840498404277
6,1716,2,1,2,-8.764726328312669,296.1009223723494,-0.623251280782349
6,1717,2,1,2,-8.764726328312669,296.00482144997704,-0.623251280782349
6,1718,2,1,2,-8.764726328312669,296.0088166285271,-0.623251280782349
6,1719,2,1,2,-8.764726328312669,296.11280781189856,-0.623251280782349
6,1720,2,1,2,-8.764726328312669,294.51574852309096,-0.623251280782349
6,1721,2,2,3,-1.854459596569739,-2.0529514251836596,277.88560748806265
6,1722,1,2,1,281.3499587202127,-1.5657700518764335,-0.5649019525675409
6,1723,2,2,3,-1.854459596569739,-2.0529514251836596,277.5077218805746
6,1724,2,2,3,-1.854459596569739,-2.0529514251836596,277.130214158694
6,1725,2,2,3,-1.854459596569739,-2.0529514251836596,276.7530839445353
6,1726,2,2,3,-1.854459596569739,-2.0529514251836596,276.37633086059077
6,1727,2,2,3,-1.854459596569739,-2.0529514251836596,275.9999545297302
6,1728,2,2,3,-1.854459596569739,-2.0529514251836596,275.62395457520046
6,1729,2,2,3,-1.854459596569739,-2.0529514251836596,277.1186182214664
6,1730,2,1,2,-8.764726328312669,293.098916874707,-0.623251280782349
6,1731,2,2,3,-1.854459596569739,-2.0529514251836596,278.3235491699158
6,1732,2,1,2,-8.764726328312669,292.043056555058,-0.623251280782349
6,1733,2,2,3,-1.854459596569739,-2.0529514251836596,277.9452256207459
6,1734,2,2,3,-1.854459596569739,-2.0529514251836596,277.5672803951251
6,1735,2,2,3,-1.854459596569739,-2.0529514251836596,278.62281495456335
6,1736,2,1,2,-8.764726328312669,291.222409580054,-0.623251280782349
6,1737,2,2,3,-1.854459596569739,-2.0529514251836596,279.4915520075324
6,1738,2,1,2,-8.764726328312669,297.96566332385635,-0.623251280782349
6,1739,2,0,2,-1.53565384476972,263.7196154833619,-0.6300840498404277
6,1740,2,2,3,-1.854459596569739,-2.0529514251836596,280.94099747584096
6,1741,2,1,2,-8.764726328312669,296.082255741579,-0.623251280782349
6,1742,2,2,3,-1.854459596569739,-2.0529514251836596,282.0590410466732
6,1743,2,1,2,-8.764726328312669,295.9861734858374,-0.623251280782349
6,1744,2,1,2,-8.764726328312669,295.99018731235157,-0.623251280782349
6,1745,2,1,2,-8.764726328312669,294.64481449441746,-0.623251280782349
6,1746,1,2,1,283.0847994831388,-1.5657700518764335,-0.5649019525675409
6,1747,2,1,2,-8.764726328312669,293.70572819380646,-0.623251280782349
6,1748,1,2,1,283.50016459844556,-1.5657700518764335,-0.5649019525675409
6,1749,2,2,3,-1.854459596569739,-2.0529514251836596,281.819653237252
6,1750,1,2,1,290.87307969700134,-1.5657700518764335,-0.5649019525675409
6,1751,0,2,1,263.55035814818825,-1.9014646570958402,-0.6663679920857718
6,1752,1,2,1,290.68220661730436,-1.5657700518764335,-0.5649019525675409
6,1753,1,2,1,290.89085304676075,-1.5657700518764335,-0.5649019525675409
6,1754,2,1,2,-8.764726328312669,293.73334982605513,-0.623251280782349
6,1755,1,2,1,290.899962193714,-1.5657700518764335,-0.5649019525675409
6,1756,1,2,1,291.289567607122,-1.5657700518764335,-0.5649019525675409
6,1757,2,1,2,-8.764726328312669,294.1396164762291,-0.623251280782349
6,1758,2,1,2,-8.764726328312669,294.36332202171127,-0.623251280782349
6,1759,1,2,1,291.80257972655926,-1.5657700518764335,-0.5649019525675409
6,1760,2,1,2,-8.764726328312669,289.47045200143054,-0.623251280782349
6,1761,1,0,1,159.83062540458383,8.926262106749988,17.78679373987269
6,1762,2,0,2,-1.53565384476972,266.2361093279551,-0.6300840498404277
6,1763,1,2,1,291.2224674243913,-1.5657700518764335,-0.5649019525675409
6,1764,2,2,3,-1.854459596569739,-2.0529514251836596,281.43783358401475
6,1765,2,2,3,-1.854459596569739,-2.0529514251836596,281.05639575043074
6,1766,2,2,3,-1.854459596569739,-2.0529514251836596,281.6817804504024
6,1767,1,2,1,290.786716946542,-1.5657700518764335,-0.5649019525675409
6,1768,2,2,3,-1.854459596569739,-2.0529514251836596,282.0711771535038
6,1769,2,1,2,-8.764726328312669,288.54845333948435,-0.623251280782349
6,1770,2,2,3,-1.854459596569739,-2.0529514251836596,282.33035631876237
6,1771,2,1,2,-8.764726328312669,287.8443132810934,-0.623251280782349
6,1772,2,2,3,-1.854459596569739,-2.0529514251836596,282.49390770171436
6,1773,2,1,2,-8.764726328312669,287.32677881545374,-0.623251280782349
6,1774,2,2,3,-1.854459596569739,-2.0529514251836596,282.11141379401266
6,1775,2,2,3,-1.854459596569739,-2.0529514251836596,281.72930238021866
6,1776,2,2,3,-1.854459596569739,-2.0529514251836596,281.34757307783843
6,1777,2,2,3,-1.854459596569739,-2.0529514251836596,280.9662255047606
6,1778,2,2,3,-1.854459596569739,-2.0529514251836596,281.21495405701444
6,1779,2,1,2,-8.764726328312669,286.8343813855528,-0.623251280782349
6,1780,2,2,3,-1.854459596569739,-2.0529514251836596,281.3900624084827
6,1781,2,1,2,-8.764726328312669,286.5085594254373,-0.623251280782349
6,1782,2,2,3,-1.854459596569739,-2.0529514251836596,281.00867234607426
6,1783,2,2,3,-1.854459596569739,-2.0529514251836596,280.6276636737282
6,1784,2,2,3,-1.854459596569739,-2.0529514251836596,280.8292446894737
6,1785,2,1,2,-8.764726328312669,286.25979870715145,-0.623251280782349
6,1786,2,2,3,-1.854459596569739,-2.0529514251836596,280.9860402925343
6,1787,2,1,2,-8.764726328312669,286.1514368253972,-0.623251280782349
6,1788,2,2,3,-1.854459596569739,-2.0529514251836596,280.60505425224176
6,1789,2,2,3,-1.854459596569739,-2.0529514251836596,280.22444919798954
6,1790,2,2,3,-1.854459596569739,-2.0529514251836596,280.88988925589825
6,1791,1,2,1,297.6995307085584,-1.5657700518764335,-0.5649019525675409
6,1792,0,2,1,265.00342136970335,-1.9014646570958402,-0.6663679920857718
6,1793,2,2,3,-1.854459596569739,-2.0529514251836596,282.17315387045574
6,1794,1,2,1,297.50183117784985,-1.5657700518764335,-0.5649019525675409
6,1795,1,2,1,297.404329346672,-1.5657700518764335,-0.5649019525675409
6,1796,1,2,1,297.4069250173253,-1.5657700518764335,-0.5649019525675409
6,1797,1,2,1,297.509518092308,-1.5657700518764335,-0.5649019525675409
6,1798,1,2,1,297.7120085742157,-1.5657700518764335,-0.5649019525675409
6,1799,1,2,1,298.0142965656415,-1.5657700518764335,-0.5649019525675409
6,1800,1,2,1,298.41628226907585,-1.5657700518764335,-0.5649019525675409
6,1801,1,2,1,298.91786598680676,-1.5657700518764335,-0.5649019525675409
6,1802,1,2,1,305.1614181037267,-1.5657700518764335,-0.5649019525675409
6,1803,0,2,1,268.71405962500194,-1.9014646570958402,-0.6663679920857718
6,1804,1,2,1,302.68041852652914,-1.5657700518764335,-0.5649019525675409
6,1805,2,2,3,-1.854459596569739,-2.0529514251836596,283.82119991753655
6,1806,1,2,1,300.71067546571237,-1.5657700518764335,-0.5649019525675409
6,1807,2,2,3,-1.854459596569739,-2.0529514251836596,283.437378717619
6,1808,2,2,3,-1.854459596569739,-2.0529514251836596,283.0539413389014
6,1809,2,2,3,-1.854459596569739,-2.0529514251836596,282.67088739756247
6,1810,2,2,3,-1.854459596569739,-2.0529514251836596,282.2882165101649
6,1811,2,2,3,-1.854459596569739,-2.0529514251836596,281.9059282936547
6,1812,2,2,3,-1.854459596569739,-2.0529514251836596,281.5240223653611
6,1813,2,2,3,-1.854459596569739,-2.0529514251836596,281.14249834299574
6,1814,2,2,3,-1.854459596569739,-2.0529514251836596,280.7613558446527
6,1815,2,2,3,-1.854459596569739,-2.0529514251836596,280.3805944888081
6,1816,2,2,3,-1.854459596569739,-2.0529514251836596,280.00021389431924
6,1817,2,2,3,-1.854459596569739,-2.0529514251836596,280.22918475060163
6,1818,2,1,2,-8.764726328312669,286.078982433167,-0.623251280782349
6,1819,2,2,3,-1.854459596569739,-2.0529514251836596,279.84895556585104
6,1820,2,2,3,-1.854459596569739,-2.0529514251836596,279.46910661028517
6,1821,2,2,3,-1.854459596569739,-2.0529514251836596,279.0896375036749
6,1822,2,2,3,-1.854459596569739,-2.0529514251836596,278.7105478661712
6,1823,2,2,3,-1.854459596569739,-2.0529514251836596,280.5098499506596
6,1824,1,2,1,298.7100830642564,-1.5657700518764335,-0.5649019525675409
6,1825,2,2,3,-1.854459596569739,-2.0529514251836596,281.93116317895505
6,1826,1,2,1,297.1502599125473,-1.5657700518764335,-0.5649019525675409
6,1827,2,2,3,-1.854459596569739,-2.0529514251836596,281.5492320157761
6,1828,2,2,3,-1.854459596569739,-2.0529514251836596,281.1676827837603
6,1829,2,2,3,-1.854459596569739,-2.0529514251836596,282.36879023672645
6,1830,1,2,1,295.8897441547285,-1.5657700518764335,-0.5649019525675409
6,1831,2,2,3,-1.854459596569739,-2.0529514251836596,282.35373047393733
6,1832,2,1,2,-8.764726328312669,293.7284590133179,-0.623251280782349
6,1833,2,0,2,-1.53565384476972,267.5655177120794,-0.6300840498404277
6,1834,2,2,3,-1.854459596569739,-2.0529514251836596,283.0974748688621
6,1835,2,1,2,-8.764726328312669,292.48226312400345,-0.623251280782349
6,1836,2,2,3,-1.854459596569739,-2.0529514251836596,283.64347143125224
6,1837,2,1,2,-8.764726328312669,292.72712148292123,-0.623251280782349
6,1838,1,2,1,295.88075476606485,-1.5657700518764335,-0.5649019525675409
6,1839,2,1,2,-8.764726328312669,293.0466040564695,-0.623251280782349
6,1840,1,2,1,296.00429309104885,-1.5657700518764335,-0.5649019525675409
6,1841,2,1,2,-8.764726328312669,292.22264732251654,-0.623251280782349
6,1842,2,2,3,-1.854459596569739,-2.0529514251836596,284.10916637305615
6,1843,2,1,2,-8.764726328312669,292.8048076062787,-0.623251280782349
6,1844,1,2,1,296.19153973496554,-1.5657700518764335,-0.5649019525675409
6,1845,2,1,2,-8.764726328312669,293.1120027986724,-0.623251280782349
6,1846,2,1,2,-8.764726328312669,293.51889079587374,-0.623251280782349
6,1847,2,1,2,-8.764726328312669,293.09380918721894,-0.623251280782349
6,1848,2,2,3,-1.854459596569739,-2.0529514251836596,284.6145368452852
6,1849,2,1,2,-8.764726328312669,300.1734145219929,-0.623251280782349
6,1850,2,0,2,-1.53565384476972,270.5261339785487,-0.6300840498404277
6,1851,2,1,2,-8.764726328312669,299.9732411074709,-0.623251280782349
6,1852,2,1,2,-8.764726328312669,299.87326786636345,-0.623251280782349
6,1853,2,1,2,-8.764726328312669,299.5089035134887,-0.623251280782349
6,1854,1,2,1,291.51449174773865,-1.5657700518764335,-0.5649019525675409
6,1855,0,1,2,2.7914631950699156,163.74910995987193,3.2914969809938084
6,1856,0,2,1,271.4940351103371,-1.9014646570958402,-0.6663679920857718
6,1857,2,1,2,-8.764726328312669,298.23485230982305,-0.623251280782349
6,1858,2,2,3,-1.854459596569739,-2.0529514251836596,284.22992230843994
6,1859,2,2,3,-1.854459596569739,-2.0529514251836596,283.8456923861315
6,1860,2,2,3,-1.854459596569739,-2.0529514251836596,283.4618466937453
6,1861,2,2,3,-1.854459596569739,-2.0529514251836596,283.07838484705155
6,1862,2,2,3,-1.854459596569739,-2.0529514251836596,284.19579674101885
6,1863,2,1,2,-8.764726328312669,297.14675095620163,-0.623251280782349
6,1864,2,2,3,-1.854459596569739,-2.0529514251836596,285.0937454115809
6,1865,2,1,2,-8.764726328312669,296.356356656328,-0.623251280782349
6,1866,2,2,3,-1.854459596569739,-2.0529514251836596,284.7086516661693
6,1867,2,2,3,-1.854459596569739,-2.0529514251836596,284.32394301450313
6,1868,2,2,3,-1.854459596569739,-2.0529514251836596,283.9396190714886
6,1869,2,2,3,-1.854459596569739,-2.0529514251836596,283.5556794524171
6,1870,2,2,3,-1.854459596569739,-2.0529514251836596,284.4393908161519
6,1871,2,1,2,-8.764726328312669,295.68022068149423,-0.623251280782349
6,1872,2,2,3,-1.854459596569739,-2.0529514251836596,285.16779358200466
6,1873,2,1,2,-8.764726328312669,302.7942858772211,-0.623251280782349
6,1874,2,0,2,-1.53565384476972,273.45015488253875,-0.6300840498404277
6,1875,2,1,2,-8.764726328312669,302.59149159134387,-0.623251280782349
6,1876,2,1,2,-8.764726328312669,300.7639539968279,-0.623251280782349
6,1877,2,2,3,-1.854459596569739,-2.0529514251836596,286.3266456694902
6,1878,2,1,2,-8.764726328312669,299.33389651842464,-0.623251280782349
6,1879,2,2,3,-1.854459596569739,-2.0529514251836596,287.2280368578652
6,1880,2,1,2,-8.764726328312669,299.4345626219062,-0.623251280782349
6,1881,2,1,2,-8.764726328312669,299.6351280592843,-0.623251280782349
6,1882,2,1,2,-8.764726328312669,299.935492931225,-0.623251280782349
6,1883,2,1,2,-8.764726328312669,299.0775192870311,-0.623251280782349
6,1884,2,2,3,-1.854459596569739,-2.0529514251836596,286.8408088210074
6,1885,2,2,3,-1.854459596569739,-2.0529514251836596,286.45396801218635
6,1886,2,2,3,-1.854459596569739,-2.0529514251836596,286.0675140441742
6,1887,2,2,3,-1.854459596569739,-2.0529514251836596,285.68144653013
6,1888,2,2,3,-1.854459596569739,-2.0529514251836596,285.2957650835999
6,1889,2,2,3,-1.854459596569739,-2.0529514251836596,284.91046931851633
6,1890,2,2,3,-1.854459596569739,-2.0529514251836596,285.9280967960808
6,1891,2,1,2,-8.764726328312669,298.27664894114,-0.623251280782349
6,1892,2,2,3,-1.854459596569739,-2.0529514251836596,285.54216869928473
6,1893,2,2,3,-1.854459596569739,-2.0529514251836596,285.15662653058547
6,1894,2,2,3,-1.854459596569739,-2.0529514251836596,285.40089856055306
6,1895,1,2,1,290.71773153045956,-1.5657700518764335,-0.5649019525675409
6,1896,2,2,3,-1.854459596569739,-2.0529514251836596,286.29019694967064
6,1897,2,1,2,-8.764726328312669,305.42054938039735,-0.623251280782349
6,1898,2,0,2,-1.53565384476972,274.88619481580037,-0.6300840498404277
6,1899,1,2,1,292.08259276607293,-1.5657700518764335,-0.5649019525675409
6,1900,2,1,2,-8.764726328312669,305.21512883101695,-0.623251280782349
6,1901,2,1,2,-8.764726328312669,305.10991370218596,-0.623251280782349
6,1902,2,1,2,-8.764726328312669,303.2416518299848,-0.623251280782349
6,1903,2,2,3,-1.854459596569739,-2.0529514251836596,287.58210078587206
6,1904,2,1,2,-8.764726328312669,302.23366333082754,-0.623251280782349
6,1905,1,2,1,293.09546615921755,-1.5657700518764335,-0.5649019525675409
6,1906,2,1,2,-8.764726328312669,300.98092497554615,-0.623251280782349
6,1907,2,2,3,-1.854459596569739,-2.0529514251836596,288.5210022798639
6,1908,2,1,2,-8.764726328312669,301.2799440505706,-0.623251280782349
6,1909,2,1,2,-8.764726328312669,300.41552887122003,-0.623251280782349
6,1910,2,2,3,-1.854459596569739,-2.0529514251836596,288.5853532016401
6,1911,1,2,1,292.75586951025815,-1.5657700518764335,-0.5649019525675409
6,1912,2,2,3,-1.854459596569739,-2.0529514251836596,288.6096489629916
6,1913,1,2,1,292.5526378065685,-1.5657700518764335,-0.5649019525675409
6,1914,2,2,3,-1.854459596569739,-2.0529514251836596,289.38982142494325
6,1915,2,1,2,-8.764726328312669,299.82356830516744,-0.623251280782349
6,1916,2,2,3,-1.854459596569739,-2.0529514251836596,289.00043160351834
6,1917,2,2,3,-1.854459596569739,-2.0529514251836596,288.61143117191483
6,1918,2,2,3,-1.854459596569739,-2.0529514251836596,289.33282131693494
6,1919,2,1,2,-8.764726328312669,306.95494476141494,-0.623251280782349
6,1920,2,0,2,-1.53565384476972,277.7861148656004,-0.6300840498404277
6,1921,2,1,2,-8.764726328312669,306.7479898166535,-0.623251280782349
6,1922,2,1,2,-8.764726328312669,305.2359019778384,-0.623251280782349
6,1923,1,2,1,294.11572832171765,-1.5657700518764335,-0.5649019525675409
6,1924,2,1,2,-8.764726328312669,304.1297688839046,-0.623251280782349
6,1925,1,2,1,294.04810479992244,-1.5657700518764335,-0.5649019525675409
6,1926,2,2,3,-1.854459596569739,-2.0529514251836596,290.408386304748
6,1927,2,1,2,-8.764726328312669,302.86722223968417,-0.623251280782349
6,1928,2,2,3,-1.854459596569739,-2.0529514251836596,290.3783100494655
6,1929,1,2,1,294.19074701482725,-1.5657700518764335,-0.5649019525675409
6,1930,2,2,3,-1.854459596569739,-2.0529514251836596,290.3653629989868
6,1931,1,2,1,301.6495817892679,-1.5657700518764335,-0.5649019525675409
7,1,0,0,2,0.009317174468442126,57.037697214438836,-0.6122225467830142
7,2,0,1,2,2.7914631950699156,174.35210843980812,3.2914969809938084
7,3,0,2,1,273.0908025362031,-1.9014646570958402,-0.6663679920857718
7,4,2,2,3,-1.854459596569739,-2.0529514251836596,289.97499763598785
7,5,2,2,3,-1.854459596569739,-2.0529514251836596,289.58502263835186
7,6,2,2,3,-1.854459596569739,-2.0529514251836596,289.1954376157135
7,7,2,2,3,-1.854459596569739,-2.0529514251836596,288.8062421780978
7,8,2,2,3,-1.854459596569739,-2.0529514251836596,288.41743593591974
7,9,2,2,3,-1.854459596569739,-2.0529514251836596,288.0290184999838
7,10,2,2,3,-1.854459596569739,-2.0529514251836596,289.10997165171415
7,11,2,1,2,-8.764726328312669,301.4023872092354,-0.623251280782349
7,12,2,2,3,-1.854459596569739,-2.0529514251836596,288.72086168006246
7,13,2,2,3,-1.854459596569739,-2.0529514251836596,288.3321408183824
7,14,2,2,3,-1.854459596569739,-2.0529514251836596,289.2622353336817
7,15,1,2,1,300.22158490837563,-1.5657700518764335,-0.5649019525675409
7,16,2,2,3,-1.854459596569739,-2.0529514251836596,289.95794870624275
7,17,1,2,1,299.1052633394561,-1.5657700518764335,-0.5649019525675409
7,18,2,2,3,-1.854459596569739,-2.0529514251836596,290.4735749062246
7,19,1,2,1,298.25162092122673,-1.5657700518764335,-0.5649019525675409
7,20,2,2,3,-1.854459596569739,-2.0529514251836596,291.1650537493164
7,21,2,1,2,-8.764726328312669,300.3874888094942,-0.623251280782349
7,22,2,2,3,-1.854459596569739,-2.0529514251836596,291.4754588455862
7,23,1,2,1,297.6825292548171,-1.5657700518764335,-0.5649019525675409
7,24,2,2,3,-1.854459596569739,-2.0529514251836596,291.0839833867406
7,25,2,2,3,-1.854459596569739,-2.0529514251836596,290.69289940335386
7,26,2,2,3,-1.854459596569739,-2.0529514251836596,290.3022065039505
7,27,2,2,3,-1.854459596569739,-2.0529514251836596,289.91190429744654
7,28,2,2,3,-1.854459596569739,-2.0529514251836596,289.5219923931491
7,29,2,2,3,-1.854459596569739,-2.0529514251836596,289.13247040075595
7,30,2,2,3,-1.854459596569739,-2.0529514251836596,289.8575847528203
7,31,2,1,2,-8.764726328312669,299.444640819074,-0.623251280782349
7,32,2,2,3,-1.854459596569739,-2.0529514251836596,289.4677271680675
7,33,2,2,3,-1.854459596569739,-2.0529514251836596,289.0782594408994
7,34,2,2,3,-1.854459596569739,-2.0529514251836596,289.54100389303636
7,35,1,2,1,297.078835714746,-1.5657700518764335,-0.5649019525675409
7,36,2,2,3,-1.854459596569739,-2.0529514251836596,290.13192294482104
7,37,2,1,2,-8.764726328312669,298.72323710870387,-0.623251280782349
7,38,2,2,3,-1.854459596569739,-2.0529514251836596,289.7417910218762
7,39,2,2,3,-1.854459596569739,-2.0529514251836596,289.35204923085433
7,40,2,2,3,-1.854459596569739,-2.0529514251836596,289.89044478153056
7,41,2,1,2,-8.764726328312669,298.150067431205,-0.623251280782349
7,42,2,2,3,-1.854459596569739,-2.0529514251836596,290.21220503913736
7,43,1,2,1,296.701960442146,-1.5657700518764335,-0.5649019525675409
7,44,2,2,3,-1.854459596569739,-2.0529514251836596,289.82199283409824
7,45,2,2,3,-1.854459596569739,-2.0529514251836596,289.4321708412641
7,46,2,2,3,-1.854459596569739,-2.0529514251836596,289.04273867042286
7,47,2,2,3,-1.854459596569739,-2.0529514251836596,288.65369593175245
7,48,2,2,3,-1.854459596569739,-2.0529514251836596,288.2650422358207
7,49,2,2,3,-1.854459596569739,-2.0529514251836596,287.87677719358487
7,50,2,2,3,-1.854459596569739,-2.0529514251836596,287.4889004163913
7,51,2,2,3,-1.854459596569739,-2.0529514251836596,287.1014115159749
7,52,2,2,3,-1.854459596569739,-2.0529514251836596,287.66476444814987
7,53,1,2,1,296.21057607829823,-1.5657700518764335,-0.5649019525675409
7,54,2,2,3,-1.854459596569739,-2.0529514251836596,287.2770996837017
7,55,2,2,3,-1.854459596569739,-2.0529514251836596,286.889822584018
7,56,2,2,3,-1.854459596569739,-2.0529514251836596,286.502932761434
7,57,2,2,3,-1.854459596569739,-2.0529514251836596,286.11642982867255
7,58,2,2,3,-1.854459596569739,-2.0529514251836596,285.73031339884386
7,59,2,2,3,-1.854459596569739,-2.0529514251836596,285.34458308544504
7,60,2,2,3,-1.854459596569739,-2.0529514251836596,284.9592385023596
7,61,2,2,3,-1.854459596569739,-2.0529514251836596,284.57427926385725
7,62,2,2,3,-1.854459596569739,-2.0529514251836596,284.1897049845934
7,63,2,2,3,-1.854459596569739,-2.0529514251836596,283.8055152796088
7,64,2,2,3,-1.854459596569739,-2.0529514251836596,283.4217097643292
7,65,2,2,3,-1.854459596569739,-2.0529514251836596,283.0382880545649
7,66,2,2,3,-1.854459596569739,-2.0529514251836596,284.1513159247977
7,67,2,1,2,-8.764726328312669,297.1660409646395,-0.623251280782349
7,68,2,2,3,-1.854459596569739,-2.0529514251836596,285.05562238781727
7,69,2,1,2,-8.764726328312669,296.46994348456946,-0.623251280782349
7,70,2,2,3,-1.854459596569739,-2.0529514251836596,285.77490718078707
7,71,1,2,1,295.6812342813663,-1.5657700518764335,-0.5649019525675409
7,72,2,2,3,-1.854459596569739,-2.0529514251836596,286.3698586565636
7,73,1,2,1,303.04910030431375,-1.5657700518764335,-0.5649019525675409
7,74,0,2,1,275.13224668755515,-1.9014646570958402,-0.6663679920857718
7,75,2,1,2,-8.764726328312669,292.5461810511663,-0.623251280782349
7,76,1,0,1,159.77079477917925,8.926262106749988,17.78679373987269
7,77,1,0,1,159.81102398440007,8.926262106749988,17.78679373987269
7,78,1,0,1,159.95121296041566,8.926262106749988,17.78679373987269
7,79,1,0,1,160.19126174745526,8.926262106749988,17.78679373987269
7,80,1,0,1,172.17296094440417,8.926262106749988,17.78679373987269
7,81,2,0,2,-1.53565384476972,280.0093643091674,-0.6300840498404277
7,82,1,2,1,303.3460512040094,-1.5657700518764335,-0.5649019525675409
7,83,1,2,1,303.7427051528054,-1.5657700518764335,-0.5649019525675409
7,84,1,2,1,304.23896244765257,-1.5657700518764335,-0.5649019525675409
7,85,1,2,1,310.9531586249553,-1.5657700518764335,-0.5649019525675409
7,86,0,2,1,275.96963802579944,-1.9014646570958402,-0.6663679920857718
7,87,2,2,3,-1.854459596569739,-2.0529514251836596,288.41723549477786
7,88,1,2,1,308.51114907644273,-1.5657700518764335,-0.5649019525675409
7,89,2,2,3,-1.854459596569739,-2.0529514251836596,290.0181157038679
7,90,1,2,1,308.4026379273663,-1.5657700518764335,-0.5649019525675409
7,91,1,2,1,308.39423528943894,-1.5657700518764335,-0.5649019525675409
7,92,1,2,1,306.666605215178,-1.5657700518764335,-0.5649019525675409
7,93,2,2,3,-1.854459596569739,-2.0529514251836596,291.27629804978375
7,94,1,2,1,305.4620166177256,-1.5657700518764335,-0.5649019525675409
7,95,2,1,2,-8.764726328312669,293.6323025912045,-0.623251280782349
7,96,1,2,1,305.7565546011079,-1.5657700518764335,-0.5649019525675409
7,97,1,2,1,306.1507980465068,-1.5657700518764335,-0.5649019525675409
7,98,1,2,1,306.6446472484603,-1.5657700518764335,-0.5649019525675409
7,99,1,2,1,313.2011766881684,-1.5657700518764335,-0.5649019525675409
7,100,0,2,1,279.3795907153482,-1.9014646570958402,-0.6663679920857718
7,101,1,2,1,312.9879755114802,-1.5657700518764335,-0.5649019525675409
7,102,1,2,1,310.7255314672608,-1.5657700518764335,-0.5649019525675409
7,103,2,2,3,-1.854459596569739,-2.0529514251836596,292.8104958600642
7,104,1,2,1,308.9412174106811,-1.5657700518764335,-0.5649019525675409
7,105,2,2,3,-1.854459596569739,-2.0529514251836596,294.0146267977152
7,106,1,2,1,307.5166936261422,-1.5657700518764335,-0.5649019525675409
7,107,2,1,2,-8.764726328312669,294.91322500107214,-0.623251280782349
7,108,1,2,1,306.46143353863414,-1.5657700518764335,-0.5649019525675409
7,109,2,1,2,-8.764726328312669,296.0615844212897,-0.623251280782349
7,110,1,2,1,306.7549721050955,-1.5657700518764335,-0.5649019525675409
7,111,1,2,1,307.1482171329904,-1.5657700518764335,-0.5649019525675409
7,112,1,2,1,307.64106891585743,-1.5657700518764335,-0.5649019525675409
7,113,1,2,1,314.4355415050912,-1.5657700518764335,-0.5649019525675409
7,114,0,2,1,280.75172850152103,-1.9014646570958402,-0.6663679920857718
7,115,2,1,2,-8.764726328312669,297.98454458816474,-0.623251280782349
7,116,1,2,1,312.1994354075559,-1.5657700518764335,-0.5649019525675409
7,117,2,2,3,-1.854459596569739,-2.0529514251836596,295.4209082232917
7,118,1,2,1,312.08723597214833,-1.5657700518764335,-0.5649019525675409
7,119,1,2,1,312.0751487361762,-1.5657700518764335,-0.5649019525675409
7,120,1,2,1,312.16307358744,-1.5657700518764335,-0.5649019525675409
7,121,1,2,1,312.35091051385257,-1.5657700518764335,-0.5649019525675409
7,122,1,2,1,312.6385596033387,-1.5657700518764335,-0.5649019525675409
7,123,1,2,1,311.3213735571107,-1.5657700518764335,-0.5649019525675409
7,124,2,2,3,-1.854459596569739,-2.0529514251836596,295.0254873150684
7,125,2,2,3,-1.854459596569739,-2.0529514251836596,294.6304618277533
7,126,2,2,3,-1.854459596569739,-2.0529514251836596,294.5678855592063
7,127,2,1,2,-8.764726328312669,297.8483107997097,-0.623251280782349
7,128,2,2,3,-1.854459596569739,-2.0529514251836596,294.4980797724569
7,129,2,1,2,-8.764726328312669,297.81878961721196,-0.623251280782349
7,130,2,2,3,-1.854459596569739,-2.0529514251836596,294.4323319673152
7,131,2,1,2,-8.764726328312669,297.885711520255,-0.623251280782349
7,132,2,2,3,-1.854459596569739,-2.0529514251836596,295.70991475273763
7,133,1,2,1,310.2645177619206,-1.5657700518764335,-0.5649019525675409
7,134,2,2,3,-1.854459596569739,-2.0529514251836596,296.755110535894
7,135,1,2,1,316.93248710737913,-1.5657700518764335,-0.5649019525675409
7,136,0,2,1,282.05531159442245,-1.9014646570958402,-0.6663679920857718
7,137,2,2,3,-1.854459596569739,-2.0529514251836596,298.35591570593516
7,138,1,2,1,314.82992383714645,-1.5657700518764335,-0.5649019525675409
7,139,2,1,2,-8.764726328312669,298.43437602311707,-0.623251280782349
7,140,2,2,3,-1.854459596569739,-2.0529514251836596,297.9653273616302
7,141,2,1,2,-8.764726328312669,306.2118654874129,-0.623251280782349
7,142,2,0,2,-1.53565384476972,283.17659033812816,-0.6300840498404277
7,143,1,2,1,314.7150939133093,-1.5657700518764335,-0.5649019525675409
7,144,1,2,1,313.04215193077977,-1.5657700518764335,-0.5649019525675409
7,145,2,2,3,-1.854459596569739,-2.0529514251836596,297.56736203426857
7,146,2,2,3,-1.854459596569739,-2.0529514251836596,297.1697946722343
7,147,2,2,3,-1.854459596569739,-2.0529514251836596,297.66778988826474
7,148,2,1,2,-8.764726328312669,305.15979013760983,-0.623251280782349
7,149,2,2,3,-1.854459596569739,-2.0529514251836596,298.01183012306166
7,150,2,1,2,-8.764726328312669,304.346982306032,-0.623251280782349
7,151,2,2,3,-1.854459596569739,-2.0529514251836596,297.6138182929386
7,152,2,2,3,-1.854459596569739,-2.0529514251836596,297.2162044746457
7,153,2,2,3,-1.854459596569739,-2.0529514251836596,297.5249352754783
7,154,2,1,2,-8.764726328312669,303.6672526677011,-0.623251280782349
7,155,2,2,3,-1.854459596569739,-2.0529514251836596,298.66361478907766
7,156,1,2,1,311.70563460182046,-1.5657700518764335,-0.5649019525675409
7,157,2,2,3,-1.854459596569739,-2.0529514251836596,298.26495117428857
7,158,2,2,3,-1.854459596569739,-2.0529514251836596,297.8666862231143
7,159,2,2,3,-1.854459596569739,-2.0529514251836596,298.8388754263831
7,160,1,2,1,310.62011980885035,-1.5657700518764335,-0.5649019525675409
7,161,2,2,3,-1.854459596569739,-2.0529514251836596,299.60637974482097
7,162,1,2,1,309.8191394227026,-1.5657700518764335,-0.5649019525675409
7,163,2,2,3,-1.854459596569739,-2.0529514251836596,300.21783657318645
7,164,1,2,1,309.25879130117784,-1.5657700518764335,-0.5649019525675409
7,165,2,2,3,-1.854459596569739,-2.0529514251836596,300.71267325468443
7,166,1,2,1,308.9034668232738,-1.5657700518764335,-0.5649019525675409
7,167,2,2,3,-1.854459596569739,-2.0529514251836596,301.1228491447201
7,168,1,2,1,315.8365959887942,-1.5657700518764335,-0.5649019525675409
7,169,0,2,1,285.11760343787086,-1.9014646570958402,-0.6663679920857718
7,170,1,2,1,315.62075939280544,-1.5657700518764335,-0.5649019525675409
7,171,1,2,1,314.3217414676273,-1.5657700518764335,-0.5649019525675409
7,172,2,1,2,-8.764726328312669,304.8183798062261,-0.623251280782349
7,173,1,2,1,314.30741972615965,-1.5657700518764335,-0.5649019525675409
7,174,1,2,1,314.39311230643347,-1.5657700518764335,-0.5649019525675409
7,175,1,2,1,314.578719194127,-1.5657700518764335,-0.5649019525675409
7,176,1,2,1,313.5320093400416,-1.5657700518764335,-0.5649019525675409
7,177,2,2,3,-1.854459596569739,-2.0529514251836596,300.72172629557537
7,178,2,2,3,-1.854459596569739,-2.0529514251836596,300.3210045692798
7,179,2,2,3,-1.854459596569739,-2.0529514251836596,301.22857303701596
7,180,1,2,1,312.700437136702,-1.5657700518764335,-0.5649019525675409
7,181,2,2,3,-1.854459596569739,-2.0529514251836596,301.9630590098479
7,182,1,2,1,312.12473626500673,-1.5657700518764335,-0.5649019525675409
7,183,2,2,3,-1.854459596569739,-2.0529514251836596,301.561095950838
7,184,2,2,3,-1.854459596569739,-2.0529514251836596,301.15953485488717
7,185,2,2,3,-1.854459596569739,-2.0529514251836596,301.1206009702148
7,186,2,1,2,-8.764726328312669,304.64748132165477,-0.623251280782349
7,187,2,2,3,-1.854459596569739,-2.0529514251836596,300.7194803692446
7,188,2,2,3,-1.854459596569739,-2.0529514251836596,300.3187608888753
7,189,2,2,3,-1.854459596569739,-2.0529514251836596,299.91844212798645
7,190,2,2,3,-1.854459596569739,-2.0529514251836596,299.51852368585844
7,191,2,2,3,-1.854459596569739,-2.0529514251836596,300.3670202075083
7,192,1,2,1,319.03890537885525,-1.5657700518764335,-0.5649019525675409
7,193,0,2,1,286.7659437449276,-1.9014646570958402,-0.6663679920857718
7,194,2,1,2,-8.764726328312669,306.36758482199593,-0.623251280782349
7,195,1,2,1,316.971349841513,-1.5657700518764335,-0.5649019525675409
7,196,2,2,3,-1.854459596569739,-2.0529514251836596,301.61048182106725
7,197,1,2,1,315.8046057547393,-1.5657700518764335,-0.5649019525675409
7,198,2,1,2,-8.764726328312669,307.6954823095155,-0.623251280782349
7,199,1,2,1,314.38358287955106,-1.5657700518764335,-0.5649019525675409
7,200,2,2,3,-1.854459596569739,-2.0529514251836596,302.4734083440361
7,201,1,2,1,313.807077340238,-1.5657700518764335,-0.5649019525675409
7,202,2,1,2,-8.764726328312669,307.6708015046235,-0.623251280782349
7,203,2,2,3,-1.854459596569739,-2.0529514251836596,302.0709349356921
7,204,2,2,3,-1.854459596569739,-2.0529514251836596,301.6688640007564
7,205,2,2,3,-1.854459596569739,-2.0529514251836596,301.2671951367556
7,206,2,2,3,-1.854459596569739,-2.0529514251836596,300.86592794161885
7,207,2,2,3,-1.854459596569739,-2.0529514251836596,301.1387444964147
7,208,2,1,2,-8.764726328312669,314.83820379763586,-0.623251280782349
7,209,2,0,2,-1.53565384476972,286.0279134802813,-0.6300840498404277
7,210,2,1,2,-8.764726328312669,314.62336559383823,-0.623251280782349
7,211,2,1,2,-8.764726328312669,314.5087422282444,-0.623251280782349
7,212,2,1,2,-8.764726328312669,314.4942334860161,-0.623251280782349
7,213,2,1,2,-8.764726328312669,314.5797392525301,-0.623251280782349
7,214,2,1,2,-8.764726328312669,314.7651595132776,-0.623251280782349
7,215,2,1,2,-8.764726328312669,315.0503943537643,-0.623251280782349
7,216,2,1,2,-8.764726328312669,315.31225557507145,-0.623251280782349
7,217,1,2,1,313.99327026289774,-1.5657700518764335,-0.5649019525675409
7,218,1,2,1,313.006678941753,-1.5657700518764335,-0.5649019525675409
7,219,2,2,3,-1.854459596569739,-2.0529514251836596,302.14078334870527
7,220,2,1,2,-8.764726328312669,314.49296756908615,-0.623251280782349
7,221,2,2,3,-1.854459596569739,-2.0529514251836596,302.9615088031743
7,222,2,1,2,-8.764726328312669,321.26043424672537,-0.623251280782349
7,223,2,0,2,-1.53565384476972,288.4127833474867,-0.6300840498404277
7,224,1,2,1,314.21079403800354,-1.5657700518764335,-0.5649019525675409
7,225,2,1,2,-8.764726328312669,319.22758019356706,-0.623251280782349
7,226,2,2,3,-1.854459596569739,-2.0529514251836596,302.5585472943711
7,227,2,2,3,-1.854459596569739,-2.0529514251836596,302.1559887470768
7,228,2,2,3,-1.854459596569739,-2.0529514251836596,302.9472584821315
7,229,1,2,1,313.5814932239342,-1.5657700518764335,-0.5649019525675409
7,230,2,2,3,-1.854459596569739,-2.0529514251836596,304.15606307308144
7,231,2,1,2,-8.764726328312669,317.6162724184454,-0.623251280782349
7,232,2,2,3,-1.854459596569739,-2.0529514251836596,305.0844677351994
7,233,2,1,2,-8.764726328312669,316.35800748238563,-0.623251280782349
7,234,2,2,3,-1.854459596569739,-2.0529514251836596,304.6793832674642
7,235,2,2,3,-1.854459596569739,-2.0529514251836596,304.2747038841967
7,236,2,2,3,-1.854459596569739,-2.0529514251836596,304.7918013249465
7,237,1,2,1,320.5131723322886,-1.5657700518764335,-0.5649019525675409
7,238,0,2,1,288.26373770160455,-1.9014646570958402,-0.6663679920857718
7,239,2,2,3,-1.854459596569739,-2.0529514251836596,305.94342525334844
7,240,1,2,1,318.85025419914126,-1.5657700518764335,-0.5649019525675409
7,241,2,2,3,-1.854459596569739,-2.0529514251836596,306.8152578937286
7,242,1,2,1,318.4846715199833,-1.5657700518764335,-0.5649019525675409
7,243,2,1,2,-8.764726328312669,315.49691726562617,-0.623251280782349
7,244,2,2,3,-1.854459596569739,-2.0529514251836596,307.26792691365273
7,245,2,1,2,-8.764726328312669,314.8667503035152,-0.623251280782349
7,246,2,2,3,-1.854459596569739,-2.0529514251836596,306.86065898673905
7,247,2,2,3,-1.854459596569739,-2.0529514251836596,306.45379832775234
7,248,2,2,3,-1.854459596569739,-2.0529514251836596,306.0473445294246
7,249,2,2,3,-1.854459596569739,-2.0529514251836596,305.64129718489517
7,250,2,2,3,-1.854459596569739,-2.0529514251836596,306.14897574645363
7,251,2,1,2,-8.764726328312669,314.28882387206255,-0.623251280782349
7,252,2,2,3,-1.854459596569739,-2.0529514251836596,305.74282677070715
7,253,2,2,3,-1.854459596569739,-2.0529514251836596,305.3370839439365
7,254,2,2,3,-1.854459596569739,-2.0529514251836596,304.93174685999253
7,255,2,2,3,-1.854459596569739,-2.0529514251836596,304.52681511313256
7,256,2,2,3,-1.854459596569739,-2.0529514251836596,305.0887271651535
7,257,2,1,2,-8.764726328312669,313.76372547420647,-0.623251280782349
7,258,2,2,3,-1.854459596569739,-2.0529514251836596,304.68363843798835
7,259,2,2,3,-1.854459596569739,-2.0529514251836596,304.2789547995504
7,260,2,2,3,-1.854459596569739,-2.0529514251836596,304.81366814154177
7,261,2,1,2,-8.764726328312669,313.36390607279844,-0.623251280782349
7,262,2,2,3,-1.854459596569739,-2.0529514251836596,305.25532802859465
7,263,2,1,2,-8.764726328312669,320.4803810169198,-0.623251280782349
7,264,2,0,2,-1.53565384476972,289.7917824875689,-0.6300840498404277
7,265,2,2,3,-1.854459596569739,-2.0529514251836596,306.35735294641023
7,266,2,1,2,-8.764726328312669,320.2599006359029,-0.623251280782349
7,267,2,1,2,-8.764726328312669,320.139640735267,-0.623251280782349
7,268,2,1,2,-8.764726328312669,318.7550546034349,-0.623251280782349
7,269,2,2,3,-1.854459596569739,-2.0529514251836596,307.17836805750926
7,270,2,1,2,-8.764726328312669,317.69020758078483,-0.623251280782349
7,271,2,2,3,-1.854459596569739,-2.0529514251836596,307.81186180225603
7,272,2,1,2,-8.764726328312669,317.9511693031847,-0.623251280782349
7,273,1,2,1,318.41337012900027,-1.5657700518764335,-0.5649019525675409
7,274,2,1,2,-8.764726328312669,318.2789760156373,-0.623251280782349
7,275,1,2,1,318.4816517416483,-1.5657700518764335,-0.5649019525675409
7,276,2,1,2,-8.764726328312669,317.6244527324969,-0.623251280782349
7,277,2,2,3,-1.854459596569739,-2.0529514251836596,307.4040499404538
7,278,2,2,3,-1.854459596569739,-2.0529514251836596,306.9966458905133
7,279,2,2,3,-1.854459596569739,-2.0529514251836596,306.5896492446228
7,280,2,2,3,-1.854459596569739,-2.0529514251836596,307.27550514067775
7,281,2,1,2,-8.764726328312669,317.0822824681743,-0.623251280782349
7,282,2,2,3,-1.854459596569739,-2.0529514251836596,307.97763814903317
7,283,1,2,1,317.62327274423774,-1.5657700518764335,-0.5649019525675409
7,284,2,2,3,-1.854459596569739,-2.0529514251836596,308.4710202984791
7,285,2,1,2,-8.764726328312669,323.9634406876262,-0.623251280782349
7,286,2,0,2,-1.53565384476972,291.3512352483615,-0.6300840498404277
7,287,2,2,3,-1.854459596569739,-2.0529514251836596,309.5962988967062
7,288,2,1,2,-8.764726328312669,323.7394772469386,-0.623251280782349
7,289,2,1,2,-8.764726328312669,323.61573776969163,-0.623251280782349
7,290,2,1,2,-8.764726328312669,323.5921220319219,-0.623251280782349
7,291,2,1,2,-8.764726328312669,323.66852990989,-0.623251280782349
7,292,2,1,2,-8.764726328312669,323.2463809205806,-0.623251280782349
7,293,1,2,1,318.46233718095147,-1.5657700518764335,-0.5649019525675409
7,294,2,1,2,-8.764726328312669,323.0495142094367,-0.623251280782349
7,295,1,2,1,317.96613705363023,-1.5657700518764335,-0.5649019525675409
7,296,2,2,3,-1.854459596569739,-2.0529514251836596,309.1867025978095
7,297,2,2,3,-1.854459596569739,-2.0529514251836596,308.77751589521165
7,298,2,2,3,-1.854459596569739,-2.0529514251836596,309.27841187399986
7,299,1,2,1,317.5880861237932,-1.5657700518764335,-0.5649019525675409
7,300,2,2,3,-1.854459596569739,-2.0529514251836596,310.23247259333414
7,301,2,1,2,-8.764726328312669,322.1575775752331,-0.623251280782349
7,302,2,2,3,-1.854459596569739,-2.0529514251836596,311.0028255139488
7,303,2,1,2,-8.764726328312669,321.53109954359076,-0.623251280782349
7,304,2,2,3,-1.854459596569739,-2.0529514251836596,310.59182268843483
7,305,2,2,3,-1.854459596569739,-2.0529514251836596,310.1812308657464
7,306,2,2,3,-1.854459596569739,-2.0529514251836596,310.89468663398725
7,307,2,1,2,-8.764726328312669,328.1217618788195,-0.623251280782349
7,308,2,0,2,-1.53565384476972,293.6573322497809,-0.6300840498404277
7,309,1,2,1,312.9901362469549,-1.5657700518764335,-0.5649019525675409
7,310,0,1,2,2.7914631950699156,185.55500762828615,3.2914969809938084
7,311,0,2,1,291.92141835744724,-1.9014646570958402,-0.6663679920857718
7,312,2,1,2,-8.764726328312669,326.49560917938607,-0.623251280782349
7,313,1,2,1,312.56969659902416,-1.5657700518764335,-0.5649019525675409
7,314,2,2,3,-1.854459596569739,-2.0529514251836596,310.64961793389193
7,315,1,2,1,312.267039114577,-1.5657700518764335,-0.5649019525675409
7,316,2,2,3,-1.854459596569739,-2.0529514251836596,311.807721449262
7,317,2,1,2,-8.764726328312669,325.0150126849244,-0.623251280782349
7,318,2,2,3,-1.854459596569739,-2.0529514251836596,311.39591372781274
7,319,2,2,3,-1.854459596569739,-2.0529514251836596,310.98451781408494
7,320,2,2,3,-1.854459596569739,-2.0529514251836596,311.96255228848395
7,321,2,1,2,-8.764726328312669,323.79780409299184,-0.623251280782349
7,322,2,2,3,-1.854459596569739,-2.0529514251836596,311.58073393197867
7,323,1,2,1,312.1868278623852,-1.5657700518764335,-0.5649019525675409
7,324,2,2,3,-1.854459596569739,-2.0529514251836596,311.22915649715696
7,325,1,2,1,312.1798315693652,-1.5657700518764335,-0.5649019525675409
7,326,2,2,3,-1.854459596569739,-2.0529514251836596,310.9120441728084
7,327,1,2,1,312.2421407855367,-1.5657700518764335,-0.5649019525675409
7,328,2,2,3,-1.854459596569739,-2.0529514251836596,310.5011321286356
7,329,2,2,3,-1.854459596569739,-2.0529514251836596,310.090630996507
7,330,2,2,3,-1.854459596569739,-2.0529514251836596,311.0375505020625
7,331,2,1,2,-8.764726328312669,322.71074118339686,-0.623251280782349
7,332,2,2,3,-1.854459596569739,-2.0529514251836596,311.78215882901253
7,333,2,1,2,-8.764726328312669,321.9061007891294,-0.623251280782349
7,334,2,2,3,-1.854459596569739,-2.0529514251836596,311.4159148838794
7,335,1,2,1,312.4481022804871,-1.5657700518764335,-0.5649019525675409
7,336,2,2,3,-1.854459596569739,-2.0529514251836596,311.1066855212597
7,337,1,2,1,312.7028539190431,-1.5657700518764335,-0.5649019525675409
7,338,2,2,3,-1.854459596569739,-2.0529514251836596,310.69557883573844
7,339,2,2,3,-1.854459596569739,-2.0529514251836596,310.28488325690273
7,340,2,2,3,-1.854459596569739,-2.0529514251836596,310.1139774691977
7,341,1,2,1,312.93385229658935,-1.5657700518764335,-0.5649019525675409
7,342,2,2,3,-1.854459596569739,-2.0529514251836596,309.7038634917285
7,343,2,2,3,-1.854459596569739,-2.0529514251836596,309.2941596282368
7,344,2,2,3,-1.854459596569739,-2.0529514251836596,309.24519504277544
7,345,1,2,1,320.44068748431766,-1.5657700518764335,-0.5649019525675409
7,346,0,2,1,294.45290458265,-1.9014646570958402,-0.6663679920857718
7,347,1,2,1,320.22024679683335,-1.5657700518764335,-0.5649019525675409
7,348,1,2,1,320.26692609527385,-1.5657700518764335,-0.5649019525675409
7,349,2,1,2,-8.764726328312669,322.1219163936486,-0.623251280782349
7,350,1,2,1,320.43030320871765,-1.5657700518764335,-0.5649019525675409
7,351,2,1,2,-8.764726328312669,322.43232477194675,-0.623251280782349
7,352,1,2,1,320.70807304026863,-1.5657700518764335,-0.5649019525675409
7,353,2,1,2,-8.764726328312669,317.13421542824807,-0.623251280782349
7,354,1,0,1,184.52774074269206,8.926262106749988,17.78679373987269
7,355,2,0,2,-1.53565384476972,294.9068733340376,-0.6300840498404277
7,356,2,2,3,-1.854459596569739,-2.0529514251836596,309.61696286589444
7,357,2,1,2,-8.764726328312669,316.1728732091468,-0.623251280782349
7,358,2,2,3,-1.854459596569739,-2.0529514251836596,309.8563810270105
7,359,2,1,2,-8.764726328312669,315.43136760990615,-0.623251280782349
7,360,2,2,3,-1.854459596569739,-2.0529514251836596,310.52084215529607
7,361,1,2,1,319.9788291096161,-1.5657700518764335,-0.5649019525675409
7,362,2,2,3,-1.854459596569739,-2.0529514251836596,310.5964633331472
7,363,2,1,2,-8.764726328312669,314.9372807188971,-0.623251280782349
7,364,2,2,3,-1.854459596569739,-2.0529514251836596,310.18586686981405
7,365,2,2,3,-1.854459596569739,-2.0529514251836596,309.7756810029442
7,366,2,2,3,-1.854459596569739,-2.0529514251836596,309.3659053219413
7,367,2,2,3,-1.854459596569739,-2.0529514251836596,308.95653941661936
7,368,2,2,3,-1.854459596569739,-2.0529514251836596,309.1396762661282
7,369,2,1,2,-8.764726328312669,314.4483805973541,-0.623251280782349
7,370,2,2,3,-1.854459596569739,-2.0529514251836596,309.25609831865347
7,371,2,1,2,-8.764726328312669,314.1198962711654,-0.623251280782349
7,372,2,2,3,-1.854459596569739,-2.0529514251836596,308.8468422203348
7,373,2,2,3,-1.854459596569739,-2.0529514251836596,308.43799537811446
7,374,2,2,3,-1.854459596569739,-2.0529514251836596,308.02955738273636
7,375,2,2,3,-1.854459596569739,-2.0529514251836596,307.6215278253536
7,376,2,2,3,-1.854459596569739,-2.0529514251836596,308.4372791246702
7,377,1,2,1,319.2162368319968,-1.5657700518764335,-0.5649019525675409
7,378,2,2,3,-1.854459596569739,-2.0529514251836596,308.02884184554557
7,379,2,2,3,-1.854459596569739,-2.0529514251836596,307.62081300370005
7,380,2,2,3,-1.854459596569739,-2.0529514251836596,307.85660143417545
7,381,2,1,2,-8.764726328312669,313.7857101860322,-0.623251280782349
7,382,2,2,3,-1.854459596569739,-2.0529514251836596,307.4487448327413
7,383,2,2,3,-1.854459596569739,-2.0529514251836596,307.04129608790856
7,384,2,2,3,-1.854459596569739,-2.0529514251836596,307.3019517875349
7,385,2,1,2,-8.764726328312669,313.53003239439494,-0.623251280782349
7,386,2,2,3,-1.854459596569739,-2.0529514251836596,306.8946498357474
7,387,2,2,3,-1.854459596569739,-2.0529514251836596,306.4877551859116
7,388,2,2,3,-1.854459596569739,-2.0529514251836596,306.77845287436554
7,389,2,1,2,-8.764726328312669,313.3480959895176,-0.623251280782349
7,390,2,2,3,-1.854459596569739,-2.0529514251836596,307.6030150332967
7,391,1,2,1,318.5473116370935,-1.5657700518764335,-0.5649019525675409
7,392,2,2,3,-1.854459596569739,-2.0529514251836596,307.19541201826337
7,393,2,2,3,-1.854459596569739,-2.0529514251836596,306.7882166062451
7,394,2,2,3,-1.854459596569739,-2.0529514251836596,307.0308564485828
7,395,2,1,2,-8.764726328312669,321.1090668506356,-0.623251280782349
7,396,2,0,2,-1.53565384476972,297.20598361884674,-0.6300840498404277
7,397,2,1,2,-8.764726328312669,320.88795778378494,-0.623251280782349
7,398,2,1,2,-8.764726328312669,319.39521679381613,-0.623251280782349
7,399,2,2,3,-1.854459596569739,-2.0529514251836596,307.8478972663123
7,400,2,1,2,-8.764726328312669,319.3758215770223,-0.623251280782349
7,401,2,1,2,-8.764726328312669,319.45644575544526,-0.623251280782349
7,402,2,1,2,-8.764726328312669,319.546985031973,-0.623251280782349
7,403,1,2,1,314.96252622858447,-1.5657700518764335,-0.5649019525675409
7,404,0,1,2,2.7914631950699156,196.75034441913988,3.2914969809938084
7,405,0,2,1,296.64276564255033,-1.9014646570958402,-0.6663679920857718
7,406,2,1,2,-8.764726328312669,319.4735766254056,-0.623251280782349
7,407,1,2,1,315.1941576916412,-1.5657700518764335,-0.5649019525675409
7,408,2,1,2,-8.764726328312669,319.9541030487802,-0.623251280782349
7,409,2,1,2,-8.764726328312669,327.28208512216804,-0.623251280782349
7,410,2,0,2,-1.53565384476972,297.962327086327,-0.6300840498404277
7,411,2,2,3,-1.854459596569739,-2.0529514251836596,309.3640339667757
7,412,2,1,2,-8.764726328312669,327.0548030370459,-0.623251280782349
7,413,2,1,2,-8.764726328312669,325.17636209605206,-0.623251280782349
7,414,2,2,3,-1.854459596569739,-2.0529514251836596,308.95466993280894
7,415,2,2,3,-1.854459596569739,-2.0529514251836596,308.5457152628761
7,416,2,2,3,-1.854459596569739,-2.0529514251836596,309.78360358409765
7,417,2,1,2,-8.764726328312669,323.62730264127254,-0.623251280782349
7,418,2,2,3,-1.854459596569739,-2.0529514251836596,310.74434618717385
7,419,2,1,2,-8.764726328312669,322.4282626496755,-0.623251280782349
7,420,2,2,3,-1.854459596569739,-2.0529514251836596,310.33360184098666
7,421,2,2,3,-1.854459596569739,-2.0529514251836596,309.92326823914567
7,422,2,2,3,-1.854459596569739,-2.0529514251836596,310.0351630267036
7,423,1,2,1,314.5682230621207,-1.5657700518764335,-0.5649019525675409
7,424,2,2,3,-1.854459596569739,-2.0529514251836596,309.6251278636769
7,425,2,2,3,-1.854459596569739,-2.0529514251836596,309.2155027358132
7,426,2,2,3,-1.854459596569739,-2.0529514251836596,310.1143504645497
7,427,2,1,2,-8.764726328312669,321.3867570806984,-0.623251280782349
7,428,2,2,3,-1.854459596569739,-2.0529514251836596,310.1451695012447
7,429,1,2,1,314.11577253653184,-1.5657700518764335,-0.5649019525675409
7,430,2,2,3,-1.854459596569739,-2.0529514251836596,310.1281140322369
7,431,1,2,1,313.8068785720701,-1.5657700518764335,-0.5649019525675409
7,432,2,2,3,-1.854459596569739,-2.0529514251836596,310.8325915800024
7,433,2,1,2,-8.764726328312669,320.62050793904876,-0.623251280782349
7,434,2,2,3,-1.854459596569739,-2.0529514251836596,311.39076270796795
7,435,2,1,2,-8.764726328312669,320.08614265323274,-0.623251280782349
7,436,2,2,3,-1.854459596569739,-2.0529514251836596,311.2185674158061
7,437,1,2,1,313.7368288890279,-1.5657700518764335,-0.5649019525675409
7,438,2,2,3,-1.854459596569739,-2.0529514251836596,310.8073488483903
7,439,2,2,3,-1.854459596569739,-2.0529514251836596,310.3965414995419
7,440,2,2,3,-1.854459596569739,-2.0529514251836596,310.94541547225776
7,441,2,1,2,-8.764726328312669,319.66112451966296,-0.623251280782349
7,442,2,2,3,-1.854459596569739,-2.0529514251836596,310.5344700567855
7,443,2,2,3,-1.854459596569739,-2.0529514251836596,310.1239355867287
7,444,2,2,3,-1.854459596569739,-2.0529514251836596,310.65799335550247
7,445,2,1,2,-8.764726328312669,327.093282449243,-0.623251280782349
7,446,2,0,2,-1.53565384476972,300.54832934016935,-0.6300840498404277
7,447,2,1,2,-8.764726328312669,326.8661891667938,-0.623251280782349
7,448,2,1,2,-8.764726328312669,325.43951631012817,-0.623251280782349
7,449,1,2,1,315.18165811482777,-1.5657700518764335,-0.5649019525675409
7,450,2,1,2,-8.764726328312669,325.414076793818,-0.623251280782349
7,451,2,1,2,-8.764726328312669,325.4886627170242,-0.623251280782349
7,452,2,1,2,-8.764726328312669,324.19493778751655,-0.623251280782349
7,453,2,2,3,-1.854459596569739,-2.0529514251836596,311.58749286091637
7,454,2,1,2,-8.764726328312669,324.47074284972905,-0.623251280782349
7,455,2,1,2,-8.764726328312669,324.8462721068793,-0.623251280782349
7,456,2,1,2,-8.764726328312669,324.3646290495593,-0.623251280782349
7,457,1,2,1,316.4755905792514,-1.5657700518764335,-0.5649019525675409
7,458,2,1,2,-8.764726328312669,320.0964124781299,-0.623251280782349
7,459,1,0,1,196.6292512730996,8.926262106749988,17.78679373987269
7,460,2,0,2,-1.53565384476972,302.1830412414873,-0.6300840498404277
7,461,2,1,2,-8.764726328312669,319.51785469766276,-0.623251280782349
7,462,1,2,1,324.09566531993875,-1.5657700518764335,-0.5649019525675409
7,463,0,2,1,297.825650871526,-1.9014646570958402,-0.6663679920857718
7,464,2,2,3,-1.854459596569739,-2.0529514251836596,312.41421444149864
7,465,1,2,1,322.7151060176532,-1.5657700518764335,-0.5649019525675409
7,466,2,2,3,-1.854459596569739,-2.0529514251836596,312.0018002270572
7,467,2,2,3,-1.854459596569739,-2.0529514251836596,311.5897984268301
7,468,2,2,3,-1.854459596569739,-2.0529514251836596,311.9630861992157
7,469,2,1,2,-8.764726328312669,318.65041476161883,-0.623251280782349
7,470,2,2,3,-1.854459596569739,-2.0529514251836596,312.2131686406944
7,471,2,1,2,-8.764726328312669,317.9944769808857,-0.623251280782349
7,472,2,2,3,-1.854459596569739,-2.0529514251836596,312.37330499773265
7,473,2,1,2,-8.764726328312669,317.5199864775726,-0.623251280782349
7,474,2,2,3,-1.854459596569739,-2.0529514251836596,311.9609316927349
7,475,2,2,3,-1.854459596569739,-2.0529514251836596,311.54897076104214
7,476,2,2,3,-1.854459596569739,-2.0529514251836596,311.7285523462176
7,477,2,1,2,-8.764726328312669,317.1291145120909,-0.623251280782349
7,478,2,2,3,-1.854459596569739,-2.0529514251836596,311.8514794482928
7,479,2,1,2,-8.764726328312669,316.8894995262628,-0.623251280782349
7,480,2,2,3,-1.854459596569739,-2.0529514251836596,312.5151269992112
7,481,1,2,1,321.58259298880984,-1.5657700518764335,-0.5649019525675409
7,482,2,2,3,-1.854459596569739,-2.0529514251836596,313.00029100518225
7,483,1,2,1,320.7113624994419,-1.5657700518764335,-0.5649019525675409
7,484,2,2,3,-1.854459596569739,-2.0529514251836596,312.972322357764
7,485,2,1,2,-8.764726328312669,316.8848094870552,-0.623251280782349
7,486,2,2,3,-1.854459596569739,-2.0529514251836596,313.32551500943237
7,487,1,2,1,320.05945223543154,-1.5657700518764335,-0.5649019525675409
7,488,2,2,3,-1.854459596569739,-2.0529514251836596,312.91218949442293
7,489,2,2,3,-1.854459596569739,-2.0529514251836596,312.4992773049285
7,490,2,2,3,-1.854459596569739,-2.0529514251836596,312.5209457136541
7,491,2,1,2,-8.764726328312669,316.9359021640014,-0.623251280782349
7,492,2,2,3,-1.854459596569739,-2.0529514251836596,312.8547369135964
7,493,1,2,1,319.5261259663344,-1.5657700518764335,-0.5649019525675409
7,494,2,2,3,-1.854459596569739,-2.0529514251836596,312.84591753647294
7,495,2,1,2,-8.764726328312669,325.05843303050847,-0.623251280782349
7,496,2,0,2,-1.53565384476972,303.59782358800567,-0.6300840498404277
7,497,1,2,1,320.3542982397213,-1.5657700518764335,-0.5649019525675409
7,498,2,1,2,-8.764726328312669,324.36766525319,-0.623251280782349
7,499,1,2,1,321.131267275815,-1.5657700518764335,-0.5649019525675409
7,500,2,1,2,-8.764726328312669,323.9228941881767,-0.623251280782349
7,501,1,2,1,321.88650707286297,-1.5657700518764335,-0.5649019525675409
7,502,2,1,2,-8.764726328312669,322.8023506054699,-0.623251280782349
7,503,2,2,3,-1.854459596569739,-2.0529514251836596,313.41875849276715
7,504,2,1,2,-8.764726328312669,321.95057263570686,-0.623251280782349
7,505,2,2,3,-1.854459596569739,-2.0529514251836596,313.0053397342744
7,506,2,2,3,-1.854459596569739,-2.0529514251836596,312.5923343945401
7,507,2,2,3,-1.854459596569739,-2.0529514251836596,313.10620764602106
7,508,2,1,2,-8.764726328312669,321.25302992909224,-0.623251280782349
7,509,2,2,3,-1.854459596569739,-2.0529514251836596,312.69310143837504
7,510,2,2,3,-1.854459596569739,-2.0529514251836596,312.28040833693666
7,511,2,2,3,-1.854459596569739,-2.0529514251836596,311.86812792859973
7,512,2,2,3,-1.854459596569739,-2.0529514251836596,311.45625980067115
7,513,2,2,3,-1.854459596569739,-2.0529514251836596,311.0448035408705
7,514,2,2,3,-1.854459596569739,-2.0529514251836596,310.63375873732963
7,515,2,2,3,-1.854459596569739,-2.0529514251836596,311.3371470638101
7,516,1,2,1,329.08259580185774,-1.5657700518764335,-0.5649019525675409
7,517,0,2,1,299.84713574735355,-1.9014646570958402,-0.6663679920857718
7,518,2,1,2,-8.764726328312669,322.3069039205669,-0.623251280782349
7,519,1,2,1,328.8535132060559,-1.5657700518764335,-0.5649019525675409
7,520,1,2,1,328.7246596928498,-1.5657700518764335,-0.5649019525675409
7,521,1,2,1,328.06057721170095,-1.5657700518764335,-0.5649019525675409
7,522,2,1,2,-8.764726328312669,323.2542106724686,-0.623251280782349
7,523,1,2,1,327.6566863471052,-1.5657700518764335,-0.5649019525675409
7,524,2,1,2,-8.764726328312669,324.1668015535852,-0.623251280782349
7,525,1,2,1,327.48353106619965,-1.5657700518764335,-0.5649019525675409
7,526,2,1,2,-8.764726328312669,321.11641727426354,-0.623251280782349
7,527,1,0,1,207.6225106810022,8.926262106749988,17.78679373987269
7,528,2,0,2,-1.53565384476972,305.0285665393572,-0.6300840498404277
7,529,2,1,2,-8.764726328312669,321.5256451223909,-0.623251280782349
7,530,1,2,1,326.2575555188969,-1.5657700518764335,-0.5649019525675409
7,531,2,2,3,-1.854459596569739,-2.0529514251836596,312.4029303537999
7,532,1,2,1,325.3596900720334,-1.5657700518764335,-0.5649019525675409
7,533,2,2,3,-1.854459596569739,-2.0529514251836596,313.27324663555123
7,534,1,2,1,332.40858750381807,-1.5657700518764335,-0.5649019525675409
7,535,0,2,1,302.77087233549616,-1.9014646570958402,-0.6663679920857718
7,536,1,2,1,332.17617891631426,-1.5657700518764335,-0.5649019525675409
7,537,1,2,1,332.04400273739793,-1.5657700518764335,-0.5649019525675409
7,538,1,2,1,330.15365388057774,-1.5657700518764335,-0.5649019525675409
7,539,2,2,3,-1.854459596569739,-2.0529514251836596,314.5311337061733
7,540,1,2,1,328.67687072943113,-1.5657700518764335,-0.5649019525675409
7,541,2,2,3,-1.854459596569739,-2.0529514251836596,315.51703053776964
7,542,1,2,1,327.54536967972723,-1.5657700518764335,-0.5649019525675409
7,543,2,2,3,-1.854459596569739,-2.0529514251836596,316.29231908228564
7,544,1,2,1,326.70377230090077,-1.5657700518764335,-0.5649019525675409
7,545,2,2,3,-1.854459596569739,-2.0529514251836596,316.9067606318463
7,546,1,2,1,326.10716437336345,-1.5657700518764335,-0.5649019525675409
7,547,2,2,3,-1.854459596569739,-2.0529514251836596,316.48985387121445
7,548,2,2,3,-1.854459596569739,-2.0529514251836596,316.07336401734324
7,549,2,2,3,-1.854459596569739,-2.0529514251836596,316.6506368885719
7,550,1,2,1,325.64486098799574,-1.5657700518764335,-0.5649019525675409
7,551,2,2,3,-1.854459596569739,-2.0529514251836596,316.71661206683143
7,552,2,1,2,-8.764726328312669,320.9280252047681,-0.623251280782349
7,553,2,2,3,-1.854459596569739,-2.0529514251836596,317.1837920979599
7,554,1,2,1,332.9546912504103,-1.5657700518764335,-0.5649019525675409
7,555,0,2,1,303.8949805196446,-1.9014646570958402,-0.6663679920857718
7,556,2,2,3,-1.854459596569739,-2.0529514251836596,318.3279273219545
7,557,1,2,1,332.72173655915987,-1.5657700518764335,-0.5649019525675409
7,558,1,2,1,331.1640277081174,-1.5657700518764335,-0.5649019525675409
7,559,2,2,3,-1.854459596569739,-2.0529514251836596,318.1670090850311
7,560,2,1,2,-8.764726328312669,320.6337565837094,-0.623251280782349
7,561,2,2,3,-1.854459596569739,-2.0529514251836596,317.9930500783152
7,562,2,1,2,-8.764726328312669,320.45169288309165,-0.623251280782349
7,563,2,2,3,-1.854459596569739,-2.0529514251836596,318.8789838135873
7,564,1,2,1,329.9166443348508,-1.5657700518764335,-0.5649019525675409
7,565,2,2,3,-1.854459596569739,-2.0529514251836596,318.61580302765464
7,566,2,1,2,-8.764726328312669,320.4494880945203,-0.623251280782349
7,567,2,2,3,-1.854459596569739,-2.0529514251836596,318.197187224627
7,568,2,2,3,-1.854459596569739,-2.0529514251836596,317.77899003740237
7,569,2,2,3,-1.854459596569739,-2.0529514251836596,317.62559035501965
7,570,2,1,2,-8.764726328312669,320.44947273021523,-0.623251280782349
7,571,2,2,3,-1.854459596569739,-2.0529514251836596,317.2079647646646
7,572,2,2,3,-1.854459596569739,-2.0529514251836596,316.79075679989995
7,573,2,2,3,-1.854459596569739,-2.0529514251836596,317.6734289090602
7,574,1,2,1,328.77464936336264,-1.5657700518764335,-0.5649019525675409
7,575,2,2,3,-1.854459596569739,-2.0529514251836596,318.3547763051271
7,576,1,2,1,327.91430728123396,-1.5657700518764335,-0.5649019525675409
7,577,2,2,3,-1.854459596569739,-2.0529514251836596,318.8828150954565
7,578,1,2,1,327.2922752475608,-1.5657700518764335,-0.5649019525675409
7,579,2,2,3,-1.854459596569739,-2.0529514251836596,318.61903138620215
7,580,2,1,2,-8.764726328312669,320.64780956442775,-0.623251280782349
7,581,2,2,3,-1.854459596569739,-2.0529514251836596,318.20041235481597
7,582,2,2,3,-1.854459596569739,-2.0529514251836596,317.7822119424612
7,583,2,2,3,-1.854459596569739,-2.0529514251836596,317.6481238950934
7,584,2,1,2,-8.764726328312669,320.83019287359923,-0.623251280782349
7,585,2,2,3,-1.854459596569739,-2.0529514251836596,318.1852467550926
7,586,1,2,1,326.76338715155885,-1.5657700518764335,-0.5649019525675409
7,587,2,2,3,-1.854459596569739,-2.0529514251836596,318.02891117406966
7,588,2,1,2,-8.764726328312669,328.8450016736357,-0.623251280782349
7,589,2,0,2,-1.53565384476972,306.8752852134258,-0.6300840498404277
7,590,1,2,1,327.4427036020929,-1.5657700518764335,-0.5649019525675409
7,591,2,1,2,-8.764726328312669,328.6161566719621,-0.623251280782349
7,592,2,1,2,-8.764726328312669,328.4875405152901,-0.623251280782349
7,593,2,1,2,-8.764726328312669,327.423648669994,-0.623251280782349
7,594,2,2,3,-1.854459596569739,-2.0529514251836596,318.5409612749921
7,595,2,1,2,-8.764726328312669,327.496225021324,-0.623251280782349
7,596,2,1,2,-8.764726328312669,326.7821576854158,-0.623251280782349
7,597,2,2,3,-1.854459596569739,-2.0529514251836596,318.9382987583491
7,598,2,1,2,-8.764726328312669,326.2788334939508,-0.623251280782349
7,599,2,2,3,-1.854459596569739,-2.0529514251836596,319.2460733984153
7,600,2,1,2,-8.764726328312669,325.95631141099886,-0.623251280782349
7,601,2,2,3,-1.854459596569739,-2.0529514251836596,319.63829371518096
7,602,1,2,1,334.6840363133284,-1.5657700518764335,-0.5649019525675409
7,603,0,2,1,306.63920206269967,-1.9014646570958402,-0.6663679920857718
7,604,1,2,1,332.9598237597985,-1.5657700518764335,-0.5649019525675409
7,605,2,2,3,-1.854459596569739,-2.0529514251836596,320.5374868958829
7,606,1,2,1,331.59705258651104,-1.5657700518764335,-0.5649019525675409
7,607,2,2,3,-1.854459596569739,-2.0529514251836596,321.21184641235925
7,608,1,2,1,330.5373201226835,-1.5657700518764335,-0.5649019525675409
7,609,2,2,3,-1.854459596569739,-2.0529514251836596,320.7906345659469
7,610,2,2,3,-1.854459596569739,-2.0529514251836596,320.36984393138096
7,611,2,2,3,-1.854459596569739,-2.0529514251836596,320.95605423038853
7,612,1,2,1,329.65823747922366,-1.5657700518764335,-0.5649019525675409
7,613,2,2,3,-1.854459596569739,-2.0529514251836596,320.53509817615816
7,614,2,2,3,-1.854459596569739,-2.0529514251836596,320.114563077982
7,615,2,2,3,-1.854459596569739,-2.0529514251836596,319.694448514904
7,616,2,2,3,-1.854459596569739,-2.0529514251836596,319.2747540663891
7,617,2,2,3,-1.854459596569739,-2.0529514251836596,319.51695348943906
7,618,2,1,2,-8.764726328312669,325.79285866535344,-0.623251280782349
7,619,2,2,3,-1.854459596569739,-2.0529514251836596,319.0974365359496
7,620,2,2,3,-1.854459596569739,-2.0529514251836596,318.6783390994137
7,621,2,2,3,-1.854459596569739,-2.0529514251836596,318.9639981973423
7,622,2,1,2,-8.764726328312669,333.49422603494725,-0.623251280782349
7,623,2,0,2,-1.53565384476972,307.7651925136201,-0.6300840498404277
7,624,2,2,3,-1.854459596569739,-2.0529514251836596,319.9835267550678
7,625,2,1,2,-8.764726328312669,331.9231725802042,-0.623251280782349
7,626,2,2,3,-1.854459596569739,-2.0529514251836596,320.74556816500126
7,627,2,1,2,-8.764726328312669,331.56702083262695,-0.623251280782349
7,628,1,2,1,330.01754879373135,-1.5657700518764335,-0.5649019525675409
7,629,2,1,2,-8.764726328312669,331.53545381179435,-0.623251280782349
7,630,2,1,2,-8.764726328312669,331.60391835798254,-0.623251280782349
7,631,2,1,2,-8.764726328312669,331.77231443962455,-0.623251280782349
7,632,2,1,2,-8.764726328312669,330.94889424399724,-0.623251280782349
7,633,2,2,3,-1.854459596569739,-2.0529514251836596,321.24274867908053
7,634,1,2,1,329.4188260335872,-1.5657700518764335,-0.5649019525675409
7,635,2,2,3,-1.854459596569739,-2.0529514251836596,320.82150593040143
7,636,2,2,3,-1.854459596569739,-2.0529514251836596,320.400684424471
7,637,2,2,3,-1.854459596569739,-2.0529514251836596,321.02455651217963
7,638,2,1,2,-8.764726328312669,330.3354359143033,-0.623251280782349
7,639,2,2,3,-1.854459596569739,-2.0529514251836596,321.4345646382868
7,640,1,2,1,328.99896532941887,-1.5657700518764335,-0.5649019525675409
7,641,2,2,3,-1.854459596569739,-2.0529514251836596,321.8943163299742
7,642,2,1,2,-8.764726328312669,329.9694296395404,-0.623251280782349
7,643,2,2,3,-1.854459596569739,-2.0529514251836596,322.1757822645892
7,644,1,2,1,328.7944712406713,-1.5657700518764335,-0.5649019525675409
7,645,2,2,3,-1.854459596569739,-2.0529514251836596,321.7536064823246
7,646,2,2,3,-1.854459596569739,-2.0529514251836596,321.3318528758423
7,647,2,2,3,-1.854459596569739,-2.0529514251836596,321.76564112257256
7,648,2,1,2,-8.764726328312669,337.34124073443473,-0.623251280782349
7,649,2,0,2,-1.53565384476972,310.38545609496714,-0.6300840498404277
7,650,2,1,2,-8.764726328312669,337.1038994937003,-0.623251280782349
7,651,2,1,2,-8.764726328312669,336.14416219715673,-0.623251280782349
7,652,1,2,1,325.29330821409906,-1.5657700518764335,-0.5649019525675409
7,653,0,1,2,2.7914631950699156,207.73259098143316,3.2914969809938084
7,654,0,2,1,309.2535539139482,-1.9014646570958402,-0.6663679920857718
7,655,2,1,2,-8.764726328312669,334.78454444857573,-0.623251280782349
7,656,2,2,3,-1.854459596569739,-2.0529514251836596,321.6931145235111
7,657,1,2,1,324.71159573051676,-1.5657700518764335,-0.5649019525675409
7,658,2,2,3,-1.854459596569739,-2.0529514251836596,321.2714214089876
7,659,2,2,3,-1.854459596569739,-2.0529514251836596,320.85014998757856
7,660,2,2,3,-1.854459596569739,-2.0529514251836596,321.8088048892297
7,661,2,1,2,-8.764726328312669,333.6651616877519,-0.623251280782349
7,662,2,2,3,-1.854459596569739,-2.0529514251836596,321.38699608434047
7,663,2,2,3,-1.854459596569739,-2.0529514251836596,320.96560908825614
7,664,2,2,3,-1.854459596569739,-2.0529514251836596,320.5446434791679
7,665,2,2,3,-1.854459596569739,-2.0529514251836596,320.12409883568876
7,666,2,2,3,-1.854459596569739,-2.0529514251836596,319.70397473685307
7,667,2,2,3,-1.854459596569739,-2.0529514251836596,319.2842707621162
7,668,2,2,3,-1.854459596569739,-2.0529514251836596,320.288694692992
7,669,2,1,2,-8.764726328312669,332.6072262935829,-0.623251280782349
7,670,2,2,3,-1.854459596569739,-2.0529514251836596,319.868405998299
7,671,2,2,3,-1.854459596569739,-2.0529514251836596,319.4485375923007
7,672,2,2,3,-1.854459596569739,-2.0529514251836596,319.0290890547084
7,673,2,2,3,-1.854459596569739,-2.0529514251836596,318.61005996565365
7,674,2,2,3,-1.854459596569739,-2.0529514251836596,319.577169372153
7,675,2,1,2,-8.764726328312669,331.6846434320678,-0.623251280782349
7,676,2,2,3,-1.854459596569739,-2.0529514251836596,319.15759220278085
7,677,2,2,3,-1.854459596569739,-2.0529514251836596,318.73843461057805
7,678,2,2,3,-1.854459596569739,-2.0529514251836596,319.60137084929494
7,679,2,1,2,-8.764726328312669,330.9567148029412,-0.623251280782349
7,680,2,2,3,-1.854459596569739,-2.0529514251836596,319.18176947844563
7,681,2,2,3,-1.854459596569739,-2.0529514251836596,318.7625877089672
7,682,2,2,3,-1.854459596569739,-2.0529514251836596,318.9327769153916
7,683,1,2,1,324.01478107208885,-1.5657700518764335,-0.5649019525675409
7,684,2,2,3,-1.854459596569739,-2.0529514251836596,318.51384413847626
7,685,2,2,3,-1.854459596569739,-2.0529514251836596,318.09533029433777
7,686,2,2,3,-1.854459596569739,-2.0529514251836596,317.6772349640434
7,687,2,2,3,-1.854459596569739,-2.0529514251836596,317.25955772907935
7,688,2,2,3,-1.854459596569739,-2.0529514251836596,316.84229817135025
7,689,2,2,3,-1.854459596569739,-2.0529514251836596,316.4254558731789
7,690,2,2,3,-1.854459596569739,-2.0529514251836596,316.0090304173057
7,691,2,2,3,-1.854459596569739,-2.0529514251836596,315.59302138688844
7,692,2,2,3,-1.854459596569739,-2.0529514251836596,315.17742836550156
7,693,2,2,3,-1.854459596569739,-2.0529514251836596,314.76225093713606
7,694,2,2,3,-1.854459596569739,-2.0529514251836596,315.26348916955925
7,695,1,2,1,323.12438839266633,-1.5657700518764335,-0.5649019525675409
7,696,2,2,3,-1.854459596569739,-2.0529514251836596,316.4018550180945
7,697,2,1,2,-8.764726328312669,338.48920347604883,-0.623251280782349
7,698,2,0,2,-1.53565384476972,310.67069413226176,-0.6300840498404277
7,699,2,2,3,-1.854459596569739,-2.0529514251836596,318.1721006604139
7,700,2,1,2,-8.764726328312669,336.7295975793179,-0.623251280782349
7,701,1,2,1,324.5481797137522,-1.5657700518764335,-0.5649019525675409
7,702,2,1,2,-8.764726328312669,336.59286798173855,-0.623251280782349
7,703,2,1,2,-8.764726328312669,336.5562751137568,-0.623251280782349
7,704,2,1,2,-8.764726328312669,336.61971883864305,-0.623251280782349
7,705,2,1,2,-8.764726328312669,336.78309911980443,-0.623251280782349
7,706,2,1,2,-8.764726328312669,335.20382717320496,-0.623251280782349
7,707,2,2,3,-1.854459596569739,-2.0529514251836596,319.44006948451977
7,708,2,1,2,-8.764726328312669,334.5137142475459,-0.623251280782349
7,709,1,2,1,325.710219452884,-1.5657700518764335,-0.5649019525675409
7,710,2,1,2,-8.764726328312669,333.4869097017588,-0.623251280782349
7,711,2,2,3,-1.854459596569739,-2.0529514251836596,320.4112665965419
7,712,2,1,2,-8.764726328312669,340.7946174506768,-0.623251280782349
7,713,2,0,2,-1.53565384476972,311.32434011209324,-0.6300840498404277
7,714,2,2,3,-1.854459596569739,-2.0529514251836596,319.99085532994536
7,715,2,2,3,-1.854459596569739,-2.0529514251836596,319.5708644746154
7,716,2,2,3,-1.854459596569739,-2.0529514251836596,319.7590897529894
7,717,1,2,1,325.39534739314155,-1.5657700518764335,-0.5649019525675409
7,718,2,2,3,-1.854459596569739,-2.0529514251836596,319.8973201696115
7,719,1,2,1,325.22564735061894,-1.5657700518764335,-0.5649019525675409
7,720,2,2,3,-1.854459596569739,-2.0529514251836596,319.47742284944184
7,721,2,2,3,-1.854459596569739,-2.0529514251836596,319.05794542659237
7,722,2,2,3,-1.854459596569739,-2.0529514251836596,319.2494899716444
7,723,1,2,1,325.10878212274986,-1.5657700518764335,-0.5649019525675409
7,724,2,2,3,-1.854459596569739,-2.0529514251836596,319.4103104046322
7,725,1,2,1,323.06343041763677,-1.5657700518764335,-0.5649019525675409
7,726,0,1,2,2.7914631950699156,217.6754337207707,3.2914969809938084
7,727,0,2,1,312.0668656501704,-1.9014646570958402,-0.6663679920857718
7,728,2,1,2,-8.764726328312669,338.5367764356677,-0.623251280782349
7,729,2,2,3,-1.854459596569739,-2.0529514251836596,320.88442023130006
7,730,2,1,2,-8.764726328312669,338.49823965923207,-0.623251280782349
7,731,2,1,2,-8.764726328312669,336.8159732962076,-0.623251280782349
7,732,2,2,3,-1.854459596569739,-2.0529514251836596,322.0407595644946
7,733,2,1,2,-8.764726328312669,335.5164111634718,-0.623251280782349
7,734,2,2,3,-1.854459596569739,-2.0529514251836596,321.6187188049301
7,735,2,2,3,-1.854459596569739,-2.0529514251836596,321.19710008612515
7,736,2,2,3,-1.854459596569739,-2.0529514251836596,320.775902986039
7,737,2,2,3,-1.854459596569739,-2.0529514251836596,320.35512708305293
7,738,2,2,3,-1.854459596569739,-2.0529514251836596,320.20289398609367
7,739,1,2,1,322.55717388049635,-1.5657700518764335,-0.5649019525675409
7,740,2,2,3,-1.854459596569739,-2.0529514251836596,319.7826910921076
7,741,2,2,3,-1.854459596569739,-2.0529514251836596,319.3629084010155
7,742,2,2,3,-1.854459596569739,-2.0529514251836596,320.54274226609766
7,743,2,1,2,-8.764726328312669,334.2985015314683,-0.623251280782349
7,744,2,2,3,-1.854459596569739,-2.0529514251836596,320.321628253657
7,745,1,2,1,322.2132976895588,-1.5657700518764335,-0.5649019525675409
7,746,2,2,3,-1.854459596569739,-2.0529514251836596,320.08858189955765
7,747,1,2,1,321.9807375286591,-1.5657700518764335,-0.5649019525675409
7,748,2,2,3,-1.854459596569739,-2.0529514251836596,319.6684933176581
7,749,2,2,3,-1.854459596569739,-2.0529514251836596,319.24882482434043
7,750,2,2,3,-1.854459596569739,-2.0529514251836596,320.31949399352175
7,751,2,1,2,-8.764726328312669,333.2802812836801,-0.623251280782349
7,752,2,2,3,-1.854459596569739,-2.0529514251836596,319.8991744995282
7,753,2,2,3,-1.854459596569739,-2.0529514251836596,319.4792753250287
7,754,2,2,3,-1.854459596569739,-2.0529514251836596,320.42609563961014
7,755,2,1,2,-8.764726328312669,332.4744366236335,-0.623251280782349
7,756,2,2,3,-1.854459596569739,-2.0529514251836596,321.19845530138883
7,757,2,1,2,-8.764726328312669,339.94810263236735,-0.623251280782349
7,758,2,0,2,-1.53565384476972,311.9905531757214,-0.6300840498404277
7,759,2,2,3,-1.854459596569739,-2.0529514251836596,322.63347193185433
7,760,2,1,2,-8.764726328312669,337.9293853844679,-0.623251280782349
7,761,1,2,1,323.6376729288555,-1.5657700518764335,-0.5649019525675409
7,762,2,1,2,-8.764726328312669,336.2771605672747,-0.623251280782349
7,763,2,2,3,-1.854459596569739,-2.0529514251836596,323.5615636348291
7,764,2,1,2,-8.764726328312669,334.9820393103953,-0.623251280782349
7,765,2,2,3,-1.854459596569739,-2.0529514251836596,324.26862916307533
7,766,2,1,2,-8.764726328312669,335.0470572710849,-0.623251280782349
7,767,2,1,2,-8.764726328312669,335.2120102138138,-0.623251280782349
7,768,2,1,2,-8.764726328312669,334.3934034795769,-0.623251280782349
7,769,2,2,3,-1.854459596569739,-2.0529514251836596,324.8467131912459
7,770,2,1,2,-8.764726328312669,333.6941927515759,-0.623251280782349
7,771,1,2,1,324.80963071837596,-1.5657700518764335,-0.5649019525675409
7,772,2,1,2,-8.764726328312669,334.1604985588243,-0.623251280782349
7,773,2,1,2,-8.764726328312669,341.5315134673383,-0.623251280782349
7,774,2,0,2,-1.53565384476972,312.95132246408264,-0.6300840498404277
7,775,2,2,3,-1.854459596569739,-2.0529514251836596,326.0736617053878
7,776,2,1,2,-8.764726328312669,339.6345155617237,-0.623251280782349
7,777,1,2,1,326.552484687149,-1.5657700518764335,-0.5649019525675409
7,778,2,1,2,-8.764726328312669,338.1523565143847,-0.623251280782349
7,779,2,2,3,-1.854459596569739,-2.0529514251836596,326.8433788297731
7,780,2,1,2,-8.764726328312669,338.1142041578703,-0.623251280782349
7,781,2,1,2,-8.764726328312669,338.17608995371245,-0.623251280782349
7,782,2,1,2,-8.764726328312669,338.33791386375873,-0.623251280782349
7,783,2,1,2,-8.764726328312669,338.599575949895,-0.623251280782349
7,784,2,1,2,-8.764726328312669,338.9609763739451,-0.623251280782349
7,785,2,1,2,-8.764726328312669,338.2223732406981,-0.623251280782349
7,786,2,2,3,-1.854459596569739,-2.0529514251836596,326.3877369308235
7,787,1,2,1,326.9096221745856,-1.5657700518764335,-0.5649019525675409
7,788,2,2,3,-1.854459596569739,-2.0529514251836596,326.0130158330251
7,789,1,2,1,327.29394852459654,-1.5657700518764335,-0.5649019525675409
7,790,2,2,3,-1.854459596569739,-2.0529514251836596,325.5870028171921
7,791,2,2,3,-1.854459596569739,-2.0529514251836596,325.16141581437495
7,792,2,2,3,-1.854459596569739,-2.0529514251836596,324.73625439856056
7,793,2,2,3,-1.854459596569739,-2.0529514251836596,324.311518144162
7,794,2,2,3,-1.854459596569739,-2.0529514251836596,324.1824672336809
7,795,1,2,1,335.35917337150374,-1.5657700518764335,-0.5649019525675409
7,796,0,2,1,314.34419403598247,-1.9014646570958402,-0.6663679920857718
7,797,2,1,2,-8.764726328312669,334.85476447404756,-0.623251280782349
7,798,1,0,1,217.94244053684616,8.926262106749988,17.78679373987269
7,799,2,0,2,-1.53565384476972,314.85674838145326,-0.6300840498404277
7,800,1,2,1,335.1738777172841,-1.5657700518764335,-0.5649019525675409
7,801,2,1,2,-8.764726328312669,334.6515019206539,-0.623251280782349
7,802,1,2,1,335.08698863570044,-1.5657700518764335,-0.5649019525675409
7,803,2,1,2,-8.764726328312669,334.5599636035229,-0.623251280782349
7,804,1,2,1,335.15190164706473,-1.5657700518764335,-0.5649019525675409
7,805,1,2,1,335.31674974541767,-1.5657700518764335,-0.5649019525675409
7,806,1,2,1,335.5065111676247,-1.5657700518764335,-0.5649019525675409
7,807,2,1,2,-8.764726328312669,334.61911184876544,-0.623251280782349
7,808,1,2,1,335.78315212389,-1.5657700518764335,-0.5649019525675409
7,809,2,1,2,-8.764726328312669,334.799732724154,-0.623251280782349
7,810,1,2,1,336.1500104511922,-1.5657700518764335,-0.5649019525675409
7,811,2,1,2,-8.764726328312669,335.09861048640664,-0.623251280782349
7,812,1,2,1,333.98487734442926,-1.5657700518764335,-0.5649019525675409
7,813,0,1,2,2.7914631950699156,227.6279655582559,3.2914969809938084
7,814,0,2,1,315.9742774894827,-1.9014646570958402,-0.6663679920857718
7,815,1,2,1,333.8611520481406,-1.5657700518764335,-0.5649019525675409
7,816,2,1,2,-8.764726328312669,334.3828136939004,-0.623251280782349
7,817,2,2,3,-1.854459596569739,-2.0529514251836596,324.7681190660089
7,818,2,1,2,-8.764726328312669,333.89657611204524,-0.623251280782349
7,819,2,2,3,-1.854459596569739,-2.0529514251836596,324.3433509469429
7,820,2,2,3,-1.854459596569739,-2.0529514251836596,323.91900759599594
7,821,2,2,3,-1.854459596569739,-2.0529514251836596,324.4828678714888
7,822,2,1,2,-8.764726328312669,341.57773659060456,-0.623251280782349
7,823,2,0,2,-1.53565384476972,316.4233275960738,-0.6300840498404277
7,824,1,2,1,334.4912327657964,-1.5657700518764335,-0.5649019525675409
7,825,2,1,2,-8.764726328312669,340.6345949753579,-0.623251280782349
7,826,1,2,1,333.46591340849415,-1.5657700518764335,-0.5649019525675409
7,827,2,2,3,-1.854459596569739,-2.0529514251836596,325.65740598690036
7,828,2,1,2,-8.764726328312669,339.01121867052524,-0.623251280782349
7,829,2,2,3,-1.854459596569739,-2.0529514251836596,326.00479081565123
7,830,1,2,1,332.7937963583942,-1.5657700518764335,-0.5649019525675409
7,831,2,2,3,-1.854459596569739,-2.0529514251836596,325.5787860248356
7,832,2,2,3,-1.854459596569739,-2.0529514251836596,325.15320723881075
7,833,2,2,3,-1.854459596569739,-2.0529514251836596,325.4844723544107
7,834,1,2,1,332.23737948564144,-1.5657700518764335,-0.5649019525675409
7,835,2,2,3,-1.854459596569739,-2.0529514251836596,325.7275256880481
7,836,1,2,1,331.86066658019405,-1.5657700518764335,-0.5649019525675409
7,837,2,2,3,-1.854459596569739,-2.0529514251836596,325.9089791106825
7,838,1,2,1,331.6395888541322,-1.5657700518764335,-0.5649019525675409
7,839,2,2,3,-1.854459596569739,-2.0529514251836596,325.4830701315718
7,840,2,2,3,-1.854459596569739,-2.0529514251836596,325.05758706144024
7,841,2,2,3,-1.854459596569739,-2.0529514251836596,325.28414765185533
7,842,1,2,1,331.4787605862527,-1.5657700518764335,-0.5649019525675409
7,843,2,2,3,-1.854459596569739,-2.0529514251836596,325.4721301847088
7,844,1,2,1,339.5123379990862,-1.5657700518764335,-0.5649019525675409
7,845,0,2,1,317.98857120244395,-1.9014646570958402,-0.6663679920857718
7,846,1,2,1,339.2728256610871,-1.5657700518764335,-0.5649019525675409
7,847,1,2,1,339.13355283542603,-1.5657700518764335,-0.5649019525675409
7,848,1,2,1,339.0944192825906,-1.5657700518764335,-0.5649019525675409
7,849,1,2,1,337.8067182426177,-1.5657700518764335,-0.5649019525675409
7,850,2,2,3,-1.854459596569739,-2.0529514251836596,326.2677822722571
7,851,1,2,1,336.8265568633094,-1.5657700518764335,-0.5649019525675409
7,852,2,2,3,-1.854459596569739,-2.0529514251836596,325.84151448998483
7,853,2,2,3,-1.854459596569739,-2.0529514251836596,325.41567297549483
7,854,2,2,3,-1.854459596569739,-2.0529514251836596,324.99025730251935
7,855,2,2,3,-1.854459596569739,-2.0529514251836596,324.56526704521684
7,856,2,2,3,-1.854459596569739,-2.0529514251836596,325.3545694701628
7,857,1,2,1,335.9540035545246,-1.5657700518764335,-0.5649019525675409
7,858,2,2,3,-1.854459596569739,-2.0529514251836596,325.9785588750444
7,859,1,2,1,335.3304805277015,-1.5657700518764335,-0.5649019525675409
7,860,2,2,3,-1.854459596569739,-2.0529514251836596,326.4784205597824
7,861,1,2,1,334.91879611034983,-1.5657700518764335,-0.5649019525675409
7,862,2,2,3,-1.854459596569739,-2.0529514251836596,327.2926891521862
7,863,2,1,2,-8.764726328312669,337.81207302953914,-0.623251280782349
7,864,2,2,3,-1.854459596569739,-2.0529514251836596,327.90681546689194
7,865,2,1,2,-8.764726328312669,336.8936404578075,-0.623251280782349
7,866,2,2,3,-1.854459596569739,-2.0529514251836596,327.47890865142506
7,867,2,2,3,-1.854459596569739,-2.0529514251836596,327.0514297427736
7,868,2,2,3,-1.854459596569739,-2.0529514251836596,327.4032475834209
7,869,1,2,1,342.8077850483568,-1.5657700518764335,-0.5649019525675409
7,870,0,2,1,320.1276848019869,-1.9014646570958402,-0.6663679920857718
7,871,1,2,1,342.56497726330844,-1.5657700518764335,-0.5649019525675409
7,872,1,2,1,342.42241228604513,-1.5657700518764335,-0.5649019525675409
7,873,1,2,1,342.3799898737591,-1.5657700518764335,-0.5649019525675409
7,874,1,2,1,342.43760988388533,-1.5657700518764335,-0.5649019525675409
7,875,1,2,1,342.59517227400147,-1.5657700518764335,-0.5649019525675409
7,876,1,2,1,342.28812545192426,-1.5657700518764335,-0.5649019525675409
7,877,2,1,2,-8.764726328312669,337.5908008317673,-0.623251280782349
7,878,1,2,1,341.17223441749053,-1.5657700518764335,-0.5649019525675409
7,879,2,2,3,-1.854459596569739,-2.0529514251836596,327.9844121074238
7,880,2,1,2,-8.764726328312669,336.9021775472255,-0.623251280782349
7,881,2,2,3,-1.854459596569739,-2.0529514251836596,328.86202210401296
7,882,1,2,1,340.41235116403874,-1.5657700518764335,-0.5649019525675409
7,883,2,2,3,-1.854459596569739,-2.0529514251836596,328.43316008190897
7,884,2,2,3,-1.854459596569739,-2.0529514251836596,328.00472692182706
7,885,2,2,3,-1.854459596569739,-2.0529514251836596,327.57672219490524
7,886,2,2,3,-1.854459596569739,-2.0529514251836596,327.14914547271036
7,887,2,2,3,-1.854459596569739,-2.0529514251836596,326.72199632723766
7,888,2,2,3,-1.854459596569739,-2.0529514251836596,326.29527433091044
7,889,2,2,3,-1.854459596569739,-2.0529514251836596,326.91906247499475
7,890,2,1,2,-8.764726328312669,336.2769469775274,-0.623251280782349
7,891,2,2,3,-1.854459596569739,-2.0529514251836596,327.8279789927351
7,892,1,2,1,347.96375684303155,-1.5657700518764335,-0.5649019525675409
7,893,0,2,1,321.4063340725634,-1.9014646570958402,-0.6663679920857718
7,894,2,1,2,-8.764726328312669,337.8976642072348,-0.623251280782349
7,895,1,2,1,345.7223510790092,-1.5657700518764335,-0.5649019525675409
7,896,2,2,3,-1.854459596569739,-2.0529514251836596,329.1716938502835
7,897,1,2,1,343.9381136622863,-1.5657700518764335,-0.5649019525675409
7,898,2,2,3,-1.854459596569739,-2.0529514251836596,330.20439771782145
7,899,1,2,1,342.534537670122,-1.5657700518764335,-0.5649019525675409
7,900,2,2,3,-1.854459596569739,-2.0529514251836596,329.7741933201036
7,901,2,2,3,-1.854459596569739,-2.0529514251836596,330.1486427446095
7,902,2,1,2,-8.764726328312669,345.3338072185226,-0.623251280782349
7,903,2,0,2,-1.53565384476972,317.4657104681828,-0.6300840498404277
7,904,2,2,3,-1.854459596569739,-2.0529514251836596,331.2218253847823
7,905,2,1,2,-8.764726328312669,344.81134572601246,-0.623251280782349
7,906,1,2,1,342.81740712998504,-1.5657700518764335,-0.5649019525675409
7,907,2,1,2,-8.764726328312669,344.46913445927976,-0.623251280782349
7,908,1,2,1,341.82662713008,-1.5657700518764335,-0.5649019525675409
7,909,2,2,3,-1.854459596569739,-2.0529514251836596,332.10208715777276
7,910,2,1,2,-8.764726328312669,343.2003276419713,-0.623251280782349
7,911,2,2,3,-1.854459596569739,-2.0529514251836596,332.7687108785506
7,912,2,1,2,-8.764726328312669,342.22439725475067,-0.623251280782349
7,913,2,2,3,-1.854459596569739,-2.0529514251836596,333.23267587657347
7,914,1,2,1,341.23399932885275,-1.5657700518764335,-0.5649019525675409
7,915,2,2,3,-1.854459596569739,-2.0529514251836596,333.59157422247256
7,916,1,2,1,340.83616524399224,-1.5657700518764335,-0.5649019525675409
7,917,2,2,3,-1.854459596569739,-2.0529514251836596,334.0126321284456
7,918,2,1,2,-8.764726328312669,341.56920810999173,-0.623251280782349
7,919,2,2,3,-1.854459596569739,-2.0529514251836596,333.5786194963172
7,920,2,2,3,-1.854459596569739,-2.0529514251836596,333.1450408768209
7,921,2,2,3,-1.854459596569739,-2.0529514251836596,333.47331714829403
7,922,1,2,1,340.56640711727414,-1.5657700518764335,-0.5649019525675409
7,923,2,2,3,-1.854459596569739,-2.0529514251836596,333.03984383114573
7,924,2,2,3,-1.854459596569739,-2.0529514251836596,332.6068039873146
7,925,2,2,3,-1.854459596569739,-2.0529514251836596,333.0614751914723
7,926,2,1,2,-8.764726328312669,340.9853733429483,-0.623251280782349
7,927,2,2,3,-1.854459596569739,-2.0529514251836596,332.6284137162808
7,928,2,2,3,-1.854459596569739,-2.0529514251836596,332.19578530256456
7,929,2,2,3,-1.854459596569739,-2.0529514251836596,332.63375873326
7,930,2,1,2,-8.764726328312669,340.5175781232462,-0.623251280782349
7,931,2,2,3,-1.854459596569739,-2.0529514251836596,332.2011249745267
7,932,2,2,3,-1.854459596569739,-2.0529514251836596,331.76892384955215
7,933,2,2,3,-1.854459596569739,-2.0529514251836596,332.2032716987983
7,934,2,1,2,-8.764726328312669,340.15394420910263,-0.623251280782349
7,935,2,2,3,-1.854459596569739,-2.0529514251836596,332.55818500561963
7,936,2,1,2,-8.764726328312669,347.4676551245425,-0.623251280782349
7,937,2,0,2,-1.53565384476972,319.4352137259747,-0.6300840498404277
7,938,1,2,1,338.94493499581404,-1.5657700518764335,-0.5649019525675409
7,939,0,1,2,2.7914631950699156,236.7843960756141,3.2914969809938084
7,940,0,2,1,323.6649985226368,-1.9014646570958402,-0.6663679920857718
7,941,2,1,2,-8.764726328312669,345.8441499276446,-0.623251280782349
7,942,2,2,3,-1.854459596569739,-2.0529514251836596,333.4409373478945
7,943,2,1,2,-8.764726328312669,345.1152834994657,-0.623251280782349
7,944,1,2,1,339.31685456267974,-1.5657700518764335,-0.5649019525675409
7,945,2,1,2,-8.764726328312669,344.5961237512244,-0.623251280782349
7,946,1,2,1,338.59582190385333,-1.5657700518764335,-0.5649019525675409
7,947,2,2,3,-1.854459596569739,-2.0529514251836596,334.11185986447623
7,948,2,1,2,-8.764726328312669,343.71358550268513,-0.623251280782349
7,949,2,2,3,-1.854459596569739,-2.0529514251836596,333.6777480046118
7,950,2,2,3,-1.854459596569739,-2.0529514251836596,333.2440702566072
7,951,2,2,3,-1.854459596569739,-2.0529514251836596,333.8473081957123
7,952,2,1,2,-8.764726328312669,342.99311046379216,-0.623251280782349
7,953,2,2,3,-1.854459596569739,-2.0529514251836596,333.88356374462256
7,954,1,2,1,338.0907125241856,-1.5657700518764335,-0.5649019525675409
7,955,2,2,3,-1.854459596569739,-2.0529514251836596,334.3515253060757
7,956,2,1,2,-8.764726328312669,342.4946004227144,-0.623251280782349
7,957,2,2,3,-1.854459596569739,-2.0529514251836596,334.2873533153625
7,958,1,2,1,337.77608924998793,-1.5657700518764335,-0.5649019525675409
7,959,2,2,3,-1.854459596569739,-2.0529514251836596,334.19845081957504
7,960,1,2,1,337.5841269561271,-1.5657700518764335,-0.5649019525675409
7,961,2,2,3,-1.854459596569739,-2.0529514251836596,334.09943430627413
7,962,1,2,1,337.5015582568355,-1.5657700518764335,-0.5649019525675409
7,963,2,2,3,-1.854459596569739,-2.0529514251836596,334.4964563174955
7,964,2,1,2,-8.764726328312669,342.160289555875,-0.623251280782349
7,965,2,2,3,-1.854459596569739,-2.0529514251836596,334.8206793517775
7,966,2,1,2,-8.764726328312669,349.468346759159,-0.623251280782349
7,967,2,0,2,-1.53565384476972,320.90434662080395,-0.6300840498404277
7,968,1,2,1,339.0487687603087,-1.5657700518764335,-0.5649019525675409
7,969,2,1,2,-8.764726328312669,349.2188784123998,-0.623251280782349
7,970,2,1,2,-8.764726328312669,348.0628186784304,-0.623251280782349
7,971,1,2,1,339.50971999154837,-1.5657700518764335,-0.5649019525675409
7,972,1,2,1,347.50158284613457,-1.5657700518764335,-0.5649019525675409
7,973,0,2,1,325.75671771953773,-1.9014646570958402,-0.6663679920857718
7,974,2,1,2,-8.764726328312669,346.70378406641333,-0.623251280782349
7,975,2,2,3,-1.854459596569739,-2.0529514251836596,334.38585867242574
7,976,2,2,3,-1.854459596569739,-2.0529514251836596,333.9514728137533
7,977,2,2,3,-1.854459596569739,-2.0529514251836596,334.8589822341453
7,978,1,2,1,346.00246380270147,-1.5657700518764335,-0.5649019525675409
7,979,2,2,3,-1.854459596569739,-2.0529514251836596,335.5967586333057
7,980,2,1,2,-8.764726328312669,345.65748476446925,-0.623251280782349
7,981,2,2,3,-1.854459596569739,-2.0529514251836596,335.16116187467236
7,982,2,2,3,-1.854459596569739,-2.0529514251836596,334.7260007127977
7,983,2,2,3,-1.854459596569739,-2.0529514251836596,335.4076445579854
7,984,1,2,1,344.80757423367186,-1.5657700518764335,-0.5649019525675409
7,985,2,2,3,-1.854459596569739,-2.0529514251836596,334.9722369134274
7,986,2,2,3,-1.854459596569739,-2.0529514251836596,334.537264676514
7,987,2,2,3,-1.854459596569739,-2.0529514251836596,335.1194880579961
7,988,1,2,1,343.8036461280463,-1.5657700518764335,-0.5649019525675409
7,989,2,2,3,-1.854459596569739,-2.0529514251836596,335.72763024387893
7,990,2,1,2,-8.764726328312669,344.82877168216635,-0.623251280782349
7,991,2,2,3,-1.854459596569739,-2.0529514251836596,336.1929156160255
7,992,2,1,2,-8.764726328312669,344.22899315993624,-0.623251280782349
7,993,2,2,3,-1.854459596569739,-2.0529514251836596,336.55229437725666
7,994,2,1,2,-8.764726328312669,343.824770987291,-0.623251280782349
7,995,2,2,3,-1.854459596569739,-2.0529514251836596,336.83362590620754
7,996,1,2,1,343.1698104799562,-1.5657700518764335,-0.5649019525675409
7,997,2,2,3,-1.854459596569739,-2.0529514251836596,337.0889156433286
7,998,2,1,2,-8.764726328312669,343.61409653725144,-0.623251280782349
7,999,2,2,3,-1.854459596569739,-2.0529514251836596,337.29781963618365
7,1000,2,1,2,-8.764726328312669,350.9222171989859,-0.623251280782349
7,1001,2,0,2,-1.53565384476972,323.55521146142314,-0.6300840498404277
7,1002,2,1,2,-8.764726328312669,350.6712949817869,-0.623251280782349
7,1003,2,1,2,-8.764726328312669,349.1966496275904,-0.623251280782349
7,1004,2,2,3,-1.854459596569739,-2.0529514251836596,338.0385059856967
7,1005,2,1,2,-8.764726328312669,349.14745297796276,-0.623251280782349
7,1006,2,1,2,-8.764726328312669,349.1983055249848,-0.623251280782349
7,1007,2,1,2,-8.764726328312669,348.75228621000196,-0.623251280782349
7,1008,1,2,1,342.81864152454455,-1.5657700518764335,-0.5649019525675409
7,1009,2,2,3,-1.854459596569739,-2.0529514251836596,337.600467479711
7,1010,2,2,3,-1.854459596569739,-2.0529514251836596,337.16286701223135
7,1011,2,2,3,-1.854459596569739,-2.0529514251836596,337.28562582193814
7,1012,1,2,1,342.52805432846196,-1.5657700518764335,-0.5649019525675409
7,1013,2,2,3,-1.854459596569739,-2.0529514251836596,337.36734061826206
7,1014,1,2,1,342.3746156168237,-1.5657700518764335,-0.5649019525675409
7,1015,2,2,3,-1.854459596569739,-2.0529514251836596,338.05708289122606
7,1016,2,1,2,-8.764726328312669,347.94470879523317,-0.623251280782349
7,1017,2,2,3,-1.854459596569739,-2.0529514251836596,338.046461548169
7,1018,1,2,1,342.40375374841005,-1.5657700518764335,-0.5649019525675409
7,1019,2,2,3,-1.854459596569739,-2.0529514251836596,338.5883415640802
7,1020,2,1,2,-8.764726328312669,347.3704837305538,-0.623251280782349
7,1021,2,2,3,-1.854459596569739,-2.0529514251836596,338.14975322251615
7,1022,2,2,3,-1.854459596569739,-2.0529514251836596,337.71160346929366
7,1023,2,2,3,-1.854459596569739,-2.0529514251836596,337.7384147434569
7,1024,1,2,1,350.3132934278033,-1.5657700518764335,-0.5649019525675409
7,1025,0,2,1,327.57072383690877,-1.9014646570958402,-0.6663679920857718
7,1026,2,1,2,-8.764726328312669,348.11445140685095,-0.623251280782349
7,1027,1,2,1,348.81806714462516,-1.5657700518764335,-0.5649019525675409
7,1028,2,2,3,-1.854459596569739,-2.0529514251836596,338.3975619164291
7,1029,1,2,1,348.5995911194409,-1.5657700518764335,-0.5649019525675409
7,1030,2,1,2,-8.764726328312669,355.23497220084676,-0.623251280782349
7,1031,2,0,2,-1.53565384476972,324.7010489450073,-0.6300840498404277
7,1032,2,2,3,-1.854459596569739,-2.0529514251836596,338.96916524561084
7,1033,1,2,1,347.5975793668123,-1.5657700518764335,-0.5649019525675409
7,1034,2,2,3,-1.854459596569739,-2.0529514251836596,340.1405109689336
7,1035,2,1,2,-8.764726328312669,353.4853855666865,-0.623251280782349
7,1036,2,2,3,-1.854459596569739,-2.0529514251836596,341.0215130431422
7,1037,2,1,2,-8.764726328312669,352.0979768012889,-0.623251280782349
7,1038,2,2,3,-1.854459596569739,-2.0529514251836596,341.6770614421556
7,1039,2,1,2,-8.764726328312669,351.01420820393344,-0.623251280782349
7,1040,2,2,3,-1.854459596569739,-2.0529514251836596,341.23538438071347
7,1041,2,2,3,-1.854459596569739,-2.0529514251836596,340.79414899633275
7,1042,2,2,3,-1.854459596569739,-2.0529514251836596,340.3533548473364
7,1043,2,2,3,-1.854459596569739,-2.0529514251836596,339.91300149248906
7,1044,2,2,3,-1.854459596569739,-2.0529514251836596,340.2338617005546
7,1045,1,2,1,346.92097373848594,-1.5657700518764335,-0.5649019525675409
7,1046,2,2,3,-1.854459596569739,-2.0529514251836596,339.79362783885404
7,1047,2,2,3,-1.854459596569739,-2.0529514251836596,339.35383421101517
7,1048,2,2,3,-1.854459596569739,-2.0529514251836596,338.91448037680414
7,1049,2,2,3,-1.854459596569739,-2.0529514251836596,338.4755658964273
7,1050,2,2,3,-1.854459596569739,-2.0529514251836596,339.278415918974
7,1051,2,1,2,-8.764726328312669,349.9013505595185,-0.623251280782349
7,1052,2,2,3,-1.854459596569739,-2.0529514251836596,338.83913750305504
7,1053,2,2,3,-1.854459596569739,-2.0529514251836596,338.400298365552
7,1054,2,2,3,-1.854459596569739,-2.0529514251836596,338.8054449291069
7,1055,1,2,1,346.27061541261895,-1.5657700518764335,-0.5649019525675409
7,1056,2,2,3,-1.854459596569739,-2.0529514251836596,339.1056913620455
7,1057,1,2,1,345.81501731619954,-1.5657700518764335,-0.5649019525675409
7,1058,2,2,3,-1.854459596569739,-2.0529514251836596,338.66658567068345
7,1059,2,2,3,-1.854459596569739,-2.0529514251836596,338.2279190850128
7,1060,2,2,3,-1.854459596569739,-2.0529514251836596,338.5408138908153
7,1061,1,2,1,345.4490561597703,-1.5657700518764335,-0.5649019525675409
7,1062,2,2,3,-1.854459596569739,-2.0529514251836596,339.2269662071261
7,1063,2,1,2,-8.764726328312669,348.9946851580721,-0.623251280782349
7,1064,2,2,3,-1.854459596569739,-2.0529514251836596,338.787739240919
7,1065,2,2,3,-1.854459596569739,-2.0529514251836596,338.3489515016781
7,1066,2,2,3,-1.854459596569739,-2.0529514251836596,338.6135129113275
7,1067,1,2,1,345.2268883220147,-1.5657700518764335,-0.5649019525675409
7,1068,2,2,3,-1.854459596569739,-2.0529514251836596,338.1748993984162
7,1069,2,2,3,-1.854459596569739,-2.0529514251836596,337.7367244990178
7,1070,2,2,3,-1.854459596569739,-2.0529514251836596,338.41352587976513
7,1071,2,1,2,-8.764726328312669,348.1981557043616,-0.623251280782349
7,1072,2,2,3,-1.854459596569739,-2.0529514251836596,338.6496352356681
7,1073,1,2,1,353.0337011496672,-1.5657700518764335,-0.5649019525675409
7,1074,0,2,1,329.2852688679497,-1.9014646570958402,-0.6663679920857718
7,1075,2,1,2,-8.764726328312669,349.0286765477425,-0.623251280782349
7,1076,1,2,1,351.35664492303164,-1.5657700518764335,-0.5649019525675409
7,1077,2,2,3,-1.854459596569739,-2.0529514251836596,339.4689795594814
7,1078,1,2,1,350.0284094071171,-1.5657700518764335,-0.5649019525675409
7,1079,2,2,3,-1.854459596569739,-2.0529514251836596,340.07489413483785
7,1080,1,2,1,349.8794074446319,-1.5657700518764335,-0.5649019525675409
7,1081,2,1,2,-8.764726328312669,349.56387022998683,-0.623251280782349
7,1082,1,2,1,349.92952803718725,-1.5657700518764335,-0.5649019525675409
7,1083,1,2,1,350.07959850915006,-1.5657700518764335,-0.5649019525675409
7,1084,1,2,1,349.339053177584,-1.5657700518764335,-0.5649019525675409
7,1085,2,2,3,-1.854459596569739,-2.0529514251836596,340.5519709859349
7,1086,1,2,1,349.7119710125943,-1.5657700518764335,-0.5649019525675409
7,1087,2,1,2,-8.764726328312669,346.0837848201359,-0.623251280782349
7,1088,1,0,1,229.09360032871726,8.926262106749988,17.78679373987269
7,1089,2,0,2,-1.53565384476972,326.8524291807534,-0.6300840498404277
7,1090,1,2,1,348.08242912282066,-1.5657700518764335,-0.5649019525675409
7,1091,0,1,2,2.7914631950699156,245.8051980859797,3.2914969809938084
7,1092,0,2,1,330.0713871087623,-1.9014646570958402,-0.6663679920857718
7,1093,2,2,3,-1.854459596569739,-2.0529514251836596,340.85693437050065
7,1094,1,2,1,347.63648090773205,-1.5657700518764335,-0.5649019525675409
7,1095,2,1,2,-8.764726328312669,346.0914179479878,-0.623251280782349
7,1096,1,2,1,347.33588319380965,-1.5657700518764335,-0.5649019525675409
7,1097,2,1,2,-8.764726328312669,345.52711265586856,-0.623251280782349
7,1098,2,2,3,-1.854459596569739,-2.0529514251836596,341.05749336963777
7,1099,1,2,1,346.6669867180228,-1.5657700518764335,-0.5649019525675409
7,1100,2,2,3,-1.854459596569739,-2.0529514251836596,341.058928185605
7,1101,2,1,2,-8.764726328312669,345.1392352806566,-0.623251280782349
7,1102,2,2,3,-1.854459596569739,-2.0529514251836596,341.1730670521288
7,1103,1,2,1,346.1764216843813,-1.5657700518764335,-0.5649019525675409
7,1104,2,2,3,-1.854459596569739,-2.0529514251836596,341.1245446397009
7,1105,2,1,2,-8.764726328312669,344.8966416719213,-0.623251280782349
7,1106,2,2,3,-1.854459596569739,-2.0529514251836596,341.1835559224846
7,1107,1,2,1,345.83595155226914,-1.5657700518764335,-0.5649019525675409
7,1108,2,2,3,-1.854459596569739,-2.0529514251836596,341.10996785575634
7,1109,2,1,2,-8.764726328312669,344.77686432244906,-0.623251280782349
7,1110,2,2,3,-1.854459596569739,-2.0529514251836596,341.0318806381032
7,1111,2,1,2,-8.764726328312669,344.76133407337636,-0.623251280782349
7,1112,2,2,3,-1.854459596569739,-2.0529514251836596,340.96006464755715
7,1113,2,1,2,-8.764726328312669,344.8402470661469,-0.623251280782349
7,1114,2,2,3,-1.854459596569739,-2.0529514251836596,340.90324264235
7,1115,2,1,2,-8.764726328312669,352.6146128484268,-0.623251280782349
7,1116,2,0,2,-1.53565384476972,328.40494546635273,-0.6300840498404277
7,1117,1,2,1,346.76120306903647,-1.5657700518764335,-0.5649019525675409
7,1118,2,1,2,-8.764726328312669,351.78251066741876,-0.623251280782349
7,1119,1,2,1,347.61155131820726,-1.5657700518764335,-0.5649019525675409
7,1120,2,1,2,-8.764726328312669,351.63072815675133,-0.623251280782349
7,1121,2,1,2,-8.764726328312669,350.51707636266883,-0.623251280782349
7,1122,2,2,3,-1.854459596569739,-2.0529514251836596,341.1264619586175
7,1123,1,2,1,347.4219159202897,-1.5657700518764335,-0.5649019525675409
7,1124,2,2,3,-1.854459596569739,-2.0529514251836596,340.68533549665887
7,1125,2,2,3,-1.854459596569739,-2.0529514251836596,340.2446501611622
7,1126,2,2,3,-1.854459596569739,-2.0529514251836596,339.80440551100105
7,1127,2,2,3,-1.854459596569739,-2.0529514251836596,339.36460110549007
7,1128,2,2,3,-1.854459596569739,-2.0529514251836596,339.72291067104976
7,1129,1,2,1,355.2567916520282,-1.5657700518764335,-0.5649019525675409
7,1130,0,2,1,332.23467077143687,-1.9014646570958402,-0.6663679920857718
7,1131,1,2,1,355.0015348603762,-1.5657700518764335,-0.5649019525675409
7,1132,1,2,1,353.3339495307725,-1.5657700518764335,-0.5649019525675409
7,1133,2,2,3,-1.854459596569739,-2.0529514251836596,340.6306806074913
7,1134,1,2,1,353.00174513759947,-1.5657700518764335,-0.5649019525675409
7,1135,2,1,2,-8.764726328312669,349.5878061065436,-0.623251280782349
7,1136,2,2,3,-1.854459596569739,-2.0529514251836596,340.1900499268838
7,1137,2,2,3,-1.854459596569739,-2.0529514251836596,339.74985987695686
7,1138,2,2,3,-1.854459596569739,-2.0529514251836596,339.3101100170799
7,1139,2,2,3,-1.854459596569739,-2.0529514251836596,338.87079990706286
7,1140,2,2,3,-1.854459596569739,-2.0529514251836596,339.83089268497895
7,1141,1,2,1,351.74482899965244,-1.5657700518764335,-0.5649019525675409
7,1142,2,2,3,-1.854459596569739,-2.0529514251836596,340.57054148744663
7,1143,1,2,1,350.7868297069444,-1.5657700518764335,-0.5649019525675409
7,1144,2,2,3,-1.854459596569739,-2.0529514251836596,341.0226801432498
7,1145,2,1,2,-8.764726328312669,348.89027083007096,-0.623251280782349
7,1146,2,2,3,-1.854459596569739,-2.0529514251836596,341.3605489411018
7,1147,2,1,2,-8.764726328312669,348.39593809223294,-0.623251280782349
7,1148,2,2,3,-1.854459596569739,-2.0529514251836596,341.8523901879791
7,1149,1,2,1,350.15153336485986,-1.5657700518764335,-0.5649019525675409
7,1150,2,2,3,-1.854459596569739,-2.0529514251836596,342.05834904031224
7,1151,2,1,2,-8.764726328312669,348.12012083800056,-0.623251280782349
7,1152,2,2,3,-1.854459596569739,-2.0529514251836596,342.21640609924304
7,1153,2,1,2,-8.764726328312669,347.98753295802555,-0.623251280782349
7,1154,2,2,3,-1.854459596569739,-2.0529514251836596,341.7741896931438
7,1155,2,2,3,-1.854459596569739,-2.0529514251836596,341.33241550345065
7,1156,2,2,3,-1.854459596569739,-2.0529514251836596,341.54993971595013
7,1157,2,1,2,-8.764726328312669,355.6008692633919,-0.623251280782349
7,1158,2,0,2,-1.53565384476972,330.2294527228386,-0.6300840498404277
7,1159,1,2,1,351.0408660854497,-1.5657700518764335,-0.5649019525675409
7,1160,2,1,2,-8.764726328312669,354.8938280795123,-0.623251280782349
7,1161,1,2,1,351.8712684567764,-1.5657700518764335,-0.5649019525675409
7,1162,2,1,2,-8.764726328312669,353.4178893034401,-0.623251280782349
7,1163,2,2,3,-1.854459596569739,-2.0529514251836596,342.2833167853957
7,1164,2,1,2,-8.764726328312669,353.21135595031694,-0.623251280782349
7,1165,1,2,1,359.47537401747104,-1.5657700518764335,-0.5649019525675409
7,1166,0,2,1,332.89725205604736,-1.9014646570958402,-0.6663679920857718
7,1167,2,2,3,-1.854459596569739,-2.0529514251836596,342.9229093459375
7,1168,2,1,2,-8.764726328312669,352.23958838053306,-0.623251280782349
7,1169,2,2,3,-1.854459596569739,-2.0529514251836596,342.47998643659156
7,1170,2,2,3,-1.854459596569739,-2.0529514251836596,342.037506450155
7,1171,2,2,3,-1.854459596569739,-2.0529514251836596,341.5954689437048
7,1172,2,2,3,-1.854459596569739,-2.0529514251836596,341.1538734747611
7,1173,2,2,3,-1.854459596569739,-2.0529514251836596,342.5265481550146
7,1174,1,2,1,357.5379648830704,-1.5657700518764335,-0.5649019525675409
7,1175,2,2,3,-1.854459596569739,-2.0529514251836596,343.5701518629371
7,1176,1,2,1,355.99761342919413,-1.5657700518764335,-0.5649019525675409
7,1177,2,2,3,-1.854459596569739,-2.0529514251836596,343.12658171107415
7,1178,2,2,3,-1.854459596569739,-2.0529514251836596,342.6834551293631
7,1179,2,2,3,-1.854459596569739,-2.0529514251836596,343.558873345917
7,1180,1,2,1,354.7101805475205,-1.5657700518764335,-0.5649019525675409
7,1181,2,2,3,-1.854459596569739,-2.0529514251836596,343.1153144725711
7,1182,2,2,3,-1.854459596569739,-2.0529514251836596,342.6721991580985
7,1183,2,2,3,-1.854459596569739,-2.0529514251836596,342.2295269589404
7,1184,2,2,3,-1.854459596569739,-2.0529514251836596,341.7872974319815
7,1185,2,2,3,-1.854459596569739,-2.0529514251836596,342.6248755629879
7,1186,1,2,1,353.55902517350427,-1.5657700518764335,-0.5649019525675409
7,1187,2,2,3,-1.854459596569739,-2.0529514251836596,342.18225068742487
7,1188,2,2,3,-1.854459596569739,-2.0529514251836596,341.74006843673743
7,1189,2,2,3,-1.854459596569739,-2.0529514251836596,342.33778084273644
7,1190,2,1,2,-8.764726328312669,351.40706984591066,-0.623251280782349
7,1191,2,2,3,-1.854459596569739,-2.0529514251836596,342.79330267320796
7,1192,2,1,2,-8.764726328312669,350.8028998259672,-0.623251280782349
7,1193,2,2,3,-1.854459596569739,-2.0529514251836596,343.1434594886579
7,1194,2,1,2,-8.764726328312669,350.3938123327476,-0.623251280782349
7,1195,2,2,3,-1.854459596569739,-2.0529514251836596,343.41810096073414
7,1196,2,1,2,-8.764726328312669,350.15282309458553,-0.623251280782349
7,1197,2,2,3,-1.854459596569739,-2.0529514251836596,343.97863435683763
7,1198,1,2,1,352.75700745748077,-1.5657700518764335,-0.5649019525675409
7,1199,2,2,3,-1.854459596569739,-2.0529514251836596,343.5346557224808
7,1200,2,2,3,-1.854459596569739,-2.0529514251836596,343.0911210667583
7,1201,2,2,3,-1.854459596569739,-2.0529514251836596,343.6049526983731
7,1202,1,2,1,352.09819702887165,-1.5657700518764335,-0.5649019525675409
7,1203,2,2,3,-1.854459596569739,-2.0529514251836596,343.16134774567473
7,1204,2,2,3,-1.854459596569739,-2.0529514251836596,342.71818639792906
7,1205,2,2,3,-1.854459596569739,-2.0529514251836596,343.20408926399443
7,1206,1,2,1,351.5655821631199,-1.5657700518764335,-0.5649019525675409
7,1207,2,2,3,-1.854459596569739,-2.0529514251836596,342.76088517473045
7,1208,2,2,3,-1.854459596569739,-2.0529514251836596,342.3181242895557
7,1209,2,2,3,-1.854459596569739,-2.0529514251836596,342.65144134696413
7,1210,2,1,2,-8.764726328312669,357.730256604688,-0.623251280782349
7,1211,2,0,2,-1.53565384476972,331.12900014390414,-0.6300840498404277
7,1212,2,2,3,-1.854459596569739,-2.0529514251836596,343.70159261613185
7,1213,2,1,2,-8.764726328312669,356.0836886132163,-0.623251280782349
7,1214,2,2,3,-1.854459596569739,-2.0529514251836596,344.4837185272271
7,1215,2,1,2,-8.764726328312669,355.4803123860435,-0.623251280782349
7,1216,1,2,1,352.4015748730262,-1.5657700518764335,-0.5649019525675409
7,1217,2,1,2,-8.764726328312669,355.12003705986876,-0.623251280782349
7,1218,1,2,1,351.39613199623557,-1.5657700518764335,-0.5649019525675409
7,1219,0,1,2,2.7914631950699156,254.58150623093042,3.2914969809938084
7,1220,0,2,1,334.7644105193696,-1.9014646570958402,-0.6663679920857718
7,1221,2,1,2,-8.764726328312669,354.8962504215092,-0.623251280782349
7,1222,1,2,1,351.4912475883414,-1.5657700518764335,-0.5649019525675409
7,1223,2,1,2,-8.764726328312669,355.1413541710877,-0.623251280782349
7,1224,2,1,2,-8.764726328312669,355.48621281691663,-0.623251280782349
7,1225,2,1,2,-8.764726328312669,355.93072660409973,-0.623251280782349
7,1226,2,1,2,-8.764726328312669,363.0194249579363,-0.623251280782349
7,1227,2,0,2,-1.53565384476972,333.9550232003494,-0.6300840498404277
7,1228,2,1,2,-8.764726328312669,362.75640553297836,-0.623251280782349
7,1229,2,1,2,-8.764726328312669,361.47839849092634,-0.623251280782349
7,1230,1,2,1,351.33975634075307,-1.5657700518764335,-0.5649019525675409
7,1231,1,2,1,351.2884165844123,-1.5657700518764335,-0.5649019525675409
7,1232,1,2,1,351.33712816782787,-1.5657700518764335,-0.5649019525675409
7,1233,1,2,1,350.8073034852406,-1.5657700518764335,-0.5649019525675409
7,1234,2,2,3,-1.854459596569739,-2.0529514251836596,344.03923480869986
7,1235,2,2,3,-1.854459596569739,-2.0529514251836596,343.59519557389115
7,1236,2,2,3,-1.854459596569739,-2.0529514251836596,343.8655990615408
7,1237,1,2,1,350.36926744380906,-1.5657700518764335,-0.5649019525675409
7,1238,2,2,3,-1.854459596569739,-2.0529514251836596,345.16540060598845
7,1239,2,1,2,-8.764726328312669,359.8019333018266,-0.623251280782349
7,1240,2,2,3,-1.854459596569739,-2.0529514251836596,346.1692519422704
7,1241,2,1,2,-8.764726328312669,358.4924959139287,-0.623251280782349
7,1242,2,2,3,-1.854459596569739,-2.0529514251836596,346.94308384352234
7,1243,2,1,2,-8.764726328312669,357.4906116230445,-0.623251280782349
7,1244,2,2,3,-1.854459596569739,-2.0529514251836596,346.8353329361072
7,1245,1,2,1,350.3690386601028,-1.5657700518764335,-0.5649019525675409
7,1246,2,2,3,-1.854459596569739,-2.0529514251836596,346.38849760317106
7,1247,2,2,3,-1.854459596569739,-2.0529514251836596,345.9421091055679
7,1248,2,2,3,-1.854459596569739,-2.0529514251836596,346.6394687456925
7,1249,2,1,2,-8.764726328312669,356.6588578665636,-0.623251280782349
7,1250,2,2,3,-1.854459596569739,-2.0529514251836596,346.19282927694684
7,1251,2,2,3,-1.854459596569739,-2.0529514251836596,345.7466364476699
7,1252,2,2,3,-1.854459596569739,-2.0529514251836596,346.38119973169273
7,1253,2,1,2,-8.764726328312669,355.98471085334484,-0.623251280782349
7,1254,2,2,3,-1.854459596569739,-2.0529514251836596,346.8855661330046
7,1255,2,1,2,-8.764726328312669,355.5279108151778,-0.623251280782349
7,1256,2,2,3,-1.854459596569739,-2.0529514251836596,346.7835443470543
7,1257,1,2,1,350.4637056844509,-1.5657700518764335,-0.5649019525675409
7,1258,2,2,3,-1.854459596569739,-2.0529514251836596,347.20245308305147
7,1259,2,1,2,-8.764726328312669,362.9366670304946,-0.623251280782349
7,1260,2,0,2,-1.53565384476972,334.9325637355365,-0.6300840498404277
7,1261,2,2,3,-1.854459596569739,-2.0529514251836596,348.3129378107653
7,1262,2,1,2,-8.764726328312669,361.4389071902058,-0.623251280782349
7,1263,1,2,1,350.5209042328679,-1.5657700518764335,-0.5649019525675409
7,1264,0,1,2,2.7914631950699156,262.465032249255,3.2914969809938084
7,1265,0,2,1,337.07042127926303,-1.9014646570958402,-0.6663679920857718
7,1266,2,1,2,-8.764726328312669,360.2965859902391,-0.623251280782349
7,1267,1,2,1,350.27038332863503,-1.5657700518764335,-0.5649019525675409
7,1268,1,2,1,349.9263258390373,-1.5657700518764335,-0.5649019525675409
7,1269,2,2,3,-1.854459596569739,-2.0529514251836596,348.02435028775346
7,1270,1,2,1,349.68810393362116,-1.5657700518764335,-0.5649019525675409
7,1271,2,2,3,-1.854459596569739,-2.0529514251836596,347.5763259374657
7,1272,2,2,3,-1.854459596569739,-2.0529514251836596,347.12874961152824
7,1273,2,2,3,-1.854459596569739,-2.0529514251836596,346.6816208619167
7,1274,2,2,3,-1.854459596569739,-2.0529514251836596,346.2349392410548
7,1275,2,2,3,-1.854459596569739,-2.0529514251836596,345.78870430181377
7,1276,2,2,3,-1.854459596569739,-2.0529514251836596,345.34291559751193
7,1277,2,2,3,-1.854459596569739,-2.0529514251836596,345.32774632718923
7,1278,1,2,1,349.3067404266508,-1.5657700518764335,-0.5649019525675409
7,1279,2,2,3,-1.854459596569739,-2.0529514251836596,345.2763389967087
7,1280,1,2,1,349.05842394465986,-1.5657700518764335,-0.5649019525675409
7,1281,2,2,3,-1.854459596569739,-2.0529514251836596,346.3180671100715
7,1282,2,1,2,-8.764726328312669,358.95241603511226,-0.623251280782349
7,1283,2,2,3,-1.854459596569739,-2.0529514251836596,346.1430443695857
7,1284,1,2,1,349.0207429427829,-1.5657700518764335,-0.5649019525675409
7,1285,2,2,3,-1.854459596569739,-2.0529514251836596,345.98179348396263
7,1286,1,2,1,349.07086620341687,-1.5657700518764335,-0.5649019525675409
7,1287,2,2,3,-1.854459596569739,-2.0529514251836596,345.8416298897046
7,1288,1,2,1,349.20210094215594,-1.5657700518764335,-0.5649019525675409
7,1289,2,2,3,-1.854459596569739,-2.0529514251836596,346.69375608821025
7,1290,2,1,2,-8.764726328312669,357.87985628433387,-0.623251280782349
7,1291,2,2,3,-1.854459596569739,-2.0529514251836596,346.247062332122
7,1292,2,2,3,-1.854459596569739,-2.0529514251836596,345.8008152697899
7,1293,2,2,3,-1.854459596569739,-2.0529514251836596,346.55083951495993
7,1294,2,1,2,-8.764726328312669,357.0004037678815,-0.623251280782349
7,1295,2,2,3,-1.854459596569739,-2.0529514251836596,346.104288675445
7,1296,2,2,3,-1.854459596569739,-2.0529514251836596,345.65818438676956
7,1297,2,2,3,-1.854459596569739,-2.0529514251836596,346.33540592111285
7,1298,2,1,2,-8.764726328312669,356.28756857728354,-0.623251280782349
7,1299,2,2,3,-1.854459596569739,-2.0529514251836596,345.88907051519175
7,1300,2,2,3,-1.854459596569739,-2.0529514251836596,345.44318144467655
7,1301,2,2,3,-1.854459596569739,-2.0529514251836596,346.07133258935994
7,1302,2,1,2,-8.764726328312669,355.7198736459018,-0.623251280782349
7,1303,2,2,3,-1.854459596569739,-2.0529514251836596,345.9352073236974
7,1304,1,2,1,357.5518625545874,-1.5657700518764335,-0.5649019525675409
7,1305,0,2,1,338.7610135442409,-1.9014646570958402,-0.6663679920857718
7,1306,1,2,1,357.2943106920328,-1.5657700518764335,-0.5649019525675409
7,1307,1,2,1,356.01246514787556,-1.5657700518764335,-0.5649019525675409
7,1308,2,2,3,-1.854459596569739,-2.0529514251836596,346.48692064096736
7,1309,1,2,1,355.0134237765438,-1.5657700518764335,-0.5649019525675409
7,1310,2,2,3,-1.854459596569739,-2.0529514251836596,346.88455753074845
7,1311,1,2,1,355.0584103527672,-1.5657700518764335,-0.5649019525675409
7,1312,1,2,1,355.20335194241443,-1.5657700518764335,-0.5649019525675409
7,1313,1,2,1,354.6245879437171,-1.5657700518764335,-0.5649019525675409
7,1314,2,2,3,-1.854459596569739,-2.0529514251836596,347.2039359841016
7,1315,1,2,1,355.07839664028967,-1.5657700518764335,-0.5649019525675409
7,1316,2,1,2,-8.764726328312669,352.7281527138547,-0.623251280782349
7,1317,1,0,1,240.14256410566364,8.926262106749988,17.78679373987269
7,1318,2,0,2,-1.53565384476972,335.8124970244089,-0.6300840498404277
7,1319,2,2,3,-1.854459596569739,-2.0529514251836596,346.7567320481175
7,1320,2,2,3,-1.854459596569739,-2.0529514251836596,346.30997531606937
7,1321,2,2,3,-1.854459596569739,-2.0529514251836596,346.49906490313407
7,1322,2,1,2,-8.764726328312669,351.85874486787947,-0.623251280782349
7,1323,2,2,3,-1.854459596569739,-2.0529514251836596,346.0525658382309
7,1324,2,2,3,-1.854459596569739,-2.0529514251836596,345.6065132723927
7,1325,2,2,3,-1.854459596569739,-2.0529514251836596,346.0986232125421
7,1326,1,2,1,363.00789731714053,-1.5657700518764335,-0.5649019525675409
7,1327,0,2,1,339.1486758878585,-1.9014646570958402,-0.6663679920857718
7,1328,2,2,3,-1.854459596569739,-2.0529514251836596,347.3265427256848
7,1329,1,2,1,361.6411233273466,-1.5657700518764335,-0.5649019525675409
7,1330,2,1,2,-8.764726328312669,352.6753415904988,-0.623251280782349
7,1331,1,2,1,360.0623387244547,-1.5657700518764335,-0.5649019525675409
7,1332,2,2,3,-1.854459596569739,-2.0529514251836596,348.14005998683734
7,1333,1,2,1,358.82197079070613,-1.5657700518764335,-0.5649019525675409
7,1334,2,2,3,-1.854459596569739,-2.0529514251836596,348.7494290964335
7,1335,1,2,1,358.2546325290949,-1.5657700518764335,-0.5649019525675409
7,1336,2,1,2,-8.764726328312669,352.23400091199585,-0.623251280782349
7,1337,2,2,3,-1.854459596569739,-2.0529514251836596,348.3006796673371
7,1338,2,2,3,-1.854459596569739,-2.0529514251836596,347.85237898766974
7,1339,2,2,3,-1.854459596569739,-2.0529514251836596,347.83830717919034
7,1340,2,1,2,-8.764726328312669,351.84659323153613,-0.623251280782349
7,1341,2,2,3,-1.854459596569739,-2.0529514251836596,347.7872891911934
7,1342,2,1,2,-8.764726328312669,351.59287553831064,-0.623251280782349
7,1343,2,2,3,-1.854459596569739,-2.0529514251836596,348.37576889245446
7,1344,1,2,1,357.4183703965384,-1.5657700518764335,-0.5649019525675409
7,1345,2,2,3,-1.854459596569739,-2.0529514251836596,348.82261067246634
7,1346,1,2,1,356.80997181345873,-1.5657700518764335,-0.5649019525675409
7,1347,2,2,3,-1.854459596569739,-2.0529514251836596,349.1645368147521
7,1348,1,2,1,356.3962637767733,-1.5657700518764335,-0.5649019525675409
7,1349,2,2,3,-1.854459596569739,-2.0529514251836596,348.95577781156965
7,1350,2,1,2,-8.764726328312669,351.58020998782496,-0.623251280782349
7,1351,2,2,3,-1.854459596569739,-2.0529514251836596,348.76664081920734
7,1352,2,1,2,-8.764726328312669,351.650086430144,-0.623251280782349
7,1353,2,2,3,-1.854459596569739,-2.0529514251836596,348.31787417838814
7,1354,2,2,3,-1.854459596569739,-2.0529514251836596,347.86955630420977
7,1355,2,2,3,-1.854459596569739,-2.0529514251836596,348.26583078768937
7,1356,1,2,1,356.03495464707726,-1.5657700518764335,-0.5649019525675409
7,1357,2,2,3,-1.854459596569739,-2.0529514251836596,348.1526062655047
7,1358,2,1,2,-8.764726328312669,351.75218580741455,-0.623251280782349
7,1359,2,2,3,-1.854459596569739,-2.0529514251836596,348.0608120338883
7,1360,2,1,2,-8.764726328312669,359.72240443208955,-0.623251280782349
7,1361,2,0,2,-1.53565384476972,337.47870783202865,-0.6300840498404277
7,1362,1,2,1,356.31549737504577,-1.5657700518764335,-0.5649019525675409
7,1363,0,1,2,2.7914631950699156,262.30256721700573,3.2914969809938084
7,1364,0,1,2,2.7914631950699156,262.24026464978874,3.2914969809938084
7,1365,0,1,2,2.7914631950699156,269.89195709770786,3.2914969809938084
7,1366,0,2,1,340.8463263378495,-1.9014646570958402,-0.6663679920857718
7,1367,2,1,2,-8.764726328312669,358.6081843802355,-0.623251280782349
7,1368,2,2,3,-1.854459596569739,-2.0529514251836596,348.6569410841428
7,1369,2,1,2,-8.764726328312669,358.5226001823415,-0.623251280782349
7,1370,1,2,1,355.30098480487135,-1.5657700518764335,-0.5649019525675409
7,1371,2,2,3,-1.854459596569739,-2.0529514251836596,348.86604447141076
7,1372,1,2,1,354.50862472705387,-1.5657700518764335,-0.5649019525675409
7,1373,2,2,3,-1.854459596569739,-2.0529514251836596,348.41717842693936
7,1374,2,2,3,-1.854459596569739,-2.0529514251836596,347.9687612485124
7,1375,2,2,3,-1.854459596569739,-2.0529514251836596,347.5207924872639
7,1376,2,2,3,-1.854459596569739,-2.0529514251836596,347.0732716947767
7,1377,2,2,3,-1.854459596569739,-2.0529514251836596,346.6261984230819
7,1378,2,2,3,-1.854459596569739,-2.0529514251836596,346.17957222465884
7,1379,2,2,3,-1.854459596569739,-2.0529514251836596,345.7333926524342
7,1380,2,2,3,-1.854459596569739,-2.0529514251836596,345.2876592597818
7,1381,2,2,3,-1.854459596569739,-2.0529514251836596,346.1526307518554
7,1382,2,1,2,-8.764726328312669,357.539450608541,-0.623251280782349
7,1383,2,2,3,-1.854459596569739,-2.0529514251836596,346.5337215246482
7,1384,1,2,1,353.66460068528863,-1.5657700518764335,-0.5649019525675409
7,1385,2,2,3,-1.854459596569739,-2.0529514251836596,347.1767549824289
7,1386,2,1,2,-8.764726328312669,356.8560042909474,-0.623251280782349
7,1387,2,2,3,-1.854459596569739,-2.0529514251836596,347.3718749520296
7,1388,1,2,1,353.0879562370107,-1.5657700518764335,-0.5649019525675409
7,1389,2,2,3,-1.854459596569739,-2.0529514251836596,347.49039512429067
7,1390,1,2,1,352.6807097306144,-1.5657700518764335,-0.5649019525675409
7,1391,2,2,3,-1.854459596569739,-2.0529514251836596,347.9701000366654
7,1392,2,1,2,-8.764726328312669,356.4194437654825,-0.623251280782349
7,1393,2,2,3,-1.854459596569739,-2.0529514251836596,348.3586149657816
7,1394,2,1,2,-8.764726328312669,364.08789146430513,-0.623251280782349
7,1395,2,0,2,-1.53565384476972,338.21833993043816,-0.6300840498404277
7,1396,2,2,3,-1.854459596569739,-2.0529514251836596,349.46745472416967
7,1397,2,1,2,-8.764726328312669,363.8238035728408,-0.623251280782349
7,1398,2,1,2,-8.764726328312669,363.659979769268,-0.623251280782349
7,1399,2,1,2,-8.764726328312669,362.19125981003396,-0.623251280782349
7,1400,2,2,3,-1.854459596569739,-2.0529514251836596,350.27764397294607
7,1401,2,1,2,-8.764726328312669,362.22906855022393,-0.623251280782349
7,1402,2,1,2,-8.764726328312669,362.3668394816737,-0.623251280782349
7,1403,2,1,2,-8.764726328312669,361.407642286828,-0.623251280782349
7,1404,2,2,3,-1.854459596569739,-2.0529514251836596,349.82736632897314
7,1405,2,2,3,-1.854459596569739,-2.0529514251836596,349.66001995940667
7,1406,1,2,1,352.6289807335342,-1.5657700518764335,-0.5649019525675409
7,1407,2,2,3,-1.854459596569739,-2.0529514251836596,350.373374549862
7,1408,2,1,2,-8.764726328312669,360.6538421385815,-0.623251280782349
7,1409,2,2,3,-1.854459596569739,-2.0529514251836596,350.14630618749567
7,1410,1,2,1,352.73056697274285,-1.5657700518764335,-0.5649019525675409
7,1411,2,2,3,-1.854459596569739,-2.0529514251836596,349.6961598813082
7,1412,2,2,3,-1.854459596569739,-2.0529514251836596,349.2464637214269
7,1413,2,2,3,-1.854459596569739,-2.0529514251836596,349.14214347958574
7,1414,1,2,1,352.8225824799475,-1.5657700518764335,-0.5649019525675409
7,1415,2,2,3,-1.854459596569739,-2.0529514251836596,349.057364797142
7,1416,1,2,1,361.18411053939985,-1.5657700518764335,-0.5649019525675409
7,1417,0,2,1,342.51892064746517,-1.9014646570958402,-0.6663679920857718
7,1418,1,2,1,360.9229264288605,-1.5657700518764335,-0.5649019525675409
7,1419,1,2,1,359.5873129008915,-1.5657700518764335,-0.5649019525675409
7,1420,2,2,3,-1.854459596569739,-2.0529514251836596,349.65077229461605
7,1421,1,2,1,359.63331198252195,-1.5657700518764335,-0.5649019525675409
7,1422,2,1,2,-8.764726328312669,360.99215581099304,-0.623251280782349
7,1423,1,2,1,358.68540724143674,-1.5657700518764335,-0.5649019525675409
7,1424,2,2,3,-1.854459596569739,-2.0529514251836596,349.20112152232144
7,1425,2,2,3,-1.854459596569739,-2.0529514251836596,349.91923279537764
7,1426,2,1,2,-8.764726328312669,368.2765558830071,-0.623251280782349
7,1427,2,0,2,-1.53565384476972,340.85588496981205,-0.6300840498404277
7,1428,2,1,2,-8.764726328312669,368.0082793271241,-0.623251280782349
7,1429,2,1,2,-8.764726328312669,366.9173067113139,-0.623251280782349
7,1430,1,2,1,357.95887056403546,-1.5657700518764335,-0.5649019525675409
7,1431,2,2,3,-1.854459596569739,-2.0529514251836596,349.4693135625823
7,1432,2,2,3,-1.854459596569739,-2.0529514251836596,349.0198442490197
7,1433,2,2,3,-1.854459596569739,-2.0529514251836596,349.45578800995725
7,1434,1,2,1,357.3591065206177,-1.5657700518764335,-0.5649019525675409
7,1435,2,2,3,-1.854459596569739,-2.0529514251836596,349.7887607545027
7,1436,1,2,1,356.95228318325167,-1.5657700518764335,-0.5649019525675409
7,1437,2,2,3,-1.854459596569739,-2.0529514251836596,350.0481607141943
7,1438,1,2,1,356.71182277563173,-1.5657700518764335,-0.5649019525675409
7,1439,2,2,3,-1.854459596569739,-2.0529514251836596,350.2578150975624
7,1440,1,2,1,364.8500136421676,-1.5657700518764335,-0.5649019525675409
7,1441,0,2,1,344.3871799332932,-1.9014646570958402,-0.6663679920857718
7,1442,1,2,1,364.58516362852544,-1.5657700518764335,-0.5649019525675409
7,1443,1,2,1,364.65146063009297,-1.5657700518764335,-0.5649019525675409
7,1444,2,1,2,-8.764726328312669,366.8503894046026,-0.623251280782349
7,1445,2,1,2,-8.764726328312669,366.883539015198,-0.623251280782349
7,1446,2,1,2,-8.764726328312669,365.3707088083369,-0.623251280782349
7,1447,2,2,3,-1.854459596569739,-2.0529514251836596,351.3037337598315
7,1448,2,1,2,-8.764726328312669,364.2127075697265,-0.623251280782349
7,1449,2,2,3,-1.854459596569739,-2.0529514251836596,350.8524300260717
7,1450,2,2,3,-1.854459596569739,-2.0529514251836596,350.4015775960456
7,1451,2,2,3,-1.854459596569739,-2.0529514251836596,351.318477885844
7,1452,2,1,2,-8.764726328312669,363.2719661234524,-0.623251280782349
7,1453,2,2,3,-1.854459596569739,-2.0529514251836596,352.05055474348137
7,1454,2,1,2,-8.764726328312669,362.5977744307118,-0.623251280782349
7,1455,2,2,3,-1.854459596569739,-2.0529514251836596,352.6426789377737
7,1456,2,1,2,-8.764726328312669,369.98272959965203,-0.623251280782349
7,1457,2,0,2,-1.53565384476972,343.39858670319643,-0.6300840498404277
7,1458,2,1,2,-8.764726328312669,369.7127468700524,-0.623251280782349
7,1459,2,1,2,-8.764726328312669,367.85309739788676,-0.623251280782349
7,1460,2,2,3,-1.854459596569739,-2.0529514251836596,353.69586768638715
7,1461,2,1,2,-8.764726328312669,366.3836785590504,-0.623251280782349
7,1462,2,2,3,-1.854459596569739,-2.0529514251836596,354.3267755201276
7,1463,1,2,1,363.5646653435763,-1.5657700518764335,-0.5649019525675409
7,1464,2,2,3,-1.854459596569739,-2.0529514251836596,353.8724487446075
7,1465,2,2,3,-1.854459596569739,-2.0529514251836596,353.41857629586286
7,1466,2,2,3,-1.854459596569739,-2.0529514251836596,354.2487028436226
7,1467,2,1,2,-8.764726328312669,365.215932284664,-0.623251280782349
7,1468,2,2,3,-1.854459596569739,-2.0529514251836596,353.79445414077895
7,1469,2,2,3,-1.854459596569739,-2.0529514251836596,353.34065968663816
7,1470,2,2,3,-1.854459596569739,-2.0529514251836596,353.8994955869884
7,1471,1,2,1,362.6442488723305,-1.5657700518764335,-0.5649019525675409
7,1472,2,2,3,-1.854459596569739,-2.0529514251836596,354.3113266666503
7,1473,1,2,1,361.9566453250958,-1.5657700518764335,-0.5649019525675409
7,1474,2,2,3,-1.854459596569739,-2.0529514251836596,354.936571296167
7,1475,2,1,2,-8.764726328312669,364.33305961451816,-0.623251280782349
7,1476,2,2,3,-1.854459596569739,-2.0529514251836596,355.4118870683876
7,1477,2,1,2,-8.764726328312669,363.6855304728367,-0.623251280782349
7,1478,2,2,3,-1.854459596569739,-2.0529514251836596,354.9564751813192
7,1479,2,2,3,-1.854459596569739,-2.0529514251836596,354.50151870613786
7,1480,2,2,3,-1.854459596569739,-2.0529514251836596,354.9562343523349
7,1481,2,1,2,-8.764726328312669,363.1576446264342,-0.623251280782349
7,1482,2,2,3,-1.854459596569739,-2.0529514251836596,354.50127811798257
7,1483,2,2,3,-1.854459596569739,-2.0529514251836596,354.0467768398646
7,1484,2,2,3,-1.854459596569739,-2.0529514251836596,353.59273006302476
7,1485,2,2,3,-1.854459596569739,-2.0529514251836596,353.13913733296175
7,1486,2,2,3,-1.854459596569739,-2.0529514251836596,353.55893148685004
7,1487,1,2,1,361.36331500978434,-1.5657700518764335,-0.5649019525675409
7,1488,2,2,3,-1.854459596569739,-2.0529514251836596,353.1053725553632
7,1489,2,2,3,-1.854459596569739,-2.0529514251836596,352.65226718280786
7,1490,2,2,3,-1.854459596569739,-2.0529514251836596,353.0620086504957
7,1491,1,2,1,360.880122365205,-1.5657700518764335,-0.5649019525675409
7,1492,2,2,3,-1.854459596569739,-2.0529514251836596,352.60894664184525
7,1493,2,2,3,-1.854459596569739,-2.0529514251836596,352.15633769520343
7,1494,2,2,3,-1.854459596569739,-2.0529514251836596,351.7041813575082
7,1495,2,2,3,-1.854459596569739,-2.0529514251836596,351.2524771761507
7,1496,2,2,3,-1.854459596569739,-2.0529514251836596,350.8012246989746
7,1497,2,2,3,-1.854459596569739,-2.0529514251836596,350.3504234742756
7,1498,2,2,3,-1.854459596569739,-2.0529514251836596,351.16798794486505
7,1499,2,1,2,-8.764726328312669,362.4075109703324,-0.623251280782349
7,1500,2,2,3,-1.854459596569739,-2.0529514251836596,351.67832126453385
7,1501,1,2,1,360.40826393387334,-1.5657700518764335,-0.5649019525675409
7,1502,2,2,3,-1.854459596569739,-2.0529514251836596,352.0909072675339
7,1503,1,2,1,368.36176835388204,-1.5657700518764335,-0.5649019525675409
7,1504,0,2,1,345.8268055260268,-1.9014646570958402,-0.6663679920857718
7,1505,2,1,2,-8.764726328312669,359.8408737197599,-0.623251280782349
7,1506,1,0,1,250.22476777871373,8.926262106749988,17.78679373987269
7,1507,2,0,2,-1.53565384476972,345.5265430999111,-0.6300840498404277
7,1508,1,2,1,367.3498380167501,-1.5657700518764335,-0.5649019525675409
7,1509,2,1,2,-8.764726328312669,360.32442031144217,-0.623251280782349
7,1510,1,2,1,366.5869718259079,-1.5657700518764335,-0.5649019525675409
7,1511,2,1,2,-8.764726328312669,360.78408849106285,-0.623251280782349
7,1512,1,2,1,365.18527446280297,-1.5657700518764335,-0.5649019525675409
7,1513,2,2,3,-1.854459596569739,-2.0529514251836596,352.935158712598
7,1514,1,2,1,364.8843717771379,-1.5657700518764335,-0.5649019525675409
7,1515,2,1,2,-8.764726328312669,361.12923244789323,-0.623251280782349
7,1516,1,2,1,365.11948740536076,-1.5657700518764335,-0.5649019525675409
7,1517,1,2,1,365.4543679179554,-1.5657700518764335,-0.5649019525675409
7,1518,1,2,1,365.88891355003744,-1.5657700518764335,-0.5649019525675409
7,1519,1,2,1,373.43687594211036,-1.5657700518764335,-0.5649019525675409
7,1520,0,2,1,346.1847056859713,-1.9014646570958402,-0.6663679920857718
7,1521,2,2,3,-1.854459596569739,-2.0529514251836596,354.51189355960713
7,1522,1,2,1,371.28986581030045,-1.5657700518764335,-0.5649019525675409
7,1523,2,2,3,-1.854459596569739,-2.0529514251836596,354.05738166604755
7,1524,2,2,3,-1.854459596569739,-2.0529514251836596,355.30934021466254
7,1525,1,2,1,369.536503910522,-1.5657700518764335,-0.5649019525675409
7,1526,2,2,3,-1.854459596569739,-2.0529514251836596,355.43020020553774
7,1527,2,1,2,-8.764726328312669,360.60389902345213,-0.623251280782349
7,1528,2,2,3,-1.854459596569739,-2.0529514251836596,354.9747700053322
7,1529,2,2,3,-1.854459596569739,-2.0529514251836596,354.51979523532685
7,1530,2,2,3,-1.854459596569739,-2.0529514251836596,354.66760171511595
7,1531,2,1,2,-8.764726328312669,360.1556016909034,-0.623251280782349
7,1532,2,2,3,-1.854459596569739,-2.0529514251836596,355.684955430746
7,1533,1,2,1,368.0956641071137,-1.5657700518764335,-0.5649019525675409
7,1534,2,2,3,-1.854459596569739,-2.0529514251836596,355.2292704753153
7,1535,2,2,3,-1.854459596569739,-2.0529514251836596,354.77404120483993
7,1536,2,2,3,-1.854459596569739,-2.0529514251836596,354.3192671636351
7,1537,2,2,3,-1.854459596569739,-2.0529514251836596,353.8649478964715
7,1538,2,2,3,-1.854459596569739,-2.0529514251836596,354.0338576742238
7,1539,2,1,2,-8.764726328312669,359.7893934315612,-0.623251280782349
7,1540,2,2,3,-1.854459596569739,-2.0529514251836596,354.149621856526
7,1541,2,1,2,-8.764726328312669,359.5712666522012,-0.623251280782349
7,1542,2,2,3,-1.854459596569739,-2.0529514251836596,354.2322150694413
7,1543,2,1,2,-8.764726328312669,359.48312927885576,-0.623251280782349
7,1544,2,2,3,-1.854459596569739,-2.0529514251836596,354.2978233611039
7,1545,2,1,2,-8.764726328312669,367.6419441178614,-0.623251280782349
7,1546,2,0,2,-1.53565384476972,347.3704412575883,-0.6300840498404277
7,1547,2,1,2,-8.764726328312669,367.3743021737435,-0.623251280782349
7,1548,2,1,2,-8.764726328312669,365.91235646911844,-0.623251280782349
7,1549,2,2,3,-1.854459596569739,-2.0529514251836596,354.9933643154362
7,1550,2,1,2,-8.764726328312669,366.06259156881083,-0.623251280782349
7,1551,1,2,1,367.9262942617146,-1.5657700518764335,-0.5649019525675409
7,1552,2,1,2,-8.764726328312669,366.09652897724203,-0.623251280782349
7,1553,2,1,2,-8.764726328312669,366.23043244826476,-0.623251280782349
7,1554,2,1,2,-8.764726328312669,365.3517322706665,-0.623251280782349
7,1555,2,2,3,-1.854459596569739,-2.0529514251836596,355.5638493786886
7,1556,2,1,2,-8.764726328312669,364.71738013209,-0.623251280782349
7,1557,2,2,3,-1.854459596569739,-2.0529514251836596,355.1082855293099
7,1558,2,2,3,-1.854459596569739,-2.0529514251836596,354.6531772437806
7,1559,2,2,3,-1.854459596569739,-2.0529514251836596,354.19852406653683
7,1560,2,2,3,-1.854459596569739,-2.0529514251836596,355.1033747917929
7,1561,1,2,1,366.7888989399306,-1.5657700518764335,-0.5649019525675409
7,1562,2,2,3,-1.854459596569739,-2.0529514251836596,355.6000579456905
7,1563,2,1,2,-8.764726328312669,364.25004785550436,-0.623251280782349
7,1564,2,2,3,-1.854459596569739,-2.0529514251836596,356.0008068888164
7,1565,2,1,2,-8.764726328312669,372.1147167544552,-0.623251280782349
7,1566,2,0,2,-1.53565384476972,349.47275409052054,-0.6300840498404277
7,1567,2,1,2,-8.764726328312669,371.8426020377007,-0.623251280782349
7,1568,2,1,2,-8.764726328312669,371.670759435663,-0.623251280782349
7,1569,2,1,2,-8.764726328312669,371.5990886762273,-0.623251280782349
7,1570,2,1,2,-8.764726328312669,371.1512808036577,-0.623251280782349
7,1571,1,2,1,367.4539858454997,-1.5657700518764335,-0.5649019525675409
7,1572,2,1,2,-8.764726328312669,369.78023260528477,-0.623251280782349
7,1573,2,2,3,-1.854459596569739,-2.0529514251836596,356.67867079863925
7,1574,1,2,1,366.719775670015,-1.5657700518764335,-0.5649019525675409
7,1575,2,2,3,-1.854459596569739,-2.0529514251836596,357.5190467466985
7,1576,2,1,2,-8.764726328312669,368.79659497267943,-0.623251280782349
7,1577,2,2,3,-1.854459596569739,-2.0529514251836596,358.1780049743239
7,1578,2,1,2,-8.764726328312669,368.0765579678696,-0.623251280782349
7,1579,2,2,3,-1.854459596569739,-2.0529514251836596,358.56546226822303
7,1580,1,2,1,366.34577886756756,-1.5657700518764335,-0.5649019525675409
7,1581,2,2,3,-1.854459596569739,-2.0529514251836596,358.1068968059548
7,1582,2,2,3,-1.854459596569739,-2.0529514251836596,357.6487899091489
7,1583,2,2,3,-1.854459596569739,-2.0529514251836596,358.2234901570531
7,1584,2,1,2,-8.764726328312669,367.5330276966309,-0.623251280782349
7,1585,2,2,3,-1.854459596569739,-2.0529514251836596,358.569373249237
7,1586,1,2,1,373.883486843722,-1.5657700518764335,-0.5649019525675409
7,1587,0,2,1,348.5807003149027,-1.9014646570958402,-0.6663679920857718
7,1588,1,2,1,373.60960335687827,-1.5657700518764335,-0.5649019525675409
7,1589,1,2,1,371.9470109728649,-1.5657700518764335,-0.5649019525675409
7,1590,2,2,3,-1.854459596569739,-2.0529514251836596,359.4351900106269
7,1591,1,2,1,370.63639368663047,-1.5657700518764335,-0.5649019525675409
7,1592,2,2,3,-1.854459596569739,-2.0529514251836596,360.08467398454064
7,1593,1,2,1,369.62113704243694,-1.5657700518764335,-0.5649019525675409
7,1594,2,2,3,-1.854459596569739,-2.0529514251836596,360.56869915328787
7,1595,1,2,1,368.85532455436874,-1.5657700518764335,-0.5649019525675409
7,1596,2,2,3,-1.854459596569739,-2.0529514251836596,360.1081304541346
7,1597,2,2,3,-1.854459596569739,-2.0529514251836596,359.64802232368044
7,1598,2,2,3,-1.854459596569739,-2.0529514251836596,360.0998972221949
7,1599,1,2,1,368.21968192392916,-1.5657700518764335,-0.5649019525675409
7,1600,2,2,3,-1.854459596569739,-2.0529514251836596,359.63979732497273
7,1601,2,2,3,-1.854459596569739,-2.0529514251836596,359.18015752764774
7,1602,2,2,3,-1.854459596569739,-2.0529514251836596,359.61589028535195
7,1603,1,2,1,367.6996868697861,-1.5657700518764335,-0.5649019525675409
7,1604,2,2,3,-1.854459596569739,-2.0529514251836596,359.1562743950666
7,1605,2,2,3,-1.854459596569739,-2.0529514251836596,358.6971181206715
7,1606,2,2,3,-1.854459596569739,-2.0529514251836596,359.1131760505708
7,1607,2,1,2,-8.764726328312669,375.27752758192935,-0.623251280782349
7,1608,2,0,2,-1.53565384476972,351.6779539120795,-0.6300840498404277
7,1609,2,1,2,-8.764726328312669,375.0022500543474,-0.623251280782349
7,1610,2,1,2,-8.764726328312669,374.82724780429305,-0.623251280782349
7,1611,2,1,2,-8.764726328312669,374.75242055648874,-0.623251280782349
7,1612,2,1,2,-8.764726328312669,373.2293829298464,-0.623251280782349
7,1613,2,2,3,-1.854459596569739,-2.0529514251836596,360.0515673555685
7,1614,2,1,2,-8.764726328312669,373.3561535469166,-0.623251280782349
7,1615,2,1,2,-8.764726328312669,372.2656433604262,-0.623251280782349
7,1616,2,2,3,-1.854459596569739,-2.0529514251836596,360.3486796201205
7,1617,1,2,1,367.4042374651994,-1.5657700518764335,-0.5649019525675409
7,1618,2,2,3,-1.854459596569739,-2.0529514251836596,361.0681103507906
7,1619,2,1,2,-8.764726328312669,371.48482194911185,-0.623251280782349
7,1620,2,2,3,-1.854459596569739,-2.0529514251836596,361.2343188247663
7,1621,1,2,1,375.0733030498548,-1.5657700518764335,-0.5649019525675409
7,1622,0,2,1,350.4996276563745,-1.9014646570958402,-0.6663679920857718
7,1623,2,1,2,-8.764726328312669,371.9133371271627,-0.623251280782349
7,1624,2,1,2,-8.764726328312669,369.3942554245391,-0.623251280782349
7,1625,1,0,1,250.074543010935,8.926262106749988,17.78679373987269
7,1626,1,0,1,260.0832061471374,8.926262106749988,17.78679373987269
7,1627,2,0,2,-1.53565384476972,352.2723560845234,-0.6300840498404277
7,1628,2,2,3,-1.854459596569739,-2.0529514251836596,362.1431439442253
7,1629,1,2,1,373.71814399534765,-1.5657700518764335,-0.5649019525675409
7,1630,2,2,3,-1.854459596569739,-2.0529514251836596,362.82692580534217
7,1631,1,2,1,372.66619525054176,-1.5657700518764335,-0.5649019525675409
7,1632,2,2,3,-1.854459596569739,-2.0529514251836596,363.0142645118373
7,1633,2,1,2,-8.764726328312669,368.49324206875707,-0.623251280782349
7,1634,2,2,3,-1.854459596569739,-2.0529514251836596,363.50679139045724
7,1635,1,2,1,371.8867480731428,-1.5657700518764335,-0.5649019525675409
7,1636,2,2,3,-1.854459596569739,-2.0529514251836596,363.0432845990668
7,1637,2,2,3,-1.854459596569739,-2.0529514251836596,362.58024131446774
7,1638,2,2,3,-1.854459596569739,-2.0529514251836596,363.0390052422621
7,1639,1,2,1,371.2389347848125,-1.5657700518764335,-0.5649019525675409
7,1640,2,2,3,-1.854459596569739,-2.0529514251836596,363.3877592617323
7,1641,1,2,1,370.79042947324274,-1.5657700518764335,-0.5649019525675409
7,1642,2,2,3,-1.854459596569739,-2.0529514251836596,363.42981430036605
7,1643,2,1,2,-8.764726328312669,367.8234694776176,-0.623251280782349
7,1644,2,2,3,-1.854459596569739,-2.0529514251836596,363.6950853881805
7,1645,1,2,1,370.51719997934833,-1.5657700518764335,-0.5649019525675409
7,1646,2,2,3,-1.854459596569739,-2.0529514251836596,363.2313903027923
7,1647,2,2,3,-1.854459596569739,-2.0529514251836596,362.7681589124895
7,1648,2,2,3,-1.854459596569739,-2.0529514251836596,362.8058664995247
7,1649,2,1,2,-8.764726328312669,367.2589033133088,-0.623251280782349
7,1650,2,2,3,-1.854459596569739,-2.0529514251836596,362.3430606330252
7,1651,2,2,3,-1.854459596569739,-2.0529514251836596,361.88071757239214
7,1652,2,2,3,-1.854459596569739,-2.0529514251836596,361.9512772431705
7,1653,2,1,2,-8.764726328312669,366.7661894290518,-0.623251280782349
7,1654,2,2,3,-1.854459596569739,-2.0529514251836596,361.4893259659274
7,1655,2,2,3,-1.854459596569739,-2.0529514251836596,361.02783663996144
7,1656,2,2,3,-1.854459596569739,-2.0529514251836596,361.50625577392077
7,1657,1,2,1,378.06494311939457,-1.5657700518764335,-0.5649019525675409
7,1658,0,2,1,351.2387842123552,-1.9014646570958402,-0.6663679920857718
7,1659,2,2,3,-1.854459596569739,-2.0529514251836596,362.6840595653488
7,1660,1,2,1,376.26417070442466,-1.5657700518764335,-0.5649019525675409
7,1661,2,2,3,-1.854459596569739,-2.0529514251836596,363.56580650855193
7,1662,1,2,1,375.1476063874583,-1.5657700518764335,-0.5649019525675409
7,1663,2,1,2,-8.764726328312669,367.729183518505,-0.623251280782349
7,1664,1,2,1,375.07245878107085,-1.5657700518764335,-0.5649019525675409
7,1665,1,2,1,375.09738632228976,-1.5657700518764335,-0.5649019525675409
7,1666,1,2,1,374.49283685839276,-1.5657700518764335,-0.5649019525675409
7,1667,2,1,2,-8.764726328312669,367.54928001100114,-0.623251280782349
7,1668,2,2,3,-1.854459596569739,-2.0529514251836596,364.1840167066776
7,1669,1,2,1,373.69777082651456,-1.5657700518764335,-0.5649019525675409
7,1670,2,2,3,-1.854459596569739,-2.0529514251836596,364.6616943478348
7,1671,1,2,1,373.12950148429877,-1.5657700518764335,-0.5649019525675409
7,1672,2,2,3,-1.854459596569739,-2.0529514251836596,364.4829036341404
7,1673,2,1,2,-8.764726328312669,367.57815946968094,-0.623251280782349
7,1674,2,2,3,-1.854459596569739,-2.0529514251836596,364.3248510582248
7,1675,2,1,2,-8.764726328312669,367.6885037774771,-0.623251280782349
7,1676,2,2,3,-1.854459596569739,-2.0529514251836596,363.8605262071666
7,1677,2,2,3,-1.854459596569739,-2.0529514251836596,363.3966656809594
7,1678,2,2,3,-1.854459596569739,-2.0529514251836596,363.89681975980903
7,1679,1,2,1,372.64233649209,-1.5657700518764335,-0.5649019525675409
7,1680,2,2,3,-1.854459596569739,-2.0529514251836596,363.43292294004925
7,1681,2,2,3,-1.854459596569739,-2.0529514251836596,362.9694900171092
7,1682,2,2,3,-1.854459596569739,-2.0529514251836596,362.9737028893685
7,1683,2,1,2,-8.764726328312669,375.6946166520972,-0.623251280782349
7,1684,2,0,2,-1.53565384476972,354.2388875246287,-0.6300840498404277
7,1685,2,1,2,-8.764726328312669,375.41892203544506,-0.623251280782349
7,1686,2,1,2,-8.764726328312669,374.9686211446175,-0.623251280782349
7,1687,1,2,1,371.9974065955541,-1.5657700518764335,-0.5649019525675409
7,1688,0,1,2,2.7914631950699156,277.97540102496026,3.2914969809938084
7,1689,0,2,1,353.2367992844368,-1.9014646570958402,-0.6663679920857718
7,1690,2,1,2,-8.764726328312669,374.99365252347286,-0.623251280782349
7,1691,2,1,2,-8.764726328312669,374.82203052408545,-0.623251280782349
7,1692,1,2,1,371.7254091889585,-1.5657700518764335,-0.5649019525675409
7,1693,1,2,1,371.55368377976953,-1.5657700518764335,-0.5649019525675409
7,1694,1,2,1,371.48213009598976,-1.5657700518764335,-0.5649019525675409
7,1695,1,2,1,370.6683136724383,-1.5657700518764335,-0.5649019525675409
7,1696,2,2,3,-1.854459596569739,-2.0529514251836596,362.5107291864791
7,1697,2,2,3,-1.854459596569739,-2.0529514251836596,362.04821845729265
7,1698,2,2,3,-1.854459596569739,-2.0529514251836596,361.58617023883534
7,1699,2,2,3,-1.854459596569739,-2.0529514251836596,361.1245840685965
7,1700,2,2,3,-1.854459596569739,-2.0529514251836596,362.01950668362133
7,1701,2,1,2,-8.764726328312669,373.7797586333554,-0.623251280782349
7,1702,2,2,3,-1.854459596569739,-2.0529514251836596,361.5574871769377
7,1703,2,2,3,-1.854459596569739,-2.0529514251836596,361.09592968976074
7,1704,2,2,3,-1.854459596569739,-2.0529514251836596,361.89053282548684
7,1705,2,1,2,-8.764726328312669,372.9289455197431,-0.623251280782349
7,1706,2,2,3,-1.854459596569739,-2.0529514251836596,362.5214451493927
7,1707,2,1,2,-8.764726328312669,372.32567403755866,-0.623251280782349
7,1708,2,2,3,-1.854459596569739,-2.0529514251836596,363.02954236417173
7,1709,2,1,2,-8.764726328312669,380.062756498741,-0.623251280782349
7,1710,2,0,2,-1.53565384476972,355.5111618257372,-0.6300840498404277
7,1711,1,2,1,371.7276951985698,-1.5657700518764335,-0.5649019525675409
7,1712,2,1,2,-8.764726328312669,379.78269374224226,-0.623251280782349
7,1713,2,1,2,-8.764726328312669,379.6029110485,-0.623251280782349
7,1714,2,1,2,-8.764726328312669,378.7436617683084,-0.623251280782349
7,1715,1,2,1,372.65054819377536,-1.5657700518764335,-0.5649019525675409
7,1716,2,1,2,-8.764726328312669,378.16169986266135,-0.623251280782349
7,1717,1,2,1,372.02541806845085,-1.5657700518764335,-0.5649019525675409
7,1718,2,2,3,-1.854459596569739,-2.0529514251836596,364.064596414158
7,1719,2,1,2,-8.764726328312669,376.88792492139686,-0.623251280782349
7,1720,2,2,3,-1.854459596569739,-2.0529514251836596,363.60053181774384
7,1721,2,2,3,-1.854459596569739,-2.0529514251836596,363.1369312859261
7,1722,2,2,3,-1.854459596569739,-2.0529514251836596,362.67379435464017
7,1723,2,2,3,-1.854459596569739,-2.0529514251836596,362.2111205602855
7,1724,2,2,3,-1.854459596569739,-2.0529514251836596,361.74890943972525
7,1725,2,2,3,-1.854459596569739,-2.0529514251836596,361.2871605302855
7,1726,2,2,3,-1.854459596569739,-2.0529514251836596,361.8889608660336
7,1727,1,2,1,371.4498833873431,-1.5657700518764335,-0.5649019525675409
7,1728,2,2,3,-1.854459596569739,-2.0529514251836596,361.42707190516757
7,1729,2,2,3,-1.854459596569739,-2.0529514251836596,360.9656448332624
7,1730,2,2,3,-1.854459596569739,-2.0529514251836596,362.0809849171544
7,1731,2,1,2,-8.764726328312669,375.6451499360555,-0.623251280782349
7,1732,2,2,3,-1.854459596569739,-2.0529514251836596,362.9617562691085
7,1733,2,1,2,-8.764726328312669,374.71384881309166,-0.623251280782349
7,1734,2,2,3,-1.854459596569739,-2.0529514251836596,363.6622516746937
7,1735,2,1,2,-8.764726328312669,374.04502684757716,-0.623251280782349
7,1736,2,2,3,-1.854459596569739,-2.0529514251836596,364.2264841651345
7,1737,2,1,2,-8.764726328312669,381.7361291835674,-0.623251280782349
7,1738,2,0,2,-1.53565384476972,357.75192243233664,-0.6300840498404277
7,1739,2,1,2,-8.764726328312669,381.45439305438384,-0.623251280782349
7,1740,2,1,2,-8.764726328312669,381.2729386613295,-0.623251280782349
7,1741,2,1,2,-8.764726328312669,381.1916657226682,-0.623251280782349
7,1742,2,1,2,-8.764726328312669,380.2460376057483,-0.623251280782349
7,1743,1,2,1,371.72445975007986,-1.5657700518764335,-0.5649019525675409
7,1744,0,1,2,2.7914631950699156,285.6483040516235,3.2914969809938084
7,1745,0,2,1,355.5574770789622,-1.9014646570958402,-0.6663679920857718
7,1746,2,1,2,-8.764726328312669,380.46579156814255,-0.623251280782349
7,1747,2,1,2,-8.764726328312669,379.17763434367663,-0.623251280782349
7,1748,2,2,3,-1.854459596569739,-2.0529514251836596,363.76225768096936
7,1749,2,2,3,-1.854459596569739,-2.0529514251836596,363.2984954232884
7,1750,2,2,3,-1.854459596569739,-2.0529514251836596,363.66936739621747
7,1751,1,2,1,370.6552811472974,-1.5657700518764335,-0.5649019525675409
7,1752,2,2,3,-1.854459596569739,-2.0529514251836596,363.89730349017816
7,1753,1,2,1,369.8155860780953,-1.5657700518764335,-0.5649019525675409
7,1754,2,2,3,-1.854459596569739,-2.0529514251836596,364.01931616289176
7,1755,1,2,1,369.17193977041205,-1.5657700518764335,-0.5649019525675409
7,1756,2,2,3,-1.854459596569739,-2.0529514251836596,364.06540658387337
7,1757,1,2,1,368.69722104517433,-1.5657700518764335,-0.5649019525675409
7,1758,2,2,3,-1.854459596569739,-2.0529514251836596,364.0598908089583
7,1759,1,2,1,368.36942813074376,-1.5657700518764335,-0.5649019525675409
7,1760,2,2,3,-1.854459596569739,-2.0529514251836596,363.5958309181493
7,1761,2,2,3,-1.854459596569739,-2.0529514251836596,363.13223508723115
7,1762,2,2,3,-1.854459596569739,-2.0529514251836596,362.6691028521439
7,1763,2,2,3,-1.854459596569739,-2.0529514251836596,362.20643374929176
7,1764,2,2,3,-1.854459596569739,-2.0529514251836596,362.35436375930624
7,1765,1,2,1,368.0055673298407,-1.5657700518764335,-0.5649019525675409
7,1766,2,2,3,-1.854459596569739,-2.0529514251836596,362.45147854902984
7,1767,1,2,1,367.78770697321056,-1.5657700518764335,-0.5649019525675409
7,1768,2,2,3,-1.854459596569739,-2.0529514251836596,361.9890270704808
7,1769,2,2,3,-1.854459596569739,-2.0529514251836596,361.5270380434103
7,1770,2,2,3,-1.854459596569739,-2.0529514251836596,361.68531722941714
7,1771,1,2,1,367.6157826816018,-1.5657700518764335,-0.5649019525675409
7,1772,2,2,3,-1.854459596569739,-2.0529514251836596,362.9553713064994
7,1773,2,1,2,-8.764726328312669,377.9924526686524,-0.623251280782349
7,1774,2,2,3,-1.854459596569739,-2.0529514251836596,362.95379666132806
7,1775,1,2,1,375.95439464425885,-1.5657700518764335,-0.5649019525675409
7,1776,0,2,1,355.9341552405375,-1.9014646570958402,-0.6663679920857718
7,1777,2,2,3,-1.854459596569739,-2.0529514251836596,363.7779020649769
7,1778,1,2,1,374.47296748426567,-1.5657700518764335,-0.5649019525675409
7,1779,2,2,3,-1.854459596569739,-2.0529514251836596,364.3729356394215
7,1780,1,2,1,374.6469235500357,-1.5657700518764335,-0.5649019525675409
7,1781,2,1,2,-8.764726328312669,375.8414448103538,-0.623251280782349
7,1782,1,0,1,269.79232585322495,8.926262106749988,17.78679373987269
7,1783,2,0,2,-1.53565384476972,359.06677562055654,-0.6300840498404277
7,1784,1,2,1,373.65515182333485,-1.5657700518764335,-0.5649019525675409
7,1785,2,2,3,-1.854459596569739,-2.0529514251836596,363.9085627037821
7,1786,2,2,3,-1.854459596569739,-2.0529514251836596,363.4446541410783
7,1787,2,2,3,-1.854459596569739,-2.0529514251836596,362.9812094869372
7,1788,2,2,3,-1.854459596569739,-2.0529514251836596,362.51822827745025
7,1789,2,2,3,-1.854459596569739,-2.0529514251836596,362.0557100491728
7,1790,2,2,3,-1.854459596569739,-2.0529514251836596,361.5936543391236
7,1791,2,2,3,-1.854459596569739,-2.0529514251836596,361.13206068478445
7,1792,2,2,3,-1.854459596569739,-2.0529514251836596,362.127157652531
7,1793,2,1,2,-8.764726328312669,374.20788893691895,-0.623251280782349
7,1794,2,2,3,-1.854459596569739,-2.0529514251836596,361.66503049487847
7,1795,2,2,3,-1.854459596569739,-2.0529514251836596,361.2033654643836
7,1796,2,2,3,-1.854459596569739,-2.0529514251836596,362.0296099227002
7,1797,2,1,2,-8.764726328312669,372.82803142557435,-0.623251280782349
7,1798,2,2,3,-1.854459596569739,-2.0529514251836596,361.5675803127775
7,1799,2,2,3,-1.854459596569739,-2.0529514251836596,361.10601273246476
7,1800,2,2,3,-1.854459596569739,-2.0529514251836596,361.80538657035015
7,1801,2,1,2,-8.764726328312669,371.66396155348156,-0.623251280782349
7,1802,2,2,3,-1.854459596569739,-2.0529514251836596,361.3435811837798
7,1803,2,2,3,-1.854459596569739,-2.0529514251836596,360.88223760259604
7,1804,2,2,3,-1.854459596569739,-2.0529514251836596,361.68587387284657
7,1805,1,2,1,372.59653815441317,-1.5657700518764335,-0.5649019525675409
7,1806,2,2,3,-1.854459596569739,-2.0529514251836596,362.3043437628488
7,1807,1,2,1,371.8050143714939,-1.5657700518764335,-0.5649019525675409
7,1808,2,2,3,-1.854459596569739,-2.0529514251836596,361.84203941908595
7,1809,2,2,3,-1.854459596569739,-2.0529514251836596,361.38019737966687
7,1810,2,2,3,-1.854459596569739,-2.0529514251836596,361.9369098354949
7,1811,2,1,2,-8.764726328312669,370.72931947184736,-0.623251280782349
7,1812,2,2,3,-1.854459596569739,-2.0529514251836596,362.45191527472326
7,1813,1,2,1,371.2072525465421,-1.5657700518764335,-0.5649019525675409
7,1814,2,2,3,-1.854459596569739,-2.0529514251836596,362.8562417493586
7,1815,1,2,1,370.80929522507444,-1.5657700518764335,-0.5649019525675409
7,1816,2,2,3,-1.854459596569739,-2.0529514251836596,363.1807378017051
7,1817,1,2,1,378.8658470713802,-1.5657700518764335,-0.5649019525675409
7,1818,0,2,1,356.29563275885255,-1.9014646570958402,-0.6663679920857718
7,1819,2,2,3,-1.854459596569739,-2.0529514251836596,364.2703828816012
7,1820,1,2,1,377.14203026952066,-1.5657700518764335,-0.5649019525675409
7,1821,2,2,3,-1.854459596569739,-2.0529514251836596,365.08040559012363
7,1822,1,2,1,376.96488823925114,-1.5657700518764335,-0.5649019525675409
7,1823,1,2,1,376.88792335101186,-1.5657700518764335,-0.5649019525675409
7,1824,1,2,1,376.3013336436236,-1.5657700518764335,-0.5649019525675409
7,1825,2,1,2,-8.764726328312669,371.41021955538133,-0.623251280782349
7,1826,1,2,1,375.3141604326835,-1.5657700518764335,-0.5649019525675409
7,1827,2,2,3,-1.854459596569739,-2.0529514251836596,365.6284669139469
7,1828,1,2,1,375.1523561253979,-1.5657700518764335,-0.5649019525675409
7,1829,2,1,2,-8.764726328312669,372.0092808562576,-0.623251280782349
7,1830,1,2,1,375.4772037692725,-1.5657700518764335,-0.5649019525675409
7,1831,1,2,1,375.9017265655032,-1.5657700518764335,-0.5649019525675409
7,1832,1,2,1,376.49073601006364,-1.5657700518764335,-0.5649019525675409
7,1833,0,1,2,2.7914631950699156,293.05674128958753,3.2914969809938084
7,1834,0,2,1,356.863287707448,-1.9014646570958402,-0.6663679920857718
7,1835,2,2,3,-1.854459596569739,-2.0529514251836596,366.2382030875485
7,1836,1,2,1,375.19924451472457,-1.5657700518764335,-0.5649019525675409
7,1837,2,2,3,-1.854459596569739,-2.0529514251836596,365.771964884461
7,1838,2,2,3,-1.854459596569739,-2.0529514251836596,365.3061929195765
7,1839,2,2,3,-1.854459596569739,-2.0529514251836596,364.84088672665695
7,1840,2,2,3,-1.854459596569739,-2.0529514251836596,364.37604583993027
7,1841,2,2,3,-1.854459596569739,-2.0529514251836596,363.91166979409036
7,1842,2,2,3,-1.854459596569739,-2.0529514251836596,364.2494216194508
7,1843,2,1,2,-8.764726328312669,371.66904551095746,-0.623251280782349
7,1844,2,2,3,-1.854459596569739,-2.0529514251836596,364.86920466446344
7,1845,1,2,1,374.001371325034,-1.5657700518764335,-0.5649019525675409
7,1846,2,2,3,-1.854459596569739,-2.0529514251836596,365.3084199591955
7,1847,1,2,1,373.06676776849093,-1.5657700518764335,-0.5649019525675409
7,1848,2,2,3,-1.854459596569739,-2.0529514251836596,365.61118797235656
7,1849,1,2,1,372.3555986009051,-1.5657700518764335,-0.5649019525675409
7,1850,2,2,3,-1.854459596569739,-2.0529514251836596,365.81327343661053
7,1851,1,2,1,371.83555281103907,-1.5657700518764335,-0.5649019525675409
7,1852,2,2,3,-1.854459596569739,-2.0529514251836596,365.34746016317393
7,1853,2,2,3,-1.854459596569739,-2.0529514251836596,364.88211270301076
7,1854,2,2,3,-1.854459596569739,-2.0529514251836596,365.0891369382945
7,1855,2,1,2,-8.764726328312669,379.9497517462968,-0.623251280782349
7,1856,2,0,2,-1.53565384476972,359.303922615392,-0.6300840498404277
7,1857,2,2,3,-1.854459596569739,-2.0529514251836596,366.0952486673484
7,1858,2,1,2,-8.764726328312669,378.86649629996,-0.623251280782349
7,1859,1,2,1,372.7597806636312,-1.5657700518764335,-0.5649019525675409
7,1860,2,1,2,-8.764726328312669,378.68762980366,-0.623251280782349
7,1861,2,1,2,-8.764726328312669,378.60894217385635,-0.623251280782349
7,1862,2,1,2,-8.764726328312669,378.0512662421702,-0.623251280782349
7,1863,1,2,1,373.6108779552429,-1.5657700518764335,-0.5649019525675409
7,1864,2,1,2,-8.764726328312669,377.73361653552223,-0.623251280782349
7,1865,1,2,1,374.4454181967353,-1.5657700518764335,-0.5649019525675409
7,1866,2,1,2,-8.764726328312669,377.95588291898673,-0.623251280782349
7,1867,2,1,2,-8.764726328312669,378.27792703606775,-0.623251280782349
7,1868,2,1,2,-8.764726328312669,378.69964910903167,-0.623251280782349
7,1869,2,1,2,-8.764726328312669,386.3007725370523,-0.623251280782349
7,1870,2,0,2,-1.53565384476972,361.617306835021,-0.6300840498404277
7,1871,2,1,2,-8.764726328312669,384.01412490141456,-0.623251280782349
7,1872,2,2,3,-1.854459596569739,-2.0529514251836596,365.6291534186811
7,1873,2,2,3,-1.854459596569739,-2.0529514251836596,365.1635242652624
7,1874,2,2,3,-1.854459596569739,-2.0529514251836596,366.56457020397625
7,1875,2,1,2,-8.764726328312669,382.1026048614668,-0.623251280782349
7,1876,2,2,3,-1.854459596569739,-2.0529514251836596,367.6362710648638
7,1877,2,1,2,-8.764726328312669,380.5883352107416,-0.623251280782349
7,1878,2,2,3,-1.854459596569739,-2.0529514251836596,367.16863479379896
7,1879,2,2,3,-1.854459596569739,-2.0529514251836596,366.7014661590052
7,1880,2,2,3,-1.854459596569739,-2.0529514251836596,367.0014159445815
7,1881,1,2,1,382.23034186009914,-1.5657700518764335,-0.5649019525675409
7,1882,0,2,1,357.5100991152168,-1.9014646570958402,-0.6663679920857718
7,1883,2,2,3,-1.854459596569739,-2.0529514251836596,368.04207819427313
7,1884,1,2,1,381.78555285995265,-1.5657700518764335,-0.5649019525675409
7,1885,2,1,2,-8.764726328312669,380.72627142280277,-0.623251280782349
7,1886,1,2,1,381.6037673070927,-1.5657700518764335,-0.5649019525675409
7,1887,1,2,1,380.17955631761646,-1.5657700518764335,-0.5649019525675409
7,1888,2,2,3,-1.854459596569739,-2.0529514251836596,368.8297712457033
7,1889,2,1,2,-8.764726328312669,379.6677916338471,-0.623251280782349
7,1890,2,2,3,-1.854459596569739,-2.0529514251836596,369.4339054928838
7,1891,2,1,2,-8.764726328312669,378.8749691142579,-0.623251280782349
7,1892,2,2,3,-1.854459596569739,-2.0529514251836596,370.02829101903944
7,1893,1,2,1,379.1944014967397,-1.5657700518764335,-0.5649019525675409
7,1894,2,2,3,-1.854459596569739,-2.0529514251836596,370.434083859447
7,1895,2,1,2,-8.764726328312669,378.3604465049174,-0.623251280782349
7,1896,2,2,3,-1.854459596569739,-2.0529514251836596,370.83092122167955
7,1897,1,2,1,378.487222548012,-1.5657700518764335,-0.5649019525675409
7,1898,2,2,3,-1.854459596569739,-2.0529514251836596,371.11806413176475
7,1899,1,2,1,377.9791886422555,-1.5657700518764335,-0.5649019525675409
7,1900,2,2,3,-1.854459596569739,-2.0529514251836596,370.646946067633
7,1901,2,2,3,-1.854459596569739,-2.0529514251836596,370.17629912156536
7,1902,2,2,3,-1.854459596569739,-2.0529514251836596,370.4786088849921
7,1903,1,2,1,377.55865205764417,-1.5657700518764335,-0.5649019525675409
7,1904,2,2,3,-1.854459596569739,-2.0529514251836596,370.7090545501997
7,1905,1,2,1,377.3029832523495,-1.5657700518764335,-0.5649019525675409
7,1906,2,2,3,-1.854459596569739,-2.0529514251836596,370.2383454956495
7,1907,2,2,3,-1.854459596569739,-2.0529514251836596,369.76810715015387
7,1908,2,2,3,-1.854459596569739,-2.0529514251836596,370.1489806391253
7,1909,2,1,2,-8.764726328312669,377.96915093769906,-0.623251280782349
7,1910,2,2,3,-1.854459596569739,-2.0529514251836596,370.38707791719537
7,1911,1,2,1,384.86618473952103,-1.5657700518764335,-0.5649019525675409
7,1912,0,2,1,358.42740991749747,-1.9014646570958402,-0.6663679920857718
7,1913,2,2,3,-1.854459596569739,-2.0529514251836596,371.3501224146884
7,1914,1,2,1,384.5813185547815,-1.5657700518764335,-0.5649019525675409
7,1915,1,2,1,384.3967372362267,-1.5657700518764335,-0.5649019525675409
7,1916,1,2,1,383.67600945543626,-1.5657700518764335,-0.5649019525675409
7,1917,2,1,2,-8.764726328312669,385.97234922059624,-0.623251280782349
8,1,0,0,2,0.009317174468442126,86.8182410748272,-0.6122225467830142
8,2,0,2,1,360.79593149858675,-1.9014646570958402,-0.6663679920857718
8,3,2,1,2,-8.764726328312669,385.68637687137567,-0.623251280782349
8,4,2,1,2,-8.764726328312669,384.08140130329224,-0.623251280782349
8,5,2,2,3,-1.854459596569739,-2.0529514251836596,372.1391689022455
8,6,2,1,2,-8.764726328312669,382.8150388942853,-0.623251280782349
8,7,2,2,3,-1.854459596569739,-2.0529514251836596,371.66702973334327
8,8,2,2,3,-1.854459596569739,-2.0529514251836596,371.19536270360993
8,9,2,2,3,-1.854459596569739,-2.0529514251836596,371.95975136933714
8,10,1,2,1,382.23242389545703,-1.5657700518764335,-0.5649019525675409
8,11,2,2,3,-1.854459596569739,-2.0529514251836596,372.5047861980537
8,12,1,2,1,381.08715533951863,-1.5657700518764335,-0.5649019525675409
8,13,2,2,3,-1.854459596569739,-2.0529514251836596,372.03228141185565
8,14,2,2,3,-1.854459596569739,-2.0529514251836596,371.5602491304438
8,15,2,2,3,-1.854459596569739,-2.0529514251836596,372.2029130679337
8,16,2,1,2,-8.764726328312669,381.7816233985822,-0.623251280782349
8,17,2,2,3,-1.854459596569739,-2.0529514251836596,372.6102501397527
8,18,1,2,1,380.1668545694023,-1.5657700518764335,-0.5649019525675409
8,19,2,2,3,-1.854459596569739,-2.0529514251836596,372.13763988961296
8,20,2,2,3,-1.854459596569739,-2.0529514251836596,371.6655022497233
8,21,2,2,3,-1.854459596569739,-2.0529514251836596,372.1953327412106
8,22,2,1,2,-8.764726328312669,380.95079900010387,-0.623251280782349
8,23,2,2,3,-1.854459596569739,-2.0529514251836596,371.7231374084694
8,24,2,2,3,-1.854459596569739,-2.0529514251836596,371.251414271061
8,25,2,2,3,-1.854459596569739,-2.0529514251836596,370.7801628567899
8,26,2,2,3,-1.854459596569739,-2.0529514251836596,370.3093826939331
8,27,2,2,3,-1.854459596569739,-2.0529514251836596,370.89257352555006
8,28,2,1,2,-8.764726328312669,380.1740838791229,-0.623251280782349
8,29,2,2,3,-1.854459596569739,-2.0529514251836596,371.3405504770282
8,30,2,1,2,-8.764726328312669,379.6193899884364,-0.623251280782349
8,31,2,2,3,-1.854459596569739,-2.0529514251836596,371.6888150381806
8,32,2,1,2,-8.764726328312669,379.25464367837264,-0.623251280782349
8,33,2,2,3,-1.854459596569739,-2.0529514251836596,371.96614325852147
8,34,2,1,2,-8.764726328312669,387.0292926872024,-0.623251280782349
8,35,2,0,2,-1.53565384476972,363.7714761275519,-0.6300840498404277
8,36,2,1,2,-8.764726328312669,386.74226339451525,-0.623251280782349
8,37,2,1,2,-8.764726328312669,385.09268523765735,-0.623251280782349
8,38,2,2,3,-1.854459596569739,-2.0529514251836596,372.7937047711974
8,39,2,1,2,-8.764726328312669,385.0075925524197,-0.623251280782349
8,40,2,1,2,-8.764726328312669,385.02258495986723,-0.623251280782349
8,41,2,1,2,-8.764726328312669,383.92690323622907,-0.623251280782349
8,42,2,2,3,-1.854459596569739,-2.0529514251836596,373.42309771446435
8,43,2,1,2,-8.764726328312669,383.10309958633815,-0.623251280782349
8,44,2,2,3,-1.854459596569739,-2.0529514251836596,373.9079948020654
8,45,2,1,2,-8.764726328312669,383.12930823007514,-0.623251280782349
8,46,1,2,1,379.56706059786654,-1.5657700518764335,-0.5649019525675409
8,47,2,2,3,-1.854459596569739,-2.0529514251836596,373.4340868072633
8,48,2,2,3,-1.854459596569739,-2.0529514251836596,372.96065272045604
8,49,2,2,3,-1.854459596569739,-2.0529514251836596,373.14172644759924
8,50,1,2,1,379.0513854563922,-1.5657700518764335,-0.5649019525675409
8,51,2,2,3,-1.854459596569739,-2.0529514251836596,373.2536409630221
8,52,1,2,1,378.6983573660922,-1.5657700518764335,-0.5649019525675409
8,53,2,2,3,-1.854459596569739,-2.0529514251836596,372.7803873220591
8,54,2,2,3,-1.854459596569739,-2.0529514251836596,372.307606934737
8,55,2,2,3,-1.854459596569739,-2.0529514251836596,371.83529932780226
8,56,2,2,3,-1.854459596569739,-2.0529514251836596,371.3634640284745
8,57,2,2,3,-1.854459596569739,-2.0529514251836596,370.892100564446
8,58,2,2,3,-1.854459596569739,-2.0529514251836596,370.42120846388156
8,59,2,2,3,-1.854459596569739,-2.0529514251836596,370.77022499673654
8,60,1,2,1,378.23477390415985,-1.5657700518764335,-0.5649019525675409
8,61,2,2,3,-1.854459596569739,-2.0529514251836596,370.2994547717398
8,62,2,2,3,-1.854459596569739,-2.0529514251836596,369.82915531696807
8,63,2,2,3,-1.854459596569739,-2.0529514251836596,370.1914824017831
8,64,1,2,1,377.8602532715204,-1.5657700518764335,-0.5649019525675409
8,65,2,2,3,-1.854459596569739,-2.0529514251836596,369.7212909193813
8,66,2,2,3,-1.854459596569739,-2.0529514251836596,369.25156962846194
8,67,2,2,3,-1.854459596569739,-2.0529514251836596,370.1562141803932
8,68,2,1,2,-8.764726328312669,382.2618426109266,-0.623251280782349
8,69,2,2,3,-1.854459596569739,-2.0529514251836596,370.4487578362344
8,70,1,2,1,385.6930251627284,-1.5657700518764335,-0.5649019525675409
8,71,0,2,1,362.5602607672098,-1.9014646570958402,-0.6663679920857718
8,72,2,1,2,-8.764726328312669,380.6450986093032,-0.623251280782349
8,73,1,0,1,269.62253352737173,8.926262106749988,17.78679373987269
8,74,1,0,1,269.55291099384436,8.926262106749988,17.78679373987269
8,75,1,0,1,269.5833580828505,8.926262106749988,17.78679373987269
8,76,1,0,1,269.71377472476763,8.926262106749988,17.78679373987269
8,77,1,0,1,269.94406095004285,8.926262106749988,17.78679373987269
8,78,1,0,1,270.2741168890928,8.926262106749988,17.78679373987269
8,79,1,0,1,270.7038427722037,8.926262106749988,17.78679373987269
8,80,1,0,1,271.2331389294315,8.926262106749988,17.78679373987269
8,81,1,0,1,262.60483090289625,8.926262106749988,17.78679373987269
8,82,0,0,2,0.009317174468442126,114.02988278329825,-0.6122225467830142
8,83,0,2,1,364.4878441815989,-1.9014646570958402,-0.6663679920857718
8,84,1,2,1,385.4073321375657,-1.5657700518764335,-0.5649019525675409
8,85,1,2,1,383.7410259495963,-1.5657700518764335,-0.5649019525675409
8,86,2,2,3,-1.854459596569739,-2.0529514251836596,371.294243621621
8,87,1,2,1,383.65728492364667,-1.5657700518764335,-0.5649019525675409
8,88,1,2,1,382.4496865498225,-1.5657700518764335,-0.5649019525675409
8,89,2,2,3,-1.854459596569739,-2.0529514251836596,370.82294937799935
8,90,2,2,3,-1.854459596569739,-2.0529514251836596,370.3521264286214
8,91,2,2,3,-1.854459596569739,-2.0529514251836596,369.88177430219275
8,92,2,2,3,-1.854459596569739,-2.0529514251836596,369.4118925278906
8,93,2,2,3,-1.854459596569739,-2.0529514251836596,370.23322224353393
8,94,1,2,1,381.35780689695014,-1.5657700518764335,-0.5649019525675409
8,95,2,2,3,-1.854459596569739,-2.0529514251836596,370.8643229019786
8,96,1,2,1,380.53759417455103,-1.5657700518764335,-0.5649019525675409
8,97,2,2,3,-1.854459596569739,-2.0529514251836596,371.3511124350613
8,98,1,2,1,379.947594888167,-1.5657700518764335,-0.5649019525675409
8,99,2,2,3,-1.854459596569739,-2.0529514251836596,370.8797613226262
8,100,2,2,3,-1.854459596569739,-2.0529514251836596,370.4088815613036
8,101,2,2,3,-1.854459596569739,-2.0529514251836596,370.95185816749427
8,102,2,1,2,-8.764726328312669,379.4048227069548,-0.623251280782349
8,103,2,2,3,-1.854459596569739,-2.0529514251836596,370.48090630932677
8,104,2,2,3,-1.854459596569739,-2.0529514251836596,370.01042540301745
8,105,2,2,3,-1.854459596569739,-2.0529514251836596,370.47046031070425
8,106,2,1,2,-8.764726328312669,378.340916007019,-0.623251280782349
8,107,2,2,3,-1.854459596569739,-2.0529514251836596,369.99998985039355
8,108,2,2,3,-1.854459596569739,-2.0529514251836596,369.52998986054314
8,109,2,2,3,-1.854459596569739,-2.0529514251836596,369.0604598706826
8,110,2,2,3,-1.854459596569739,-2.0529514251836596,368.59139941081196
8,111,2,2,3,-1.854459596569739,-2.0529514251836596,369.2470713636593
8,112,1,2,1,379.30829546435257,-1.5657700518764335,-0.5649019525675409
8,113,2,2,3,-1.854459596569739,-2.0529514251836596,368.77782429229563
8,114,2,2,3,-1.854459596569739,-2.0529514251836596,368.3090464680033
8,115,2,2,3,-1.854459596569739,-2.0529514251836596,368.92966307217387
8,116,1,2,1,387.3617624918956,-1.5657700518764335,-0.5649019525675409
8,117,0,2,1,365.4948104481339,-1.9014646570958402,-0.6663679920857718
8,118,2,1,2,-8.764726328312669,379.1556388930148,-0.623251280782349
8,119,1,2,1,387.0744007294037,-1.5657700518764335,-0.5649019525675409
8,120,1,2,1,386.8873263286743,-1.5657700518764335,-0.5649019525675409
8,121,1,2,1,386.03500194621535,-1.5657700518764335,-0.5649019525675409
8,122,2,1,2,-8.764726328312669,379.85754019638864,-0.623251280782349
8,123,1,2,1,384.355538395739,-1.5657700518764335,-0.5649019525675409
8,124,2,2,3,-1.854459596569739,-2.0529514251836596,369.9878950661346
8,125,1,2,1,384.47118285734325,-1.5657700518764335,-0.5649019525675409
8,126,1,2,1,384.6867116744859,-1.5657700518764335,-0.5649019525675409
8,127,1,2,1,384.5239369864798,-1.5657700518764335,-0.5649019525675409
8,128,2,1,2,-8.764726328312669,380.43965593841125,-0.623251280782349
8,129,1,2,1,384.9394130494933,-1.5657700518764335,-0.5649019525675409
8,130,1,2,1,392.5294579789092,-1.5657700518764335,-0.5649019525675409
8,131,0,2,1,367.8057457432325,-1.9014646570958402,-0.6663679920857718
8,132,1,2,1,390.00531379256563,-1.5657700518764335,-0.5649019525675409
8,133,2,2,3,-1.854459596569739,-2.0529514251836596,370.5526314974239
8,134,2,1,2,-8.764726328312669,379.6804008628151,-0.623251280782349
8,135,2,2,3,-1.854459596569739,-2.0529514251836596,370.9857280331002
8,136,2,1,2,-8.764726328312669,379.13994785181046,-0.623251280782349
8,137,2,2,3,-1.854459596569739,-2.0529514251836596,370.5147423050671
8,138,2,2,3,-1.854459596569739,-2.0529514251836596,370.04422756276205
8,139,2,2,3,-1.854459596569739,-2.0529514251836596,369.5741833351993
8,140,2,2,3,-1.854459596569739,-2.0529514251836596,369.1046091518641
8,141,2,2,3,-1.854459596569739,-2.0529514251836596,369.62900307400696
8,142,2,1,2,-8.764726328312669,378.6192243709561,-0.623251280782349
8,143,2,2,3,-1.854459596569739,-2.0529514251836596,370.0494059793309
8,144,2,1,2,-8.764726328312669,386.6706780704881,-0.623251280782349
8,145,2,0,2,-1.53565384476972,364.0292197067505,-0.6300840498404277
8,146,2,2,3,-1.854459596569739,-2.0529514251836596,371.22486251037617
8,147,2,1,2,-8.764726328312669,384.85487165196656,-0.623251280782349
8,148,2,2,3,-1.854459596569739,-2.0529514251836596,372.10300855288324
8,149,2,1,2,-8.764726328312669,383.40758233350533,-0.623251280782349
8,150,2,2,3,-1.854459596569739,-2.0529514251836596,371.63090554433035
8,151,2,2,3,-1.854459596569739,-2.0529514251836596,371.15927463878603
8,152,2,2,3,-1.854459596569739,-2.0529514251836596,370.6881153641472
8,153,2,2,3,-1.854459596569739,-2.0529514251836596,370.21742724878305
8,154,2,2,3,-1.854459596569739,-2.0529514251836596,369.7472098215343
8,155,2,2,3,-1.854459596569739,-2.0529514251836596,369.27746261171274
8,156,2,2,3,-1.854459596569739,-2.0529514251836596,368.808185149101
8,157,2,2,3,-1.854459596569739,-2.0529514251836596,370.4378926996549
8,158,1,2,1,387.8781337905749,-1.5657700518764335,-0.5649019525675409
8,159,2,2,3,-1.854459596569739,-2.0529514251836596,369.9674548069553
8,160,2,2,3,-1.854459596569739,-2.0529514251836596,369.4974873521483
8,161,2,2,3,-1.854459596569739,-2.0529514251836596,369.02798986479615
8,162,2,2,3,-1.854459596569739,-2.0529514251836596,368.55896187493136
8,163,2,2,3,-1.854459596569739,-2.0529514251836596,370.00300093270516
8,164,1,2,1,386.02061750385525,-1.5657700518764335,-0.5649019525675409
8,165,2,2,3,-1.854459596569739,-2.0529514251836596,371.11874197231634
8,166,1,2,1,384.559311208729,-1.5657700518764335,-0.5649019525675409
8,167,2,2,3,-1.854459596569739,-2.0529514251836596,371.86421842610173
8,168,2,1,2,-8.764726328312669,382.18138172433885,-0.623251280782349
8,169,2,2,3,-1.854459596569739,-2.0529514251836596,372.6491683931557
8,170,1,2,1,383.49564775877855,-1.5657700518764335,-0.5649019525675409
8,171,2,2,3,-1.854459596569739,-2.0529514251836596,373.25032068195924
8,172,1,2,1,382.69786473041466,-1.5657700518764335,-0.5649019525675409
8,173,2,2,3,-1.854459596569739,-2.0529514251836596,373.71237722207434
8,174,1,2,1,382.1256036023586,-1.5657700518764335,-0.5649019525675409
8,175,2,2,3,-1.854459596569739,-2.0529514251836596,374.0715742565004
8,176,1,2,1,381.7461290935163,-1.5657700518764335,-0.5649019525675409
8,177,2,2,3,-1.854459596569739,-2.0529514251836596,373.5975026822439
8,178,2,2,3,-1.854459596569739,-2.0529514251836596,373.12390517956163
8,179,2,2,3,-1.854459596569739,-2.0529514251836596,373.547471452315
8,180,2,1,2,-8.764726328312669,381.34444322568413,-0.623251280782349
8,181,2,2,3,-1.854459596569739,-2.0529514251836596,373.8458241864262
8,182,2,1,2,-8.764726328312669,380.7207354975719,-0.623251280782349
8,183,2,2,3,-1.854459596569739,-2.0529514251836596,374.05259458204324
8,184,2,1,2,-8.764726328312669,380.27986881143704,-0.623251280782349
8,185,2,2,3,-1.854459596569739,-2.0529514251836596,373.5785419874612
8,186,2,2,3,-1.854459596569739,-2.0529514251836596,373.10496344547374
8,187,2,2,3,-1.854459596569739,-2.0529514251836596,373.34217411325864
8,188,2,1,2,-8.764726328312669,379.91275716750596,-0.623251280782349
8,189,2,2,3,-1.854459596569739,-2.0529514251836596,373.51931966151585
8,190,2,1,2,-8.764726328312669,379.6998940972454,-0.623251280782349
8,191,2,2,3,-1.854459596569739,-2.0529514251836596,373.0458003418543
8,192,2,2,3,-1.854459596569739,-2.0529514251836596,372.57275454151244
8,193,2,2,3,-1.854459596569739,-2.0529514251836596,373.0083458676193
8,194,1,2,1,389.88428501274467,-1.5657700518764335,-0.5649019525675409
8,195,0,2,1,367.9529974098035,-1.9014646570958402,-0.6663679920857718
8,196,2,2,3,-1.854459596569739,-2.0529514251836596,374.2060554971191
8,197,1,2,1,389.5944007277319,-1.5657700518764335,-0.5649019525675409
8,198,1,2,1,389.40480632700417,-1.5657700518764335,-0.5649019525675409
8,199,1,2,1,389.31540152067714,-1.5657700518764335,-0.5649019525675409
8,200,1,2,1,389.32608611915646,-1.5657700518764335,-0.5649019525675409
8,201,1,2,1,387.9398770014556,-1.5657700518764335,-0.5649019525675409
8,202,2,2,3,-1.854459596569739,-2.0529514251836596,375.0914977705513
8,203,1,2,1,387.3361788169374,-1.5657700518764335,-0.5649019525675409
8,204,2,1,2,-8.764726328312669,377.6277829469076,-0.623251280782349
8,205,1,0,1,263.04222607199335,8.926262106749988,17.78679373987269
8,206,1,0,1,263.57918384592136,8.926262106749988,17.78679373987269
8,207,1,0,1,258.41022385687575,8.926262106749988,17.78679373987269
8,208,0,0,2,0.009317174468442126,139.05424124853897,-0.6122225467830142
8,209,0,2,1,368.54284818056703,-1.9014646570958402,-0.6663679920857718
8,210,2,1,2,-8.764726328312669,378.3112863550936,-0.623251280782349
8,211,1,2,1,386.1553782843979,-1.5657700518764335,-0.5649019525675409
8,212,2,1,2,-8.764726328312669,378.90954016973967,-0.623251280782349
8,213,1,2,1,385.2518849327623,-1.5657700518764335,-0.5649019525675409
8,214,2,1,2,-8.764726328312669,379.4585227611092,-0.623251280782349
8,215,1,2,1,384.5930901928359,-1.5657700518764335,-0.5649019525675409
8,216,2,1,2,-8.764726328312669,379.0467287642828,-0.623251280782349
8,217,2,2,3,-1.854459596569739,-2.0529514251836596,375.55706392258696
8,218,1,2,1,383.71393050188846,-1.5657700518764335,-0.5649019525675409
8,219,2,2,3,-1.854459596569739,-2.0529514251836596,375.8890366500152
8,220,1,2,1,383.05555208005114,-1.5657700518764335,-0.5649019525675409
8,221,2,2,3,-1.854459596569739,-2.0529514251836596,376.1226326409388
8,222,1,2,1,382.58613750349895,-1.5657700518764335,-0.5649019525675409
8,223,2,2,3,-1.854459596569739,-2.0529514251836596,375.6465100082978
8,224,2,2,3,-1.854459596569739,-2.0529514251836596,375.1708634982895
8,225,2,2,3,-1.854459596569739,-2.0529514251836596,375.42980476130697
8,226,1,2,1,382.19507442451845,-1.5657700518764335,-0.5649019525675409
8,227,2,2,3,-1.854459596569739,-2.0529514251836596,375.6241366532036
8,228,1,2,1,381.96235651073374,-1.5657700518764335,-0.5649019525675409
8,229,2,2,3,-1.854459596569739,-2.0529514251836596,375.7759962824459
8,230,1,2,1,390.1518628295365,-1.5657700518764335,-0.5649019525675409
8,231,0,2,1,370.3135977826345,-1.9014646570958402,-0.6663679920857718
8,232,1,2,1,389.861710966707,-1.5657700518764335,-0.5649019525675409
8,233,1,2,1,388.6011660177003,-1.5657700518764335,-0.5649019525675409
8,234,2,1,2,-8.764726328312669,380.11357132360683,-0.623251280782349
8,235,1,2,1,387.2428730478924,-1.5657700518764335,-0.5649019525675409
8,236,2,2,3,-1.854459596569739,-2.0529514251836596,376.4354410859426
8,237,1,2,1,386.18569441061146,-1.5657700518764335,-0.5649019525675409
8,238,2,2,3,-1.854459596569739,-2.0529514251836596,376.3231405383854
8,239,2,1,2,-8.764726328312669,379.9582051045463,-0.623251280782349
8,240,2,2,3,-1.854459596569739,-2.0529514251836596,376.20668878989693
8,241,2,1,2,-8.764726328312669,379.9068467842915,-0.623251280782349
8,242,2,2,3,-1.854459596569739,-2.0529514251836596,376.0967977425521
8,243,2,1,2,-8.764726328312669,379.949745082375,-0.623251280782349
8,244,2,2,3,-1.854459596569739,-2.0529514251836596,375.6207009448095
8,245,2,2,3,-1.854459596569739,-2.0529514251836596,375.1450802438647
8,246,2,2,3,-1.854459596569739,-2.0529514251836596,374.66993516362083
8,247,2,2,3,-1.854459596569739,-2.0529514251836596,374.19526522845723
8,248,2,2,3,-1.854459596569739,-2.0529514251836596,373.7210699632288
8,249,2,2,3,-1.854459596569739,-2.0529514251836596,373.24734889326555
8,250,2,2,3,-1.854459596569739,-2.0529514251836596,373.43763876709414
8,251,2,1,2,-8.764726328312669,387.89366332510576,-0.623251280782349
8,252,2,0,2,-1.53565384476972,365.85868148272596,-0.6300840498404277
8,253,1,2,1,386.4685976387358,-1.5657700518764335,-0.5649019525675409
8,254,2,1,2,-8.764726328312669,387.60576966178064,-0.623251280782349
8,255,2,1,2,-8.764726328312669,387.41816389211886,-0.623251280782349
8,256,2,1,2,-8.764726328312669,387.33074572822676,-0.623251280782349
8,257,2,1,2,-8.764726328312669,387.34341498249853,-0.623251280782349
8,258,2,1,2,-8.764726328312669,387.3694646504835,-0.623251280782349
8,259,1,2,1,385.3920641128045,-1.5657700518764335,-0.5649019525675409
8,260,2,2,3,-1.854459596569739,-2.0529514251836596,372.96420112832703
8,261,2,2,3,-1.854459596569739,-2.0529514251836596,372.4912369271987
8,262,2,2,3,-1.854459596569739,-2.0529514251836596,372.01874569027154
8,263,2,2,3,-1.854459596569739,-2.0529514251836596,371.5467269445813
8,264,2,2,3,-1.854459596569739,-2.0529514251836596,372.44586859729077
8,265,1,2,1,384.42499869265583,-1.5657700518764335,-0.5649019525675409
8,266,2,2,3,-1.854459596569739,-2.0529514251836596,371.9734227286935
8,267,2,2,3,-1.854459596569739,-2.0529514251836596,371.5014493059648
8,268,2,2,3,-1.854459596569739,-2.0529514251836596,372.3093792459413
8,269,1,2,1,383.64112736873847,-1.5657700518764335,-0.5649019525675409
8,270,2,2,3,-1.854459596569739,-2.0529514251836596,373.328018321745
8,271,2,1,2,-8.764726328312669,386.1919919992879,-0.623251280782349
8,272,2,2,3,-1.854459596569739,-2.0529514251836596,374.1282236975
8,273,2,1,2,-8.764726328312669,385.3114869454116,-0.623251280782349
8,274,2,2,3,-1.854459596569739,-2.0529514251836596,373.6540954738025
8,275,2,2,3,-1.854459596569739,-2.0529514251836596,373.1804413783287
8,276,2,2,3,-1.854459596569739,-2.0529514251836596,373.74286885000095
8,277,1,2,1,391.8380608123454,-1.5657700518764335,-0.5649019525675409
8,278,0,2,1,370.2827820205211,-1.9014646570958402,-0.6663679920857718
8,279,2,2,3,-1.854459596569739,-2.0529514251836596,375.06054998542305
8,280,1,2,1,391.5462227515331,-1.5657700518764335,-0.5649019525675409
8,281,1,2,1,391.35467652878157,-1.5657700518764335,-0.5649019525675409
8,282,1,2,1,391.2633218522528,-1.5657700518764335,-0.5649019525675409
8,283,1,2,1,391.2720585304005,-1.5657700518764335,-0.5649019525675409
8,284,1,2,1,389.7758471259173,-1.5657700518764335,-0.5649019525675409
8,285,2,2,3,-1.854459596569739,-2.0529514251836596,376.04230385234655
8,286,1,2,1,389.5440996209213,-1.5657700518764335,-0.5649019525675409
8,287,2,1,2,-8.764726328312669,384.80852633225277,-0.623251280782349
8,288,2,2,3,-1.854459596569739,-2.0529514251836596,375.5662615484942
8,289,2,2,3,-1.854459596569739,-2.0529514251836596,375.0906952869457
8,290,2,2,3,-1.854459596569739,-2.0529514251836596,374.6156045916587
8,291,2,2,3,-1.854459596569739,-2.0529514251836596,374.1409889870671
8,292,2,2,3,-1.854459596569739,-2.0529514251836596,374.7229341952534
8,293,2,1,2,-8.764726328312669,392.44768316581735,-0.623251280782349
8,294,2,0,2,-1.53565384476972,366.37038381978346,-0.6300840498404277
8,295,2,2,3,-1.854459596569739,-2.0529514251836596,376.00296140914395
8,296,2,1,2,-8.764726328312669,392.1552354826515,-0.623251280782349
8,297,2,1,2,-8.764726328312669,391.9630802471689,-0.623251280782349
8,298,2,1,2,-8.764726328312669,390.2910654019572,-0.623251280782349
8,299,2,2,3,-1.854459596569739,-2.0529514251836596,376.9414807430233
8,300,2,1,2,-8.764726328312669,390.30077433655526,-0.623251280782349
8,301,2,1,2,-8.764726328312669,389.08790349645903,-0.623251280782349
8,302,2,2,3,-1.854459596569739,-2.0529514251836596,377.7121985311922
8,303,1,2,1,388.6831973134172,-1.5657700518764335,-0.5649019525675409
8,304,2,2,3,-1.854459596569739,-2.0529514251836596,378.3606811242224
8,305,2,1,2,-8.764726328312669,388.2368205781112,-0.623251280782349
8,306,2,2,3,-1.854459596569739,-2.0529514251836596,377.8823204430982
8,307,2,2,3,-1.854459596569739,-2.0529514251836596,377.4044381226551
8,308,2,2,3,-1.854459596569739,-2.0529514251836596,376.92703368453243
8,309,2,2,3,-1.854459596569739,-2.0529514251836596,376.4501066508479
8,310,2,2,3,-1.854459596569739,-2.0529514251836596,377.1405412229961
8,311,2,1,2,-8.764726328312669,387.4500521013767,-0.623251280782349
8,312,2,2,3,-1.854459596569739,-2.0529514251836596,377.80612363472477
8,313,1,2,1,388.01768382191324,-1.5657700518764335,-0.5649019525675409
8,314,2,2,3,-1.854459596569739,-2.0529514251836596,378.3392619696217
8,315,1,2,1,395.7739108597535,-1.5657700518764335,-0.5649019525675409
8,316,0,2,1,370.71009075346154,-1.9014646570958402,-0.6663679920857718
8,317,2,2,3,-1.854459596569739,-2.0529514251836596,379.5869529477751
8,318,1,2,1,393.8756281156079,-1.5657700518764335,-0.5649019525675409
8,319,2,2,3,-1.854459596569739,-2.0529514251836596,380.5219448364428
8,320,1,2,1,393.04562046208343,-1.5657700518764335,-0.5649019525675409
8,321,2,1,2,-8.764726328312669,388.4165633169853,-0.623251280782349
8,322,1,2,1,392.95257484162136,-1.5657700518764335,-0.5649019525675409
8,323,1,2,1,391.7289898962671,-1.5657700518764335,-0.5649019525675409
8,324,2,2,3,-1.854459596569739,-2.0529514251836596,381.15092035252894
8,325,1,2,1,390.79003202154075,-1.5657700518764335,-0.5649019525675409
8,326,2,2,3,-1.854459596569739,-2.0529514251836596,381.3890680856576
8,327,2,1,2,-8.764726328312669,395.7455749834453,-0.623251280782349
8,328,2,0,2,-1.53565384476972,368.42155860793764,-0.6300840498404277
8,329,1,2,1,391.4898407427478,-1.5657700518764335,-0.5649019525675409
8,330,2,1,2,-8.764726328312669,394.02853522558087,-0.623251280782349
8,331,2,2,3,-1.854459596569739,-2.0529514251836596,381.90765551062384
8,332,1,2,1,390.8497145640248,-1.5657700518764335,-0.5649019525675409
8,333,2,2,3,-1.854459596569739,-2.0529514251836596,382.62571494689394
8,334,2,1,2,-8.764726328312669,392.7056274827653,-0.623251280782349
8,335,2,2,3,-1.854459596569739,-2.0529514251836596,383.14100057299834
8,336,2,1,2,-8.764726328312669,391.6660237912156,-0.623251280782349
8,337,2,2,3,-1.854459596569739,-2.0529514251836596,382.6578595724253
8,338,2,2,3,-1.854459596569739,-2.0529514251836596,382.17520171285287
8,339,2,2,3,-1.854459596569739,-2.0529514251836596,382.55180328340606
8,340,1,2,1,390.4373716326795,-1.5657700518764335,-0.5649019525675409
8,341,2,2,3,-1.854459596569739,-2.0529514251836596,382.8499227467007
8,342,1,2,1,397.99393345400426,-1.5657700518764335,-0.5649019525675409
8,343,0,2,1,372.41401803344576,-1.9014646570958402,-0.6663679920857718
8,344,2,1,2,-8.764726328312669,392.30082082404044,-0.623251280782349
8,345,1,2,1,397.13232137018383,-1.5657700518764335,-0.5649019525675409
8,346,2,1,2,-8.764726328312669,391.47288109355975,-0.623251280782349
8,347,2,2,3,-1.854459596569739,-2.0529514251836596,382.367072823954
8,348,2,2,3,-1.854459596569739,-2.0529514251836596,381.88470575113007
8,349,2,2,3,-1.854459596569739,-2.0529514251836596,382.91233499166526
8,350,1,2,1,395.5274103973403,-1.5657700518764335,-0.5649019525675409
8,351,2,2,3,-1.854459596569739,-2.0529514251836596,383.67831512183545
8,352,1,2,1,394.258822554668,-1.5657700518764335,-0.5649019525675409
8,353,2,2,3,-1.854459596569739,-2.0529514251836596,384.24210704256404
8,354,1,2,1,393.272908896415,-1.5657700518764335,-0.5649019525675409
8,355,2,2,3,-1.854459596569739,-2.0529514251836596,384.6519143190527
8,356,1,2,1,392.52615752435975,-1.5657700518764335,-0.5649019525675409
8,357,2,2,3,-1.854459596569739,-2.0529514251836596,384.84253811540987
8,358,2,1,2,-8.764726328312669,391.02500425762935,-0.623251280782349
8,359,2,2,3,-1.854459596569739,-2.0529514251836596,384.96975972537416
8,360,2,1,2,-8.764726328312669,390.7345100446785,-0.623251280782349
8,361,2,2,3,-1.854459596569739,-2.0529514251836596,385.05550024725994
8,362,2,1,2,-8.764726328312669,390.58155356468933,-0.623251280782349
8,363,2,2,3,-1.854459596569739,-2.0529514251836596,385.1175240254382
8,364,2,1,2,-8.764726328312669,397.8971325104062,-0.623251280782349
8,365,2,0,2,-1.53565384476972,369.70603762566225,-0.6300840498404277
8,366,2,2,3,-1.854459596569739,-2.0529514251836596,385.89758774142456
8,367,2,1,2,-8.764726328312669,396.41128044576664,-0.623251280782349
8,368,2,2,3,-1.854459596569739,-2.0529514251836596,385.41169015368314
8,369,2,2,3,-1.854459596569739,-2.0529514251836596,385.63061073322643
8,370,1,2,1,392.0509722345132,-1.5657700518764335,-0.5649019525675409
8,371,2,2,3,-1.854459596569739,-2.0529514251836596,385.7805959111206
8,372,1,2,1,391.73815400626285,-1.5657700518764335,-0.5649019525675409
8,373,2,2,3,-1.854459596569739,-2.0529514251836596,385.88461356662856
8,374,1,2,1,391.5669153487328,-1.5657700518764335,-0.5649019525675409
8,375,2,2,3,-1.854459596569739,-2.0529514251836596,385.96127682949026
8,376,1,2,1,399.1792115991706,-1.5657700518764335,-0.5649019525675409
8,377,0,2,1,374.6913581784191,-1.9014646570958402,-0.6663679920857718
8,378,1,2,1,398.8800323875715,-1.5657700518764335,-0.5649019525675409
8,379,1,2,1,398.43674591294524,-1.5657700518764335,-0.5649019525675409
8,380,2,1,2,-8.764726328312669,396.4153902465716,-0.623251280782349
8,381,1,2,1,398.3383091670323,-1.5657700518764335,-0.5649019525675409
8,382,1,2,1,398.3399708578653,-1.5657700518764335,-0.5649019525675409
8,383,1,2,1,398.4416308870074,-1.5657700518764335,-0.5649019525675409
8,384,1,2,1,398.6431892561204,-1.5657700518764335,-0.5649019525675409
8,385,1,2,1,397.68903673662794,-1.5657700518764335,-0.5649019525675409
8,386,2,2,3,-1.854459596569739,-2.0529514251836596,386.5102727809518
8,387,2,1,2,-8.764726328312669,395.33836822722867,-0.623251280782349
8,388,2,2,3,-1.854459596569739,-2.0529514251836596,387.1304601397828
8,389,1,2,1,397.04604861680366,-1.5657700518764335,-0.5649019525675409
8,390,2,2,3,-1.854459596569739,-2.0529514251836596,386.64332967964305
8,391,2,2,3,-1.854459596569739,-2.0529514251836596,386.1566863499634
8,392,2,2,3,-1.854459596569739,-2.0529514251836596,386.74857652803064
8,393,1,2,1,404.3358882147868,-1.5657700518764335,-0.5649019525675409
8,394,0,2,1,377.25147529384105,-1.9014646570958402,-0.6663679920857718
8,395,1,2,1,404.031552326572,-1.5657700518764335,-0.5649019525675409
8,396,1,2,1,403.82752077424544,-1.5657700518764335,-0.5649019525675409
8,397,1,2,1,402.88326715131655,-1.5657700518764335,-0.5649019525675409
8,398,2,1,2,-8.764726328312669,394.49264048078084,-0.623251280782349
8,399,2,2,3,-1.854459596569739,-2.0529514251836596,387.8591623232079
8,400,1,2,1,401.3929975061825,-1.5657700518764335,-0.5649019525675409
8,401,2,2,3,-1.854459596569739,-2.0529514251836596,387.3713031608847
8,402,2,2,3,-1.854459596569739,-2.0529514251836596,386.8839318577238
8,403,2,2,3,-1.854459596569739,-2.0529514251836596,387.8334454250635
8,404,1,2,1,400.14920885264553,-1.5657700518764335,-0.5649019525675409
8,405,2,2,3,-1.854459596569739,-2.0529514251836596,387.3456119796384
8,406,2,2,3,-1.854459596569739,-2.0529514251836596,386.85826636765876
8,407,2,2,3,-1.854459596569739,-2.0529514251836596,386.3714081012911
8,408,2,2,3,-1.854459596569739,-2.0529514251836596,385.8850366931898
8,409,2,2,3,-1.854459596569739,-2.0529514251836596,385.39915165649666
8,410,2,2,3,-1.854459596569739,-2.0529514251836596,384.91375250484015
8,411,2,2,3,-1.854459596569739,-2.0529514251836596,384.4288387523353
8,412,2,2,3,-1.854459596569739,-2.0529514251836596,383.94440991358294
8,413,2,2,3,-1.854459596569739,-2.0529514251836596,384.50474032982197
8,414,2,1,2,-8.764726328312669,393.6093457253551,-0.623251280782349
8,415,2,2,3,-1.854459596569739,-2.0529514251836596,384.9215915236499
8,416,2,1,2,-8.764726328312669,392.95564871366093,-0.623251280782349
8,417,2,2,3,-1.854459596569739,-2.0529514251836596,385.23204159393737
8,418,2,1,2,-8.764726328312669,392.49805596009463,-0.623251280782349
8,419,2,2,3,-1.854459596569739,-2.0529514251836596,386.2236091109555
8,420,1,2,1,398.9704252693656,-1.5657700518764335,-0.5649019525675409
8,421,2,2,3,-1.854459596569739,-2.0529514251836596,386.3585557399093
8,422,2,1,2,-8.764726328312669,392.2977473823362,-0.623251280782349
8,423,2,2,3,-1.854459596569739,-2.0529514251836596,386.46017715676965
8,424,2,1,2,-8.764726328312669,399.5688703690431,-0.623251280782349
8,425,2,0,2,-1.53565384476972,370.99499140161623,-0.6300840498404277
8,426,2,2,3,-1.854459596569739,-2.0529514251836596,387.27147760762796
8,427,2,1,2,-8.764726328312669,398.05185961529395,-0.623251280782349
8,428,2,2,3,-1.854459596569739,-2.0529514251836596,387.85146394877927
8,429,2,1,2,-8.764726328312669,397.94474575543177,-0.623251280782349
8,430,1,2,1,399.1699125722168,-1.5657700518764335,-0.5649019525675409
8,431,2,1,2,-8.764726328312669,397.8468010096763,-0.623251280782349
8,432,2,1,2,-8.764726328312669,397.8489542086666,-0.623251280782349
8,433,2,1,2,-8.764726328312669,397.95110525445796,-0.623251280782349
8,434,2,1,2,-8.764726328312669,398.1531541492035,-0.623251280782349
8,435,2,1,2,-8.764726328312669,398.5556600789326,-0.623251280782349
8,436,1,2,1,398.45021624592425,-1.5657700518764335,-0.5649019525675409
8,437,2,2,3,-1.854459596569739,-2.0529514251836596,388.41288896224785
8,438,1,2,1,405.8530906754221,-1.5657700518764335,-0.5649019525675409
8,439,0,2,1,377.9792037717195,-1.9014646570958402,-0.6663679920857718
8,440,2,2,3,-1.854459596569739,-2.0529514251836596,389.6510560428899
8,441,1,2,1,405.54723758474665,-1.5657700518764335,-0.5649019525675409
8,442,1,2,1,403.7679683745181,-1.5657700518764335,-0.5649019525675409
8,443,2,2,3,-1.854459596569739,-2.0529514251836596,390.0429607864152
8,444,2,1,2,-8.764726328312669,398.11434718889444,-0.623251280782349
8,445,2,2,3,-1.854459596569739,-2.0529514251836596,390.911693576851
8,446,1,2,1,402.39142920117456,-1.5657700518764335,-0.5649019525675409
8,447,2,2,3,-1.854459596569739,-2.0529514251836596,391.13384459086643
8,448,2,1,2,-8.764726328312669,404.931416618765,-0.623251280782349
8,449,2,0,2,-1.53565384476972,373.7322437523709,-0.6300840498404277
8,450,1,2,1,402.64049652631485,-1.5657700518764335,-0.5649019525675409
8,451,2,1,2,-8.764726328312669,403.2605255713843,-0.623251280782349
8,452,2,2,3,-1.854459596569739,-2.0529514251836596,391.84325216334685
8,453,2,1,2,-8.764726328312669,401.9269549784172,-0.623251280782349
8,454,2,2,3,-1.854459596569739,-2.0529514251836596,392.42033610311734
8,455,1,2,1,401.726060147892,-1.5657700518764335,-0.5649019525675409
8,456,2,2,3,-1.854459596569739,-2.0529514251836596,391.9279157670142
8,457,2,2,3,-1.854459596569739,-2.0529514251836596,391.4359878512472
8,458,2,2,3,-1.854459596569739,-2.0529514251836596,391.9831576089858
8,459,2,1,2,-8.764726328312669,400.8405920838651,-0.623251280782349
8,460,2,2,3,-1.854459596569739,-2.0529514251836596,392.3680604643898
8,461,2,1,2,-8.764726328312669,400.0009708614532,-0.623251280782349
8,462,2,2,3,-1.854459596569739,-2.0529514251836596,392.80213437259215
8,463,1,2,1,401.0408654359894,-1.5657700518764335,-0.5649019525675409
8,464,2,2,3,-1.854459596569739,-2.0529514251836596,393.12496661349587
8,465,1,2,1,400.5561505871266,-1.5657700518764335,-0.5649019525675409
8,466,2,2,3,-1.854459596569739,-2.0529514251836596,392.6318416468824
8,467,2,2,3,-1.854459596569739,-2.0529514251836596,392.1392098052355
8,468,2,2,3,-1.854459596569739,-2.0529514251836596,392.4803477328375
8,469,1,2,1,400.15608995396485,-1.5657700518764335,-0.5649019525675409
8,470,2,2,3,-1.854459596569739,-2.0529514251836596,391.98786738510466
8,471,2,2,3,-1.854459596569739,-2.0529514251836596,391.4958795177196
8,472,2,2,3,-1.854459596569739,-2.0529514251836596,391.8463876812315
8,473,2,1,2,-8.764726328312669,399.2936661557498,-0.623251280782349
8,474,2,2,3,-1.854459596569739,-2.0529514251836596,391.35454129355026
8,475,2,2,3,-1.854459596569739,-2.0529514251836596,390.8631867522567
8,476,2,2,3,-1.854459596569739,-2.0529514251836596,390.3723235655044
8,477,2,2,3,-1.854459596569739,-2.0529514251836596,389.8819512419389
8,478,2,2,3,-1.854459596569739,-2.0529514251836596,390.40920902318754
8,479,1,2,1,407.4604221319686,-1.5657700518764335,-0.5649019525675409
8,480,0,2,1,378.8317950878431,-1.9014646570958402,-0.6663679920857718
8,481,2,2,3,-1.854459596569739,-2.0529514251836596,391.6068699119337
8,482,1,2,1,406.34445286819096,-1.5657700518764335,-0.5649019525675409
8,483,2,1,2,-8.764726328312669,400.1924003741257,-0.623251280782349
8,484,1,2,1,406.1381084153228,-1.5657700518764335,-0.5649019525675409
8,485,1,2,1,406.03197030690745,-1.5657700518764335,-0.5649019525675409
8,486,1,2,1,404.59785339749817,-1.5657700518764335,-0.5649019525675409
8,487,2,2,3,-1.854459596569739,-2.0529514251836596,392.40137040709266
8,488,1,2,1,403.48580372805054,-1.5657700518764335,-0.5649019525675409
8,489,2,2,3,-1.854459596569739,-2.0529514251836596,393.0063279354604
8,490,1,2,1,403.6823179243225,-1.5657700518764335,-0.5649019525675409
8,491,1,2,1,402.9217125975008,-1.5657700518764335,-0.5649019525675409
8,492,2,2,3,-1.854459596569739,-2.0529514251836596,393.4949446890669
8,493,1,2,1,402.38554086196837,-1.5657700518764335,-0.5649019525675409
8,494,2,2,3,-1.854459596569739,-2.0529514251836596,393.6644978571987
8,495,2,1,2,-8.764726328312669,399.84594562457585,-0.623251280782349
8,496,2,2,3,-1.854459596569739,-2.0529514251836596,394.0342166168137
8,497,1,2,1,409.551334489468,-1.5657700518764335,-0.5649019525675409
8,498,0,2,1,380.5333641958918,-1.9014646570958402,-0.6663679920857718
8,499,2,1,2,-8.764726328312669,401.2069331765756,-0.623251280782349
8,500,1,2,1,409.2417831549785,-1.5657700518764335,-0.5649019525675409
8,501,1,2,1,409.0325413718235,-1.5657700518764335,-0.5649019525675409
8,502,1,2,1,408.9235088304517,-1.5657700518764335,-0.5649019525675409
8,503,1,2,1,408.1506443318875,-1.5657700518764335,-0.5649019525675409
8,504,2,1,2,-8.764726328312669,396.56885202074875,-0.623251280782349
8,505,1,0,1,270.0686936026729,8.926262106749988,17.78679373987269
8,506,2,0,2,-1.53565384476972,375.61933572718794,-0.6300840498404277
8,507,2,1,2,-8.764726328312669,396.02135426373843,-0.623251280782349
8,508,2,2,3,-1.854459596569739,-2.0529514251836596,393.5401824001969
8,509,2,2,3,-1.854459596569739,-2.0529514251836596,393.0466422177967
8,510,2,2,3,-1.854459596569739,-2.0529514251836596,392.5535955755789
8,511,2,2,3,-1.854459596569739,-2.0529514251836596,392.0610419800033
8,512,2,2,3,-1.854459596569739,-2.0529514251836596,391.56898093802334
8,513,2,2,3,-1.854459596569739,-2.0529514251836596,391.0774119570853
8,514,2,2,3,-1.854459596569739,-2.0529514251836596,390.58633454512824
8,515,2,2,3,-1.854459596569739,-2.0529514251836596,390.0957482105831
8,516,2,2,3,-1.854459596569739,-2.0529514251836596,391.3930871783817
8,517,1,2,1,406.68349552935854,-1.5657700518764335,-0.5649019525675409
8,518,2,2,3,-1.854459596569739,-2.0529514251836596,390.9016940912033
8,519,2,2,3,-1.854459596569739,-2.0529514251836596,390.4107923971121
8,520,2,2,3,-1.854459596569739,-2.0529514251836596,389.920381604715
8,521,2,2,3,-1.854459596569739,-2.0529514251836596,389.4304612231103
8,522,2,2,3,-1.854459596569739,-2.0529514251836596,388.9410307618872
8,523,2,2,3,-1.854459596569739,-2.0529514251836596,388.4520897311253
8,524,2,2,3,-1.854459596569739,-2.0529514251836596,387.96363764139414
8,525,2,2,3,-1.854459596569739,-2.0529514251836596,387.4756740037528
8,526,2,2,3,-1.854459596569739,-2.0529514251836596,388.889772660784
8,527,1,2,1,405.2152334698403,-1.5657700518764335,-0.5649019525675409
8,528,2,2,3,-1.854459596569739,-2.0529514251836596,390.0171035082198
8,529,1,2,1,404.10540337017005,-1.5657700518764335,-0.5649019525675409
8,530,2,2,3,-1.854459596569739,-2.0529514251836596,389.52708640471155
8,531,2,2,3,-1.854459596569739,-2.0529514251836596,389.0375593183068
8,532,2,2,3,-1.854459596569739,-2.0529514251836596,390.04023832012297
8,533,1,2,1,411.2676660885463,-1.5657700518764335,-0.5649019525675409
8,534,0,2,1,381.0940113699948,-1.9014646570958402,-0.6663679920857718
8,535,2,2,3,-1.854459596569739,-2.0529514251836596,391.6517134308767
8,536,1,2,1,409.4470135518018,-1.5657700518764335,-0.5649019525675409
8,537,2,1,2,-8.764726328312669,397.154473178993,-0.623251280782349
8,538,1,2,1,409.23756653824995,-1.5657700518764335,-0.5649019525675409
8,539,1,2,1,409.1283289717117,-1.5657700518764335,-0.5649019525675409
8,540,1,2,1,407.38901570419733,-1.5657700518764335,-0.5649019525675409
8,541,2,2,3,-1.854459596569739,-2.0529514251836596,392.71805464250457
8,542,1,2,1,407.4816266884931,-1.5657700518764335,-0.5649019525675409
8,543,1,2,1,407.6741450618046,-1.5657700518764335,-0.5649019525675409
8,544,1,2,1,406.92502340034446,-1.5657700518764335,-0.5649019525675409
8,545,2,1,2,-8.764726328312669,398.0246031777278,-0.623251280782349
8,546,1,2,1,405.91160846991795,-1.5657700518764335,-0.5649019525675409
8,547,2,2,3,-1.854459596569739,-2.0529514251836596,393.531498416776
8,548,1,2,1,404.23306501059534,-1.5657700518764335,-0.5649019525675409
8,549,0,1,2,2.7914631950699156,301.87937428625827,3.2914969809938084
8,550,0,2,1,382.3890459475904,-1.9014646570958402,-0.6663679920857718
8,551,2,1,2,-8.764726328312669,398.7412162960039,-0.623251280782349
8,552,1,2,1,402.8693768527966,-1.5657700518764335,-0.5649019525675409
8,553,2,2,3,-1.854459596569739,-2.0529514251836596,393.03796691835925
8,554,2,2,3,-1.854459596569739,-2.0529514251836596,393.1095506398277
8,555,2,1,2,-8.764726328312669,398.3849401797465,-0.623251280782349
8,556,2,2,3,-1.854459596569739,-2.0529514251836596,393.5826638842718
8,557,1,2,1,401.74712289205985,-1.5657700518764335,-0.5649019525675409
8,558,2,2,3,-1.854459596569739,-2.0529514251836596,393.56450657363956
8,559,2,1,2,-8.764726328312669,398.20933231256214,-0.623251280782349
8,560,2,2,3,-1.854459596569739,-2.0529514251836596,393.88102108258954
8,561,1,2,1,400.8666316900302,-1.5657700518764335,-0.5649019525675409
8,562,2,2,3,-1.854459596569739,-2.0529514251836596,394.07871551164357
8,563,1,2,1,400.1937613566799,-1.5657700518764335,-0.5649019525675409
8,564,2,2,3,-1.854459596569739,-2.0529514251836596,393.5846367961319
8,565,2,2,3,-1.854459596569739,-2.0529514251836596,393.0910521593358
8,566,2,2,3,-1.854459596569739,-2.0529514251836596,393.10467084234585
8,567,2,1,2,-8.764726328312669,398.1057614946982,-0.623251280782349
8,568,2,2,3,-1.854459596569739,-2.0529514251836596,393.1066741460864
8,569,2,1,2,-8.764726328312669,405.38149958222,-0.623251280782349
8,570,2,0,2,-1.53565384476972,377.67658452878044,-0.6300840498404277
8,571,1,2,1,400.80715367965166,-1.5657700518764335,-0.5649019525675409
8,572,2,1,2,-8.764726328312669,404.6232578382835,-0.623251280782349
8,573,1,2,1,401.38414083767657,-1.5657700518764335,-0.5649019525675409
8,574,2,1,2,-8.764726328312669,403.2784927949177,-0.623251280782349
8,575,2,2,3,-1.854459596569739,-2.0529514251836596,393.6205775181746
8,576,2,1,2,-8.764726328312669,403.1752143021228,-0.623251280782349
8,577,2,1,2,-8.764726328312669,403.1720390878207,-0.623251280782349
8,578,2,1,2,-8.764726328312669,403.2688670487329,-0.623251280782349
8,579,2,1,2,-8.764726328312669,402.5104175181589,-0.623251280782349
8,580,2,2,3,-1.854459596569739,-2.0529514251836596,394.0070511006549
8,581,2,1,2,-8.764726328312669,401.96607382530783,-0.623251280782349
8,582,2,2,3,-1.854459596569739,-2.0529514251836596,393.51304404955425
8,583,2,2,3,-1.854459596569739,-2.0529514251836596,393.0195310055047
8,584,2,2,3,-1.854459596569739,-2.0529514251836596,392.52651147449916
8,585,2,2,3,-1.854459596569739,-2.0529514251836596,392.03398496302464
8,586,2,2,3,-1.854459596569739,-2.0529514251836596,392.52522777542765
8,587,2,1,2,-8.764726328312669,401.42946399254436,-0.623251280782349
8,588,2,2,3,-1.854459596569739,-2.0529514251836596,392.0327025476522
8,589,2,2,3,-1.854459596569739,-2.0529514251836596,391.54066984510456
8,590,2,2,3,-1.854459596569739,-2.0529514251836596,392.028119795856
8,591,2,1,2,-8.764726328312669,408.5764994616392,-0.623251280782349
8,592,2,0,2,-1.53565384476972,379.64595601883235,-0.6300840498404277
8,593,1,2,1,402.3948002006112,-1.5657700518764335,-0.5649019525675409
8,594,2,1,2,-8.764726328312669,407.6559347353358,-0.623251280782349
8,595,1,2,1,403.3132577193483,-1.5657700518764335,-0.5649019525675409
8,596,2,1,2,-8.764726328312669,407.0183537760177,-0.623251280782349
8,597,1,2,1,402.76799000175305,-1.5657700518764335,-0.5649019525675409
8,598,0,1,2,2.7914631950699156,309.8479524064439,3.2914969809938084
8,599,0,2,1,384.4449583766571,-1.9014646570958402,-0.6663679920857718
8,600,2,1,2,-8.764726328312669,405.5273022582057,-0.623251280782349
8,601,2,2,3,-1.854459596569739,-2.0529514251836596,391.53609167606015
8,602,2,2,3,-1.854459596569739,-2.0529514251836596,391.0445555843841
8,603,2,2,3,-1.854459596569739,-2.0529514251836596,391.98730294950803
8,604,2,1,2,-8.764726328312669,404.2813150243864,-0.623251280782349
8,605,2,2,3,-1.854459596569739,-2.0529514251836596,392.7124228419715
8,606,2,1,2,-8.764726328312669,403.33171338330294,-0.623251280782349
8,607,2,2,3,-1.854459596569739,-2.0529514251836596,392.2197104191295
8,608,2,2,3,-1.854459596569739,-2.0529514251836596,391.7274907087104
8,609,2,2,3,-1.854459596569739,-2.0529514251836596,392.38458126278636
8,610,2,1,2,-8.764726328312669,402.5446155899885,-0.623251280782349
8,611,2,2,3,-1.854459596569739,-2.0529514251836596,391.89219668152356
8,612,2,2,3,-1.854459596569739,-2.0529514251836596,391.400304484842
8,613,2,2,3,-1.854459596569739,-2.0529514251836596,392.03430504653136
8,614,1,2,1,401.40258720118436,-1.5657700518764335,-0.5649019525675409
8,615,2,2,3,-1.854459596569739,-2.0529514251836596,392.46973067479547
8,616,1,2,1,400.3168318178707,-1.5657700518764335,-0.5649019525675409
8,617,2,2,3,-1.854459596569739,-2.0529514251836596,392.7541239572851
8,618,1,2,1,399.4678069078549,-1.5657700518764335,-0.5649019525675409
8,619,2,2,3,-1.854459596569739,-2.0529514251836596,393.23062850496547
8,620,2,1,2,-8.764726328312669,402.0199862529812,-0.623251280782349
8,621,2,2,3,-1.854459596569739,-2.0529514251836596,393.35487853834655
8,622,1,2,1,398.8631591923657,-1.5657700518764335,-0.5649019525675409
8,623,2,2,3,-1.854459596569739,-2.0529514251836596,393.4068434445561
8,624,1,2,1,398.4241207741402,-1.5657700518764335,-0.5649019525675409
8,625,2,2,3,-1.854459596569739,-2.0529514251836596,392.9134366011115
8,626,2,2,3,-1.854459596569739,-2.0529514251836596,392.4205231645104
8,627,2,2,3,-1.854459596569739,-2.0529514251836596,392.87844948710455
8,628,2,1,2,-8.764726328312669,409.30293727354746,-0.623251280782349
8,629,2,0,2,-1.53565384476972,380.5763269161725,-0.6300840498404277
8,630,2,2,3,-1.854459596569739,-2.0529514251836596,394.01159532847527
8,631,2,1,2,-8.764726328312669,407.9166315028326,-0.623251280782349
8,632,1,2,1,399.56545521550663,-1.5657700518764335,-0.5649019525675409
8,633,2,1,2,-8.764726328312669,407.7087148713298,-0.623251280782349
8,634,2,1,2,-8.764726328312669,407.6010061564585,-0.623251280782349
8,635,2,1,2,-8.764726328312669,407.59340515030203,-0.623251280782349
8,636,2,1,2,-8.764726328312669,407.68581174515174,-0.623251280782349
8,637,2,1,2,-8.764726328312669,406.5243785081556,-0.623251280782349
8,638,2,2,3,-1.854459596569739,-2.0529514251836596,393.5175837331468
8,639,2,2,3,-1.854459596569739,-2.0529514251836596,393.02406614941367
8,640,2,2,3,-1.854459596569739,-2.0529514251836596,392.53104208326425
8,641,2,2,3,-1.854459596569739,-2.0529514251836596,392.734917941273
8,642,1,2,1,399.189666570142,-1.5657700518764335,-0.5649019525675409
8,643,2,2,3,-1.854459596569739,-2.0529514251836596,393.6073396194531
8,644,2,1,2,-8.764726328312669,405.5390672796659,-0.623251280782349
8,645,2,2,3,-1.854459596569739,-2.0529514251836596,393.11373227983364
8,646,2,2,3,-1.854459596569739,-2.0529514251836596,392.6206185475538
8,647,2,2,3,-1.854459596569739,-2.0529514251836596,392.7783336832425
8,648,1,2,1,398.9557549477688,-1.5657700518764335,-0.5649019525675409
8,649,2,2,3,-1.854459596569739,-2.0529514251836596,392.2855553495593
8,650,2,2,3,-1.854459596569739,-2.0529514251836596,391.7932697942097
8,651,2,2,3,-1.854459596569739,-2.0529514251836596,392.6623104754757
8,652,2,1,2,-8.764726328312669,404.65872928877144,-0.623251280782349
8,653,2,2,3,-1.854459596569739,-2.0529514251836596,392.16964816500024
8,654,2,2,3,-1.854459596569739,-2.0529514251836596,391.6774785168352
8,655,2,2,3,-1.854459596569739,-2.0529514251836596,391.9063504049808
8,656,1,2,1,407.02023033228096,-1.5657700518764335,-0.5649019525675409
8,657,0,2,1,386.2954653418872,-1.9014646570958402,-0.6663679920857718
8,658,1,2,1,406.7132101019487,-1.5657700518764335,-0.5649019525675409
8,659,1,2,1,406.5064968918467,-1.5657700518764335,-0.5649019525675409
8,660,1,2,1,406.3999903949549,-1.5657700518764335,-0.5649019525675409
8,661,1,2,1,406.39359040456,-1.5657700518764335,-0.5649019525675409
8,662,1,2,1,406.4871968141554,-1.5657700518764335,-0.5649019525675409
8,663,1,2,1,406.6807096173413,-1.5657700518764335,-0.5649019525675409
8,664,1,2,1,406.97402890772395,-1.5657700518764335,-0.5649019525675409
8,665,1,2,1,407.36705487881625,-1.5657700518764335,-0.5649019525675409
8,666,1,2,1,414.77360045978145,-1.5657700518764335,-0.5649019525675409
8,667,0,2,1,386.4646474977916,-1.9014646570958402,-0.6663679920857718
8,668,2,2,3,-1.854459596569739,-2.0529514251836596,392.6769295640711
8,669,2,1,2,-8.764726328312669,411.7699127245954,-0.623251280782349
8,670,2,0,2,-1.53565384476972,381.39371025139826,-0.6300840498404277
8,671,2,2,3,-1.854459596569739,-2.0529514251836596,394.3718230531823
8,672,1,2,1,412.43905089606835,-1.5657700518764335,-0.5649019525675409
8,673,2,2,3,-1.854459596569739,-2.0529514251836596,395.66610678657486
8,674,1,2,1,410.56609037833243,-1.5657700518764335,-0.5649019525675409
8,675,2,2,3,-1.854459596569739,-2.0529514251836596,396.6455390553723
8,676,1,2,1,409.077389706981,-1.5657700518764335,-0.5649019525675409
8,677,2,2,3,-1.854459596569739,-2.0529514251836596,397.64620650957
8,678,2,1,2,-8.764726328312669,410.05989589658327,-0.623251280782349
8,679,2,2,3,-1.854459596569739,-2.0529514251836596,398.37751555237475
8,680,2,1,2,-8.764726328312669,408.69328034661004,-0.623251280782349
8,681,2,2,3,-1.854459596569739,-2.0529514251836596,398.9384255781284
8,682,1,2,1,408.06455486851763,-1.5657700518764335,-0.5649019525675409
8,683,2,2,3,-1.854459596569739,-2.0529514251836596,399.40521777462993
8,684,2,1,2,-8.764726328312669,407.6650688716374,-0.623251280782349
8,685,2,2,3,-1.854459596569739,-2.0529514251836596,398.9058125568553
8,686,2,2,3,-1.854459596569739,-2.0529514251836596,398.40690674429845
8,687,2,2,3,-1.854459596569739,-2.0529514251836596,398.8250578881607
8,688,2,1,2,-8.764726328312669,406.7822427154016,-0.623251280782349
8,689,2,2,3,-1.854459596569739,-2.0529514251836596,398.32623283027255
8,690,2,2,3,-1.854459596569739,-2.0529514251836596,397.8279065974423
8,691,2,2,3,-1.854459596569739,-2.0529514251836596,397.33007869084486
8,692,2,2,3,-1.854459596569739,-2.0529514251836596,396.83274861215403
8,693,2,2,3,-1.854459596569739,-2.0529514251836596,396.33591586354186
8,694,2,2,3,-1.854459596569739,-2.0529514251836596,395.8395799476783
8,695,2,2,3,-1.854459596569739,-2.0529514251836596,396.5540128848937
8,696,1,2,1,407.01694665727035,-1.5657700518764335,-0.5649019525675409
8,697,2,2,3,-1.854459596569739,-2.0529514251836596,397.0932893154741
8,698,1,2,1,406.22748763377524,-1.5657700518764335,-0.5649019525675409
8,699,2,2,3,-1.854459596569739,-2.0529514251836596,397.55540241275145
8,700,2,1,2,-8.764726328312669,405.9620032827238,-0.623251280782349
8,701,2,2,3,-1.854459596569739,-2.0529514251836596,397.91638344722
8,702,1,2,1,405.6984608316725,-1.5657700518764335,-0.5649019525675409
8,703,2,2,3,-1.854459596569739,-2.0529514251836596,397.4184670637728
8,704,2,2,3,-1.854459596569739,-2.0529514251836596,396.92104859670906
8,705,2,2,3,-1.854459596569739,-2.0529514251836596,397.2930913593737
8,706,1,2,1,405.26063079308324,-1.5657700518764335,-0.5649019525675409
8,707,2,2,3,-1.854459596569739,-2.0529514251836596,397.654020548426
8,708,2,1,2,-8.764726328312669,405.33355098874557,-0.623251280782349
8,709,2,2,3,-1.854459596569739,-2.0529514251836596,397.1563665278776
8,710,2,2,3,-1.854459596569739,-2.0529514251836596,396.65921016134973
8,711,2,2,3,-1.854459596569739,-2.0529514251836596,397.0213106931006
8,712,2,1,2,-8.764726328312669,404.805305648488,-0.623251280782349
8,713,2,2,3,-1.854459596569739,-2.0529514251836596,397.33998207230576
8,714,1,2,1,412.8945678160563,-1.5657700518764335,-0.5649019525675409
8,715,0,2,1,387.1548409731707,-1.9014646570958402,-0.6663679920857718
8,716,2,2,3,-1.854459596569739,-2.0529514251836596,398.3825460788648
8,717,1,2,1,411.78083629365096,-1.5657700518764335,-0.5649019525675409
8,718,2,1,2,-8.764726328312669,405.89107787671065,-0.623251280782349
8,719,1,2,1,411.5690554573573,-1.5657700518764335,-0.5649019525675409
8,720,1,2,1,411.4574864018999,-1.5657700518764335,-0.5649019525675409
8,721,1,2,1,411.446028915498,-1.5657700518764335,-0.5649019525675409
8,722,1,2,1,411.5345828865825,-1.5657700518764335,-0.5649019525675409
8,723,1,2,1,410.4209966597318,-1.5657700518764335,-0.5649019525675409
8,724,2,2,3,-1.854459596569739,-2.0529514251836596,399.07597014029176
8,725,1,2,1,410.7105756630721,-1.5657700518764335,-0.5649019525675409
8,726,1,2,1,411.09986508740906,-1.5657700518764335,-0.5649019525675409
8,727,1,2,1,418.21820783501204,-1.5657700518764335,-0.5649019525675409
8,728,0,2,1,389.8429594515198,-1.9014646570958402,-0.6663679920857718
8,729,1,2,1,416.00490809539974,-1.5657700518764335,-0.5649019525675409
8,730,2,2,3,-1.854459596569739,-2.0529514251836596,400.25285902770713
8,731,1,2,1,414.2294503296028,-1.5657700518764335,-0.5649019525675409
8,732,2,2,3,-1.854459596569739,-2.0529514251836596,399.75260616867945
8,733,2,2,3,-1.854459596569739,-2.0529514251836596,399.2528535625108
8,734,2,2,3,-1.854459596569739,-2.0529514251836596,398.7536007089483
8,735,2,2,3,-1.854459596569739,-2.0529514251836596,398.25484710823935
8,736,2,2,3,-1.854459596569739,-2.0529514251836596,397.7565922611311
8,737,2,2,3,-1.854459596569739,-2.0529514251836596,398.8896486176487
8,738,1,2,1,412.59658050978976,-1.5657700518764335,-0.5649019525675409
8,739,2,2,3,-1.854459596569739,-2.0529514251836596,399.747745226353
8,740,1,2,1,411.31194923621973,-1.5657700518764335,-0.5649019525675409
8,741,2,2,3,-1.854459596569739,-2.0529514251836596,399.8561874135121
8,742,2,1,2,-8.764726328312669,412.959947403928,-0.623251280782349
8,743,2,0,2,-1.53565384476972,384.1373740192473,-0.6300840498404277
8,744,2,1,2,-8.764726328312669,412.6469874565241,-0.623251280782349
8,745,2,1,2,-8.764726328312669,411.1680512648094,-0.623251280782349
8,746,2,2,3,-1.854459596569739,-2.0529514251836596,400.476205747377
8,747,2,1,2,-8.764726328312669,409.99839050731873,-0.623251280782349
8,748,2,2,3,-1.854459596569739,-2.0529514251836596,400.9184258328638
8,749,2,1,2,-8.764726328312669,409.0894756140404,-0.623251280782349
8,750,2,2,3,-1.854459596569739,-2.0529514251836596,400.41750740703094
8,751,2,2,3,-1.854459596569739,-2.0529514251836596,399.91708989962393
8,752,2,2,3,-1.854459596569739,-2.0529514251836596,399.4171728097243
8,753,2,2,3,-1.854459596569739,-2.0529514251836596,400.09533850313767
8,754,1,2,1,410.2901928244084,-1.5657700518764335,-0.5649019525675409
8,755,2,2,3,-1.854459596569739,-2.0529514251836596,400.6045337424403
8,756,1,2,1,409.52102238246914,-1.5657700518764335,-0.5649019525675409
8,757,2,2,3,-1.854459596569739,-2.0529514251836596,400.9439384539863
8,758,2,1,2,-8.764726328312669,408.373977959581,-0.623251280782349
8,759,2,2,3,-1.854459596569739,-2.0529514251836596,400.4429945155323
8,760,2,2,3,-1.854459596569739,-2.0529514251836596,399.94255152101675
8,761,2,2,3,-1.854459596569739,-2.0529514251836596,399.4426089694957
8,762,2,2,3,-1.854459596569739,-2.0529514251836596,398.9431663605262
8,763,2,2,3,-1.854459596569739,-2.0529514251836596,398.4442231941657
8,764,2,2,3,-1.854459596569739,-2.0529514251836596,397.94577897097156
8,765,2,2,3,-1.854459596569739,-2.0529514251836596,398.4802248918729
8,766,2,1,2,-8.764726328312669,407.5861224279183,-0.623251280782349
8,767,2,2,3,-1.854459596569739,-2.0529514251836596,397.98174466698106
8,768,2,2,3,-1.854459596569739,-2.0529514251836596,397.4837629223141
8,769,2,2,3,-1.854459596569739,-2.0529514251836596,398.17796784594714
8,770,1,2,1,408.688538960971,-1.5657700518764335,-0.5649019525675409
8,771,2,2,3,-1.854459596569739,-2.0529514251836596,398.72033641848856
8,772,1,2,1,408.09299837030426,-1.5657700518764335,-0.5649019525675409
8,773,2,2,3,-1.854459596569739,-2.0529514251836596,398.22161608207006
8,774,2,2,3,-1.854459596569739,-2.0529514251836596,397.723394465988
8,775,2,2,3,-1.854459596569739,-2.0529514251836596,397.225671071522
8,776,2,2,3,-1.854459596569739,-2.0529514251836596,396.7284454004505
8,777,2,2,3,-1.854459596569739,-2.0529514251836596,397.35680769906554
8,778,1,2,1,415.7781515189743,-1.5657700518764335,-0.5649019525675409
8,779,0,2,1,390.1969874685753,-1.9014646570958402,-0.6663679920857718
8,780,2,2,3,-1.854459596569739,-2.0529514251836596,398.68316392953744
8,781,1,2,1,413.7699695961011,-1.5657700518764335,-0.5649019525675409
8,782,2,2,3,-1.854459596569739,-2.0529514251836596,399.6780745265977
8,783,1,2,1,413.55619962650496,-1.5657700518764335,-0.5649019525675409
8,784,1,2,1,413.4426434268785,-1.5657700518764335,-0.5649019525675409
8,785,1,2,1,412.84940520455456,-1.5657700518764335,-0.5649019525675409
8,786,2,1,2,-8.764726328312669,408.3996013003774,-0.623251280782349
8,787,1,2,1,412.93655579935,-1.5657700518764335,-0.5649019525675409
8,788,1,2,1,413.12361924355065,-1.5657700518764335,-0.5649019525675409
8,789,1,2,1,413.4104956243071,-1.5657700518764335,-0.5649019525675409
8,790,1,2,1,413.7970851286828,-1.5657700518764335,-0.5649019525675409
8,791,1,2,1,420.9468783752035,-1.5657700518764335,-0.5649019525675409
8,792,0,2,1,392.8510296808629,-1.9014646570958402,-0.6663679920857718
8,793,1,2,1,418.5203199158163,-1.5657700518764335,-0.5649019525675409
8,794,2,2,3,-1.854459596569739,-2.0529514251836596,401.04377874560373
8,795,1,2,1,418.3017995959005,-1.5657700518764335,-0.5649019525675409
8,796,1,2,1,418.1834977963046,-1.5657700518764335,-0.5649019525675409
8,797,1,2,1,418.1653142985083,-1.5657700518764335,-0.5649019525675409
8,798,1,2,1,416.55211696447225,-1.5657700518764335,-0.5649019525675409
8,799,2,2,3,-1.854459596569739,-2.0529514251836596,402.0780604505261
8,800,1,2,1,415.3026332526271,-1.5657700518764335,-0.5649019525675409
8,801,2,2,3,-1.854459596569739,-2.0529514251836596,402.20181493421086
8,802,2,1,2,-8.764726328312669,408.17762084882656,-0.623251280782349
8,803,2,2,3,-1.854459596569739,-2.0529514251836596,401.69961311927665
8,804,2,2,3,-1.854459596569739,-2.0529514251836596,401.19791350615736
8,805,2,2,3,-1.854459596569739,-2.0529514251836596,401.38770661957545
8,806,2,1,2,-8.764726328312669,415.28945879184937,-0.623251280782349
8,807,2,0,2,-1.53565384476972,386.83859730933267,-0.6300840498404277
8,808,1,2,1,415.58602634775747,-1.5657700518764335,-0.5649019525675409
8,809,2,1,2,-8.764726328312669,415.00352952109245,-0.623251280782349
8,810,1,2,1,415.91277313556986,-1.5657700518764335,-0.5649019525675409
8,811,2,1,2,-8.764726328312669,414.78852599157136,-0.623251280782349
8,812,2,1,2,-8.764726328312669,414.6737374655798,-0.623251280782349
8,813,2,1,2,-8.764726328312669,414.78172825944324,-0.623251280782349
8,814,1,2,1,423.1137477604183,-1.5657700518764335,-0.5649019525675409
8,815,0,2,1,395.45418774105804,-1.9014646570958402,-0.6663679920857718
8,816,1,2,1,420.6397559397144,-1.5657700518764335,-0.5649019525675409
8,817,2,2,3,-1.854459596569739,-2.0529514251836596,402.2123270553028
8,818,2,1,2,-8.764726328312669,413.6225758119739,-0.623251280782349
8,819,2,2,3,-1.854459596569739,-2.0529514251836596,402.83972935515794
8,820,2,1,2,-8.764726328312669,412.74145143693715,-0.623251280782349
8,821,2,2,3,-1.854459596569739,-2.0529514251836596,404.0990922576739
8,822,1,2,1,418.78159047925266,-1.5657700518764335,-0.5649019525675409
8,823,2,2,3,-1.854459596569739,-2.0529514251836596,404.45058672416326
8,824,2,1,2,-8.764726328312669,412.2079143789356,-0.623251280782349
8,825,2,2,3,-1.854459596569739,-2.0529514251836596,404.71411157526154
8,826,2,1,2,-8.764726328312669,411.8538199869929,-0.623251280782349
8,827,2,2,3,-1.854459596569739,-2.0529514251836596,405.6020778751814
8,828,1,2,1,417.35803714097034,-1.5657700518764335,-0.5649019525675409
8,829,2,2,3,-1.854459596569739,-2.0529514251836596,406.26031576461935
8,830,1,2,1,416.2420046875706,-1.5657700518764335,-0.5649019525675409
8,831,2,2,3,-1.854459596569739,-2.0529514251836596,406.3078123668697
8,832,2,1,2,-8.764726328312669,418.8654591219175,-0.623251280782349
8,833,2,0,2,-1.53565384476972,389.3626960424689,-0.6300840498404277
8,834,1,2,1,416.58548467188336,-1.5657700518764335,-0.5649019525675409
8,835,2,1,2,-8.764726328312669,418.5465936627956,-0.623251280782349
8,836,2,1,2,-8.764726328312669,418.3280470691328,-0.623251280782349
8,837,2,1,2,-8.764726328312669,418.20971902206367,-0.623251280782349
8,838,2,1,2,-8.764726328312669,418.1915093030416,-0.623251280782349
8,839,2,1,2,-8.764726328312669,418.27331779373856,-0.623251280782349
8,840,2,1,2,-8.764726328312669,418.28794899688114,-0.623251280782349
8,841,1,2,1,416.7688991872115,-1.5657700518764335,-0.5649019525675409
8,842,1,2,1,417.0521302880243,-1.5657700518764335,-0.5649019525675409
8,843,1,2,1,416.37139068354196,-1.5657700518764335,-0.5649019525675409
8,844,2,2,3,-1.854459596569739,-2.0529514251836596,405.80150455450286
8,845,2,2,3,-1.854459596569739,-2.0529514251836596,405.2957030499484
8,846,2,2,3,-1.854459596569739,-2.0529514251836596,405.8869004226242
8,847,1,2,1,423.7842162015525,-1.5657700518764335,-0.5649019525675409
8,848,0,2,1,397.8634063709059,-1.9014646570958402,-0.6663679920857718
8,849,1,2,1,423.46043198535097,-1.5657700518764335,-0.5649019525675409
8,850,1,2,1,423.2369715533656,-1.5657700518764335,-0.5649019525675409
8,851,1,2,1,422.6237813487203,-1.5657700518764335,-0.5649019525675409
8,852,2,1,2,-8.764726328312669,418.9989084507163,-0.623251280782349
8,853,1,2,1,420.94420635568804,-1.5657700518764335,-0.5649019525675409
8,854,2,2,3,-1.854459596569739,-2.0529514251836596,406.8716868095749
8,855,1,2,1,419.63008271426713,-1.5657700518764335,-0.5649019525675409
8,856,2,2,3,-1.854459596569739,-2.0529514251836596,406.3648151227653
8,857,2,2,3,-1.854459596569739,-2.0529514251836596,405.85845030764256
8,858,2,2,3,-1.854459596569739,-2.0529514251836596,406.71598346559074
8,859,1,2,1,418.5319568059339,-1.5657700518764335,-0.5649019525675409
8,860,2,2,3,-1.854459596569739,-2.0529514251836596,406.20926748212514
8,861,2,2,3,-1.854459596569739,-2.0529514251836596,405.703058214643
8,862,2,2,3,-1.854459596569739,-2.0529514251836596,406.46741611696615
8,863,1,2,1,417.61903532092015,-1.5657700518764335,-0.5649019525675409
8,864,2,2,3,-1.854459596569739,-2.0529514251836596,407.0649590020406
8,865,1,2,1,416.95656273003016,-1.5657700518764335,-0.5649019525675409
8,866,2,2,3,-1.854459596569739,-2.0529514251836596,407.73935503845746
8,867,2,1,2,-8.764726328312669,418.26521375445196,-0.623251280782349
8,868,2,2,3,-1.854459596569739,-2.0529514251836596,408.1441192448847
8,869,1,2,1,424.54938368774685,-1.5657700518764335,-0.5649019525675409
8,870,0,2,1,400.10745471890226,-1.9014646570958402,-0.6663679920857718
8,871,1,2,1,424.22483430405913,-1.5657700518764335,-0.5649019525675409
8,872,1,2,1,422.4086186788968,-1.5657700518764335,-0.5649019525675409
8,873,2,2,3,-1.854459596569739,-2.0529514251836596,409.048160569607
8,874,1,2,1,422.2862100602179,-1.5657700518764335,-0.5649019525675409
8,875,1,2,1,420.9533569505872,-1.5657700518764335,-0.5649019525675409
8,876,2,2,3,-1.854459596569739,-2.0529514251836596,408.5391124090374
8,877,2,2,3,-1.854459596569739,-2.0529514251836596,408.03057329662835
8,878,2,2,3,-1.854459596569739,-2.0529514251836596,408.8018983050736
8,879,1,2,1,419.8294091877308,-1.5657700518764335,-0.5649019525675409
8,880,2,2,3,-1.854459596569739,-2.0529514251836596,409.3848199841516
8,881,1,2,1,418.9755654473887,-1.5657700518764335,-0.5649019525675409
8,882,2,2,3,-1.854459596569739,-2.0529514251836596,409.8249189650279
8,883,1,2,1,418.3506758801876,-1.5657700518764335,-0.5649019525675409
8,884,2,2,3,-1.854459596569739,-2.0529514251836596,410.15068323021586
8,885,2,1,2,-8.764726328312669,424.88559928721116,-0.623251280782349
8,886,2,0,2,-1.53565384476972,391.84314335036055,-0.6300840498404277
8,887,1,2,1,419.3792826216028,-1.5657700518764335,-0.5649019525675409
8,888,2,1,2,-8.764726328312669,423.1019569982814,-0.623251280782349
8,889,2,2,3,-1.854459596569739,-2.0529514251836596,410.9227086500241
8,890,2,1,2,-8.764726328312669,421.6731094548057,-0.623251280782349
8,891,2,2,3,-1.854459596569739,-2.0529514251836596,411.24898676456036
8,892,1,2,1,426.9519923766138,-1.5657700518764335,-0.5649019525675409
8,893,0,2,1,400.8103589367035,-1.9014646570958402,-0.6663679920857718
8,894,2,2,3,-1.854459596569739,-2.0529514251836596,411.76972592413006
8,895,2,1,2,-8.764726328312669,420.571001375814,-0.623251280782349
8,896,2,2,3,-1.854459596569739,-2.0529514251836596,412.1292824679226
8,897,2,1,2,-8.764726328312669,419.7147002025569,-0.623251280782349
8,898,2,2,3,-1.854459596569739,-2.0529514251836596,413.0846014664151
8,899,1,2,1,425.2521686841275,-1.5657700518764335,-0.5649019525675409
8,900,2,2,3,-1.854459596569739,-2.0529514251836596,413.2278966398267
8,901,2,1,2,-8.764726328312669,419.1527919496441,-0.623251280782349
8,902,2,2,3,-1.854459596569739,-2.0529514251836596,412.7146687431869
8,903,2,2,3,-1.854459596569739,-2.0529514251836596,412.20195407444373
8,904,2,2,3,-1.854459596569739,-2.0529514251836596,412.981723366728
8,905,1,2,1,423.81214242902087,-1.5657700518764335,-0.5649019525675409
8,906,2,2,3,-1.854459596569739,-2.0529514251836596,413.54095313052824
8,907,1,2,1,422.6714825460411,-1.5657700518764335,-0.5649019525675409
8,908,2,2,3,-1.854459596569739,-2.0529514251836596,413.5829842204902
8,909,2,1,2,-8.764726328312669,418.7822281925082,-0.623251280782349
8,910,2,2,3,-1.854459596569739,-2.0529514251836596,413.0694012362697
8,911,2,2,3,-1.854459596569739,-2.0529514251836596,412.5563318350334
8,912,2,2,3,-1.854459596569739,-2.0529514251836596,412.6601392425884
8,913,2,1,2,-8.764726328312669,418.4573591582737,-0.623251280782349
8,914,2,2,3,-1.854459596569739,-2.0529514251836596,412.72140387499866
8,915,2,1,2,-8.764726328312669,418.2710422260712,-0.623251280782349
8,916,2,2,3,-1.854459596569739,-2.0529514251836596,412.75809666787984
8,917,2,1,2,-8.764726328312669,425.1364091951498,-0.623251280782349
8,918,2,0,2,-1.53565384476972,394.50330578738254,-0.6300840498404277
8,919,1,2,1,422.8928388017568,-1.5657700518764335,-0.5649019525675409
8,920,2,1,2,-8.764726328312669,423.5858198457549,-0.623251280782349
8,921,2,2,3,-1.854459596569739,-2.0529514251836596,413.3172831658216
8,922,2,1,2,-8.764726328312669,422.34564889459574,-0.623251280782349
8,923,2,2,3,-1.854459596569739,-2.0529514251836596,412.8039658826558
8,924,2,2,3,-1.854459596569739,-2.0529514251836596,413.28996033576414
8,925,1,2,1,422.01926099482176,-1.5657700518764335,-0.5649019525675409
8,926,2,2,3,-1.854459596569739,-2.0529514251836596,413.6408711406751
8,927,1,2,1,421.3677811382664,-1.5657700518764335,-0.5649019525675409
8,928,2,2,3,-1.854459596569739,-2.0529514251836596,413.1272302695344
8,929,2,2,3,-1.854459596569739,-2.0529514251836596,412.6141030392648
8,930,2,2,3,-1.854459596569739,-2.0529514251836596,412.10148893622556
8,931,2,2,3,-1.854459596569739,-2.0529514251836596,411.58938744728937
8,932,2,2,3,-1.854459596569739,-2.0529514251836596,411.07779805984205
8,933,2,2,3,-1.854459596569739,-2.0529514251836596,410.5667202617822
8,934,2,2,3,-1.854459596569739,-2.0529514251836596,411.222267476169
8,935,2,1,2,-8.764726328312669,421.1220884852769,-0.623251280782349
8,936,2,2,3,-1.854459596569739,-2.0529514251836596,411.71545106124046
8,937,1,2,1,420.6908326795026,-1.5657700518764335,-0.5649019525675409
8,938,2,2,3,-1.854459596569739,-2.0529514251836596,412.13499271515883
8,939,2,1,2,-8.764726328312669,420.2112439155499,-0.623251280782349
8,940,2,2,3,-1.854459596569739,-2.0529514251836596,411.62285772244365
8,941,2,2,3,-1.854459596569739,-2.0529514251836596,411.1112348647212
8,942,2,2,3,-1.854459596569739,-2.0529514251836596,410.6001236298565
8,943,2,2,3,-1.854459596569739,-2.0529514251836596,410.08952350622667
8,944,2,2,3,-1.854459596569739,-2.0529514251836596,409.57943398272045
8,945,2,2,3,-1.854459596569739,-2.0529514251836596,409.06985454873774
8,946,2,2,3,-1.854459596569739,-2.0529514251836596,409.6637822415034
8,947,2,1,2,-8.764726328312669,419.24683396590376,-0.623251280782349
8,948,2,2,3,-1.854459596569739,-2.0529514251836596,410.1028405799775
8,949,2,1,2,-8.764726328312669,418.5223317867312,-0.623251280782349
8,950,2,2,3,-1.854459596569739,-2.0529514251836596,410.42626736886615
8,951,2,1,2,-8.764726328312669,418.0022990775758,-0.623251280782349
8,952,2,2,3,-1.854459596569739,-2.0529514251836596,410.9320330672503
8,953,1,2,1,420.1040206852101,-1.5657700518764335,-0.5649019525675409
8,954,2,2,3,-1.854459596569739,-2.0529514251836596,411.3291278083611
8,955,1,2,1,427.67384415142277,-1.5657700518764335,-0.5649019525675409
8,956,0,2,1,403.069033614024,-1.9014646570958402,-0.6663679920857718
8,957,1,2,1,427.34617030727134,-1.5657700518764335,-0.5649019525675409
8,958,1,2,1,425.5331369295719,-1.5657700518764335,-0.5649019525675409
8,959,2,2,3,-1.854459596569739,-2.0529514251836596,412.2239955835526
8,960,1,2,1,424.66205084529474,-1.5657700518764335,-0.5649019525675409
8,961,2,1,2,-8.764726328312669,419.0436122035024,-0.623251280782349
8,962,1,2,1,424.08116336891203,-1.5657700518764335,-0.5649019525675409
8,963,2,1,2,-8.764726328312669,413.7760516498168,-0.623251280782349
8,964,1,0,1,282.6176515153565,8.926262106749988,17.78679373987269
8,965,2,0,2,-1.53565384476972,397.03701038216656,-0.6300840498404277
8,966,1,2,1,423.0832225947925,-1.5657700518764335,-0.5649019525675409
8,967,2,2,3,-1.854459596569739,-2.0529514251836596,412.7868350620818
8,968,1,2,1,422.4387294486451,-1.5657700518764335,-0.5649019525675409
8,969,2,1,2,-8.764726328312669,414.31988070025096,-0.623251280782349
8,970,1,2,1,422.01252469310543,-1.5657700518764335,-0.5649019525675409
8,971,2,1,2,-8.764726328312669,414.1055608195507,-0.623251280782349
8,972,2,1,2,-8.764726328312669,414.77424468221307,-0.623251280782349
8,973,1,2,1,429.61510655158327,-1.5657700518764335,-0.5649019525675409
8,974,0,2,1,403.6280269237677,-1.9014646570958402,-0.6663679920857718
8,975,2,2,3,-1.854459596569739,-2.0529514251836596,412.27404822701976
8,976,2,2,3,-1.854459596569739,-2.0529514251836596,411.76177417879273
8,977,2,2,3,-1.854459596569739,-2.0529514251836596,411.2500124046139
8,978,2,2,3,-1.854459596569739,-2.0529514251836596,410.7387623922093
8,979,2,2,3,-1.854459596569739,-2.0529514251836596,410.22802362981713
8,980,2,2,3,-1.854459596569739,-2.0529514251836596,409.71779560618734
8,981,2,2,3,-1.854459596569739,-2.0529514251836596,409.20807781058113
8,982,2,2,3,-1.854459596569739,-2.0529514251836596,408.69886973277056
8,983,2,2,3,-1.854459596569739,-2.0529514251836596,408.1901708630378
8,984,2,2,3,-1.854459596569739,-2.0529514251836596,407.68198069217476
8,985,2,2,3,-1.854459596569739,-2.0529514251836596,407.87643284649636
8,986,2,1,2,-8.764726328312669,414.0765870657949,-0.623251280782349
8,987,2,2,3,-1.854459596569739,-2.0529514251836596,407.9823716813604
8,988,2,1,2,-8.764726328312669,413.5591831556701,-0.623251280782349
8,989,2,2,3,-1.854459596569739,-2.0529514251836596,407.47438930967905
8,990,2,2,3,-1.854459596569739,-2.0529514251836596,406.9669149203694
8,991,2,2,3,-1.854459596569739,-2.0529514251836596,406.459948005449
8,992,2,2,3,-1.854459596569739,-2.0529514251836596,405.95348805744356
8,993,2,2,3,-1.854459596569739,-2.0529514251836596,405.4475345693861
8,994,2,2,3,-1.854459596569739,-2.0529514251836596,404.9420870348167
8,995,2,2,3,-1.854459596569739,-2.0529514251836596,405.2902374637464
8,996,2,1,2,-8.764726328312669,412.92699834901396,-0.623251280782349
8,997,2,2,3,-1.854459596569739,-2.0529514251836596,407.1931092659785
8,998,1,2,1,427.0657137137568,-1.5657700518764335,-0.5649019525675409
8,999,2,2,3,-1.854459596569739,-2.0529514251836596,406.6859161567125
8,1000,2,2,3,-1.854459596569739,-2.0529514251836596,406.1792302405558
8,1001,2,2,3,-1.854459596569739,-2.0529514251836596,405.67305101031525
8,1002,2,2,3,-1.854459596569739,-2.0529514251836596,405.16737795930493
8,1003,2,2,3,-1.854459596569739,-2.0529514251836596,405.43041299992683
8,1004,2,1,2,-8.764726328312669,412.47190940110534,-0.623251280782349
8,1005,2,2,3,-1.854459596569739,-2.0529514251836596,404.9249825869269
8,1006,2,2,3,-1.854459596569739,-2.0529514251836596,404.42005760433995
8,1007,2,2,3,-1.854459596569739,-2.0529514251836596,404.7127708746154
8,1008,2,1,2,-8.764726328312669,412.09128277758174,-0.623251280782349
8,1009,2,2,3,-1.854459596569739,-2.0529514251836596,404.9385307821344
8,1010,2,1,2,-8.764726328312669,420.0888185276581,-0.623251280782349
8,1011,2,0,2,-1.53565384476972,398.9221023781881,-0.6300840498404277
8,1012,2,1,2,-8.764726328312669,419.7687297091304,-0.623251280782349
8,1013,2,1,2,-8.764726328312669,419.5489609794213,-0.623251280782349
8,1014,2,1,2,-8.764726328312669,419.42941201844184,-0.623251280782349
8,1015,2,1,2,-8.764726328312669,417.97538536402897,-0.623251280782349
8,1016,2,2,3,-1.854459596569739,-2.0529514251836596,405.7242408549598
8,1017,2,1,2,-8.764726328312669,416.8445466722671,-0.623251280782349
8,1018,2,2,3,-1.854459596569739,-2.0529514251836596,406.3194268900183
8,1019,2,1,2,-8.764726328312669,417.02770212559483,-0.623251280782349
8,1020,2,1,2,-8.764726328312669,417.3106744234692,-0.623251280782349
8,1021,2,1,2,-8.764726328312669,418.6591126387842,-0.623251280782349
8,1022,1,2,1,426.00639449362075,-1.5657700518764335,-0.5649019525675409
8,1023,2,1,2,-8.764726328312669,414.6723488749261,-0.623251280782349
8,1024,1,0,1,294.14917449926145,8.926262106749988,17.78679373987269
8,1025,2,0,2,-1.53565384476972,400.08245467898695,-0.6300840498404277
8,1026,2,1,2,-8.764726328312669,414.3576765260512,-0.623251280782349
8,1027,2,1,2,-8.764726328312669,413.3475321355579,-0.623251280782349
8,1028,2,2,3,-1.854459596569739,-2.0529514251836596,406.5088898824367
8,1029,2,1,2,-8.764726328312669,414.4874119768706,-0.623251280782349
8,1030,1,2,1,424.84000882996884,-1.5657700518764335,-0.5649019525675409
8,1031,2,1,2,-8.764726328312669,414.47292456489373,-0.623251280782349
8,1032,2,1,2,-8.764726328312669,414.5584516403288,-0.623251280782349
8,1033,2,1,2,-8.764726328312669,414.7438931886885,-0.623251280782349
8,1034,2,1,2,-8.764726328312669,414.2138839681809,-0.623251280782349
8,1035,2,2,3,-1.854459596569739,-2.0529514251836596,406.00238099255427
8,1036,2,2,3,-1.854459596569739,-2.0529514251836596,405.4963786115617
8,1037,2,2,3,-1.854459596569739,-2.0529514251836596,405.85391526325543
8,1038,2,1,2,-8.764726328312669,413.7720331824251,-0.623251280782349
8,1039,2,2,3,-1.854459596569739,-2.0529514251836596,407.2276846110968
8,1040,1,2,1,423.17154872347055,-1.5657700518764335,-0.5649019525675409
8,1041,2,2,3,-1.854459596569739,-2.0529514251836596,408.2988994736107
8,1042,1,2,1,421.875984899011,-1.5657700518764335,-0.5649019525675409
8,1043,2,2,3,-1.854459596569739,-2.0529514251836596,408.3324408113097
8,1044,2,1,2,-8.764726328312669,421.9029928774023,-0.623251280782349
8,1045,2,0,2,-1.53565384476972,400.4991208514079,-0.6300840498404277
8,1046,2,2,3,-1.854459596569739,-2.0529514251836596,409.1675930250416
8,1047,2,1,2,-8.764726328312669,421.5784160946642,-0.623251280782349
8,1048,1,2,1,422.1246496024816,-1.5657700518764335,-0.5649019525675409
8,1049,2,1,2,-8.764726328312669,421.35683767856955,-0.623251280782349
8,1050,2,1,2,-8.764726328312669,421.235480840891,-0.623251280782349
8,1051,2,1,2,-8.764726328312669,421.3022730674476,-0.623251280782349
8,1052,1,2,1,421.21977635171254,-1.5657700518764335,-0.5649019525675409
8,1053,2,2,3,-1.854459596569739,-2.0529514251836596,409.85159158135696
8,1054,1,2,1,428.9569733819943,-1.5657700518764335,-0.5649019525675409
8,1055,0,2,1,404.97414926506826,-1.9014646570958402,-0.6663679920857718
8,1056,2,1,2,-8.764726328312669,422.13878612552026,-0.623251280782349
8,1057,1,2,1,427.9530158702214,-1.5657700518764335,-0.5649019525675409
8,1058,2,1,2,-8.764726328312669,422.31664733939476,-0.623251280782349
8,1059,2,1,2,-8.764726328312669,421.3602901720096,-0.623251280782349
8,1060,2,2,3,-1.854459596569739,-2.0529514251836596,410.4811011502502
8,1061,2,1,2,-8.764726328312669,420.66189016868344,-0.623251280782349
8,1062,2,2,3,-1.854459596569739,-2.0529514251836596,411.7003396063771
8,1063,1,2,1,426.1160479042306,-1.5657700518764335,-0.5649019525675409
8,1064,2,2,3,-1.854459596569739,-2.0529514251836596,411.18863926677074
8,1065,2,2,3,-1.854459596569739,-2.0529514251836596,410.67745062750396
8,1066,2,2,3,-1.854459596569739,-2.0529514251836596,410.16677317687646
8,1067,2,2,3,-1.854459596569739,-2.0529514251836596,409.6566064036996
8,1068,2,2,3,-1.854459596569739,-2.0529514251836596,410.2364728900293
8,1069,2,1,2,-8.764726328312669,428.1451141161045,-0.623251280782349
8,1070,2,0,2,-1.53565384476972,402.63469750878596,-0.6300840498404277
8,1071,1,2,1,426.19080941130187,-1.5657700518764335,-0.5649019525675409
8,1072,2,1,2,-8.764726328312669,427.81696900198835,-0.623251280782349
8,1073,2,1,2,-8.764726328312669,427.58915203298636,-0.623251280782349
8,1074,2,1,2,-8.764726328312669,427.3231269614066,-0.623251280782349
8,1075,1,2,1,426.27671803935095,-1.5657700518764335,-0.5649019525675409
8,1076,2,1,2,-8.764726328312669,427.2958038344452,-0.623251280782349
8,1077,2,1,2,-8.764726328312669,427.36850803061077,-0.623251280782349
8,1078,2,1,2,-8.764726328312669,425.8450680436626,-0.623251280782349
8,1079,2,2,3,-1.854459596569739,-2.0529514251836596,409.72623641713926
8,1080,2,2,3,-1.854459596569739,-2.0529514251836596,409.21651018072214
8,1081,2,2,3,-1.854459596569739,-2.0529514251836596,408.7072936705414
8,1082,2,2,3,-1.854459596569739,-2.0529514251836596,408.1985863768708
8,1083,2,2,3,-1.854459596569739,-2.0529514251836596,409.4801228250795
8,1084,1,2,1,424.68757839509874,-1.5657700518764335,-0.5649019525675409
8,1085,2,2,3,-1.854459596569739,-2.0529514251836596,410.5907722788941
8,1086,2,1,2,-8.764726328312669,424.60904769490685,-0.623251280782349
8,1087,2,2,3,-1.854459596569739,-2.0529514251836596,411.4679907728005
8,1088,2,1,2,-8.764726328312669,423.6834740119234,-0.623251280782349
8,1089,2,2,3,-1.854459596569739,-2.0529514251836596,412.2652619566352
8,1090,1,2,1,423.63308148929576,-1.5657700518764335,-0.5649019525675409
8,1091,2,2,3,-1.854459596569739,-2.0529514251836596,411.75299669467853
8,1092,2,2,3,-1.854459596569739,-2.0529514251836596,411.24124369798386
8,1093,2,2,3,-1.854459596569739,-2.0529514251836596,411.9617832553659
8,1094,2,1,2,-8.764726328312669,431.0759616641009,-0.623251280782349
8,1095,2,0,2,-1.53565384476972,404.3109028253476,-0.6300840498404277
8,1096,1,2,1,424.64629354511214,-1.5657700518764335,-0.5649019525675409
8,1097,2,1,2,-8.764726328312669,430.10834855865687,-0.623251280782349
8,1098,1,2,1,425.562390697908,-1.5657700518764335,-0.5649019525675409
8,1099,2,1,2,-8.764726328312669,428.08173024507244,-0.623251280782349
8,1100,2,2,3,-1.854459596569739,-2.0529514251836596,413.0456962240915
8,1101,2,1,2,-8.764726328312669,426.46508114675026,-0.623251280782349
8,1102,2,2,3,-1.854459596569739,-2.0529514251836596,412.5326505278674
8,1103,2,2,3,-1.854459596569739,-2.0529514251836596,413.39942850860893
8,1104,2,1,2,-8.764726328312669,425.1451164544275,-0.623251280782349
8,1105,2,2,3,-1.854459596569739,-2.0529514251836596,412.88602908010034
8,1106,2,2,3,-1.854459596569739,-2.0529514251836596,412.37314305102024
8,1107,2,2,3,-1.854459596569739,-2.0529514251836596,413.1665054250111
8,1108,1,2,1,432.9985924053589,-1.5657700518764335,-0.5649019525675409
8,1109,0,2,1,406.5661008675498,-1.9014646570958402,-0.6663679920857718
8,1110,2,1,2,-8.764726328312669,425.9974654571153,-0.623251280782349
8,1111,1,2,1,432.66559381295355,-1.5657700518764335,-0.5649019525675409
8,1112,1,2,1,432.4329282191406,-1.5657700518764335,-0.5649019525675409
8,1113,1,2,1,431.6633844774809,-1.5657700518764335,-0.5649019525675409
8,1114,2,1,2,-8.764726328312669,426.7323939746744,-0.623251280782349
8,1115,1,2,1,429.8005300668089,-1.5657700518764335,-0.5649019525675409
8,1116,2,2,3,-1.854459596569739,-2.0529514251836596,414.30010735912407
8,1117,1,2,1,428.3361876886813,-1.5657700518764335,-0.5649019525675409
8,1118,2,2,3,-1.854459596569739,-2.0529514251836596,415.1753792043911
8,1119,1,2,1,427.2049314610479,-1.5657700518764335,-0.5649019525675409
8,1120,2,2,3,-1.854459596569739,-2.0529514251836596,415.85112949859575
8,1121,1,2,1,426.3537001353041,-1.5657700518764335,-0.5649019525675409
8,1122,2,2,3,-1.854459596569739,-2.0529514251836596,415.3352783690972
8,1123,2,2,3,-1.854459596569739,-2.0529514251836596,414.8199430907281
8,1124,2,2,3,-1.854459596569739,-2.0529514251836596,415.48445578514804
8,1125,2,1,2,-8.764726328312669,425.8921156999366,-0.623251280782349
8,1126,2,2,3,-1.854459596569739,-2.0529514251836596,416.04502652002833
8,1127,1,2,1,425.7067877472565,-1.5657700518764335,-0.5649019525675409
8,1128,2,2,3,-1.854459596569739,-2.0529514251836596,415.5289814935083
8,1129,2,2,3,-1.854459596569739,-2.0529514251836596,415.0134525120148
8,1130,2,2,3,-1.854459596569739,-2.0529514251836596,415.5570792477917
8,1131,1,2,1,433.28615295841826,-1.5657700518764335,-0.5649019525675409
8,1132,0,2,1,408.8048199236782,-1.9014646570958402,-0.6663679920857718
8,1133,1,2,1,432.95286680545985,-1.5657700518764335,-0.5649019525675409
8,1134,1,2,1,432.7199139386544,-1.5657700518764335,-0.5649019525675409
8,1135,1,2,1,432.5871940247157,-1.5657700518764335,-0.5649019525675409
8,1136,1,2,1,430.86862546777553,-1.5657700518764335,-0.5649019525675409
8,1137,2,2,3,-1.854459596569739,-2.0529514251836596,415.0415221685439
8,1138,2,2,3,-1.854459596569739,-2.0529514251836596,414.5264806463754
8,1139,2,2,3,-1.854459596569739,-2.0529514251836596,415.62982650304764
8,1140,1,2,1,429.4291157447997,-1.5657700518764335,-0.5649019525675409
8,1141,2,2,3,-1.854459596569739,-2.0529514251836596,415.11419667654457
8,1142,2,2,3,-1.854459596569739,-2.0529514251836596,414.599082479868
8,1143,2,2,3,-1.854459596569739,-2.0529514251836596,415.55265669061635
8,1144,1,2,1,428.22591718269075,-1.5657700518764335,-0.5649019525675409
8,1145,2,2,3,-1.854459596569739,-2.0529514251836596,416.06071047584845
8,1146,2,1,2,-8.764726328312669,425.29291446705196,-0.623251280782349
8,1147,2,2,3,-1.854459596569739,-2.0529514251836596,415.5446497653726
8,1148,2,2,3,-1.854459596569739,-2.0529514251836596,415.0291051156072
8,1149,2,2,3,-1.854459596569739,-2.0529514251836596,415.5301931362846
8,1150,2,1,2,-8.764726328312669,432.6904024000562,-0.623251280782349
8,1151,2,0,2,-1.53565384476972,405.01730166330503,-0.6300840498404277
8,1152,2,2,3,-1.854459596569739,-2.0529514251836596,416.71352366026167
8,1153,2,1,2,-8.764726328312669,430.7760010024165,-0.623251280782349
8,1154,2,2,3,-1.854459596569739,-2.0529514251836596,417.58899539347476
8,1155,2,1,2,-8.764726328312669,429.2397114461288,-0.623251280782349
8,1156,2,2,3,-1.854459596569739,-2.0529514251836596,418.22482728729403
8,1157,2,1,2,-8.764726328312669,429.0101061026023,-0.623251280782349
8,1158,1,2,1,427.5075833658638,-1.5657700518764335,-0.5649019525675409
8,1159,2,2,3,-1.854459596569739,-2.0529514251836596,418.62559531178516
8,1160,1,2,1,427.00075896514414,-1.5657700518764335,-0.5649019525675409
8,1161,2,2,3,-1.854459596569739,-2.0529514251836596,419.1350362847643
8,1162,2,1,2,-8.764726328312669,428.00346408453373,-0.623251280782349
8,1163,2,2,3,-1.854459596569739,-2.0529514251836596,419.3946077938371
8,1164,1,2,1,434.6723602410739,-1.5657700518764335,-0.5649019525675409
8,1165,0,2,1,410.9569015951767,-1.9014646570958402,-0.6663679920857718
8,1166,1,2,1,434.3376878808328,-1.5657700518764335,-0.5649019525675409
8,1167,1,2,1,434.10335019295195,-1.5657700518764335,-0.5649019525675409
8,1168,1,2,1,433.969246842759,-1.5657700518764335,-0.5649019525675409
8,1169,1,2,1,432.49238833007297,-1.5657700518764335,-0.5649019525675409
8,1170,2,2,3,-1.854459596569739,-2.0529514251836596,420.1718934591306
8,1171,1,2,1,431.3401669495196,-1.5657700518764335,-0.5649019525675409
8,1172,2,2,3,-1.854459596569739,-2.0529514251836596,420.75738064122
8,1173,1,2,1,430.4611309380484,-1.5657700518764335,-0.5649019525675409
8,1174,2,2,3,-1.854459596569739,-2.0529514251836596,420.95398552146685
8,1175,2,1,2,-8.764726328312669,427.37756224270555,-0.623251280782349
8,1176,2,2,3,-1.854459596569739,-2.0529514251836596,421.068965631348
8,1177,2,1,2,-8.764726328312669,426.92563361593847,-0.623251280782349
8,1178,2,2,3,-1.854459596569739,-2.0529514251836596,421.12770679619115
8,1179,2,1,2,-8.764726328312669,426.62471322716755,-0.623251280782349
8,1180,2,2,3,-1.854459596569739,-2.0529514251836596,421.1507827260616
8,1181,2,1,2,-8.764726328312669,426.4561693943309,-0.623251280782349
8,1182,2,2,3,-1.854459596569739,-2.0529514251836596,421.1548652234942
8,1183,2,1,2,-8.764726328312669,433.80726531956503,-0.623251280782349
8,1184,2,0,2,-1.53565384476972,407.1312234598413,-0.6300840498404277
8,1185,1,2,1,431.06193711088054,-1.5657700518764335,-0.5649019525675409
8,1186,2,1,2,-8.764726328312669,433.4734580542455,-0.623251280782349
8,1187,2,1,2,-8.764726328312669,433.0012440227981,-0.623251280782349
8,1188,1,2,1,430.4500750569184,-1.5657700518764335,-0.5649019525675409
8,1189,2,2,3,-1.854459596569739,-2.0529514251836596,421.8065018594018
8,1190,2,1,2,-8.764726328312669,431.75996330459907,-0.623251280782349
8,1191,2,2,3,-1.854459596569739,-2.0529514251836596,422.14040910409653
8,1192,1,2,1,437.9898008091491,-1.5657700518764335,-0.5649019525675409
8,1193,0,2,1,411.6531119369646,-1.9014646570958402,-0.6663679920857718
8,1194,2,2,3,-1.854459596569739,-2.0529514251836596,423.18735847379264
8,1195,1,2,1,436.18636921713966,-1.5657700518764335,-0.5649019525675409
8,1196,2,2,3,-1.854459596569739,-2.0529514251836596,423.51285899356867
8,1197,2,1,2,-8.764726328312669,430.91174001450247,-0.623251280782349
8,1198,2,2,3,-1.854459596569739,-2.0529514251836596,424.2440236467086
8,1199,1,2,1,434.76789063644986,-1.5657700518764335,-0.5649019525675409
8,1200,2,2,3,-1.854459596569739,-2.0529514251836596,424.7616424550463
8,1201,1,2,1,433.64250417585447,-1.5657700518764335,-0.5649019525675409
8,1202,2,2,3,-1.854459596569739,-2.0529514251836596,424.8457404709774
8,1203,2,1,2,-8.764726328312669,430.38029431967897,-0.623251280782349
8,1204,2,2,3,-1.854459596569739,-2.0529514251836596,424.86881556152787
8,1205,2,1,2,-8.764726328312669,430.0042776283023,-0.623251280782349
8,1206,2,2,3,-1.854459596569739,-2.0529514251836596,424.3439467459663
8,1207,2,2,3,-1.854459596569739,-2.0529514251836596,423.8196027992204
8,1208,2,2,3,-1.854459596569739,-2.0529514251836596,424.26825043270793
8,1209,1,2,1,432.68081055110713,-1.5657700518764335,-0.5649019525675409
8,1210,2,2,3,-1.854459596569739,-2.0529514251836596,423.7439821822752
8,1211,2,2,3,-1.854459596569739,-2.0529514251836596,423.2202382000929
8,1212,2,2,3,-1.854459596569739,-2.0529514251836596,423.63361462464326
8,1213,1,2,1,431.8524573438361,-1.5657700518764335,-0.5649019525675409
8,1214,2,2,3,-1.854459596569739,-2.0529514251836596,423.9236464392187
8,1215,1,2,1,431.2356526069351,-1.5657700518764335,-0.5649019525675409
8,1216,2,2,3,-1.854459596569739,-2.0529514251836596,424.1236114033834
8,1217,1,2,1,430.80032487517656,-1.5657700518764335,-0.5649019525675409
8,1218,2,2,3,-1.854459596569739,-2.0529514251836596,424.18167374824696
8,1219,2,1,2,-8.764726328312669,429.6978355665485,-0.623251280782349
8,1220,2,2,3,-1.854459596569739,-2.0529514251836596,423.6574920744987
8,1221,2,2,3,-1.854459596569739,-2.0529514251836596,423.1338345824242
8,1222,2,2,3,-1.854459596569739,-2.0529514251836596,423.26053684527005
8,1223,2,1,2,-8.764726328312669,429.4308451575754,-0.623251280782349
8,1224,2,2,3,-1.854459596569739,-2.0529514251836596,423.4837153233855
8,1225,1,2,1,430.44518020467405,-1.5657700518764335,-0.5649019525675409
8,1226,2,2,3,-1.854459596569739,-2.0529514251836596,423.6494166313097
8,1227,1,2,1,438.0543202659661,-1.5657700518764335,-0.5649019525675409
8,1228,0,2,1,413.0014544138681,-1.9014646570958402,-0.6663679920857718
8,1229,2,1,2,-8.764726328312669,425.50852891724475,-0.623251280782349
8,1230,1,0,1,293.9550253247622,8.926262106749988,17.78679373987269
8,1231,1,0,1,293.8610702994374,8.926262106749988,17.78679373987269
8,1232,1,0,1,305.080954392018,8.926262106749988,17.78679373987269
8,1233,2,0,2,-1.53565384476972,409.7854788201878,-0.6300840498404277
8,1234,1,2,1,438.0162659457001,-1.5657700518764335,-0.5649019525675409
8,1235,1,2,1,436.6559315976298,-1.5657700518764335,-0.5649019525675409
8,1236,2,2,3,-1.854459596569739,-2.0529514251836596,424.4134121963441
8,1237,1,2,1,435.60726624530486,-1.5657700518764335,-0.5649019525675409
8,1238,2,2,3,-1.854459596569739,-2.0529514251836596,424.99719033499485
8,1239,1,2,1,434.82126146393887,-1.5657700518764335,-0.5649019525675409
8,1240,2,2,3,-1.854459596569739,-2.0529514251836596,424.5228156643026
8,1241,2,1,2,-8.764726328312669,425.0854347762862,-0.623251280782349
8,1242,2,2,3,-1.854459596569739,-2.0529514251836596,425.0178389828023
8,1243,1,2,1,434.2159013768424,-1.5657700518764335,-0.5649019525675409
8,1244,2,2,3,-1.854459596569739,-2.0529514251836596,425.40342932082945
8,1245,1,2,1,441.5814552261311,-1.5657700518764335,-0.5649019525675409
8,1246,0,2,1,413.8162484752434,-1.9014646570958402,-0.6663679920857718
8,1247,2,2,3,-1.854459596569739,-2.0529514251836596,424.84654443159883
8,1248,2,1,2,-8.764726328312669,424.8366991973859,-0.623251280782349
8,1249,2,2,3,-1.854459596569739,-2.0529514251836596,425.9784540558259
8,1250,1,2,1,439.69517665504475,-1.5657700518764335,-0.5649019525675409
8,1251,2,2,3,-1.854459596569739,-2.0529514251836596,425.4524756017701
8,1252,2,2,3,-1.854459596569739,-2.0529514251836596,424.92702312616836
8,1253,2,2,3,-1.854459596569739,-2.0529514251836596,425.864143302401
8,1254,1,2,1,438.08620917647795,-1.5657700518764335,-0.5649019525675409
8,1255,2,2,3,-1.854459596569739,-2.0529514251836596,426.5482636806322
8,1256,1,2,1,436.8058663632128,-1.5657700518764335,-0.5649019525675409
8,1257,2,2,3,-1.854459596569739,-2.0529514251836596,425.8522705331102
8,1258,2,1,2,-8.764726328312669,424.8124040604252,-0.623251280782349
8,1259,2,2,3,-1.854459596569739,-2.0529514251836596,425.22347148178125
8,1260,2,1,2,-8.764726328312669,424.828287331079,-0.623251280782349
8,1261,2,2,3,-1.854459596569739,-2.0529514251836596,424.65912477937997
8,1262,2,1,2,-8.764726328312669,424.88671195112977,-0.623251280782349
8,1263,2,2,3,-1.854459596569739,-2.0529514251836596,424.1569967846038
8,1264,2,1,2,-8.764726328312669,424.98958343769254,-0.623251280782349
8,1265,2,2,3,-1.854459596569739,-2.0529514251836596,423.71526586647497
8,1266,2,1,2,-8.764726328312669,425.1384364147043,-0.623251280782349
8,1267,2,2,3,-1.854459596569739,-2.0529514251836596,423.3324444848832
8,1268,2,1,2,-8.764726328312669,425.3345047772373,-0.623251280782349
8,1269,2,2,3,-1.854459596569739,-2.0529514251836596,423.00731600934137
8,1270,2,1,2,-8.764726328312669,433.2698167027122,-0.623251280782349
8,1271,2,0,2,-1.53565384476972,410.6846552230938,-0.6300840498404277
8,1272,2,2,3,-1.854459596569739,-2.0529514251836596,423.50029626197573
8,1273,2,1,2,-8.764726328312669,433.28661580239907,-0.623251280782349
8,1274,1,2,1,435.4518090568271,-1.5657700518764335,-0.5649019525675409
8,1275,2,2,3,-1.854459596569739,-2.0529514251836596,423.94564160021565
8,1276,2,1,2,-8.764726328312669,432.1285727405805,-0.623251280782349
8,1277,2,2,3,-1.854459596569739,-2.0529514251836596,424.2318061415116
8,1278,2,1,2,-8.764726328312669,431.21466427453214,-0.623251280782349
8,1279,2,2,3,-1.854459596569739,-2.0529514251836596,424.3988772905391
8,1280,2,1,2,-8.764726328312669,430.5086866988423,-0.623251280782349
8,1281,2,2,3,-1.854459596569739,-2.0529514251836596,424.9687186581111
8,1282,1,2,1,434.47853129829736,-1.5657700518764335,-0.5649019525675409
8,1283,2,2,3,-1.854459596569739,-2.0529514251836596,424.44374993945297
8,1284,2,2,3,-1.854459596569739,-2.0529514251836596,423.9193061895135
8,1285,2,2,3,-1.854459596569739,-2.0529514251836596,424.04773555374754
8,1286,2,1,2,-8.764726328312669,429.9385438487791,-0.623251280782349
8,1287,2,2,3,-1.854459596569739,-2.0529514251836596,423.5236878181938
8,1288,2,2,3,-1.854459596569739,-2.0529514251836596,423.00016413037565
8,1289,2,2,3,-1.854459596569739,-2.0529514251836596,422.47716396624526
8,1290,2,2,3,-1.854459596569739,-2.0529514251836596,421.954686802279
8,1291,2,2,3,-1.854459596569739,-2.0529514251836596,422.67259272058254
8,1292,1,2,1,433.4752648478053,-1.5657700518764335,-0.5649019525675409
8,1293,2,2,3,-1.854459596569739,-2.0529514251836596,423.219384668457
8,1294,1,2,1,432.726457445202,-1.5657700518764335,-0.5649019525675409
8,1295,2,2,3,-1.854459596569739,-2.0529514251836596,423.63736548868627
8,1296,1,2,1,432.1939108840618,-1.5657700518764335,-0.5649019525675409
8,1297,2,2,3,-1.854459596569739,-2.0529514251836596,423.73754478084675
8,1298,2,1,2,-8.764726328312669,429.494706397205,-0.623251280782349
8,1299,2,2,3,-1.854459596569739,-2.0529514251836596,424.05098748028416
8,1300,1,2,1,439.8423283947047,-1.5657700518764335,-0.5649019525675409
8,1301,0,2,1,414.4156713882672,-1.9014646570958402,-0.6663679920857718
8,1302,2,2,3,-1.854459596569739,-2.0529514251836596,425.0902792433315
8,1303,1,2,1,439.50248606631,-1.5657700518764335,-0.5649019525675409
8,1304,1,2,1,439.26298358024366,-1.5657700518764335,-0.5649019525675409
8,1305,1,2,1,437.7206228673091,-1.5657700518764335,-0.5649019525675409
8,1306,2,2,3,-1.854459596569739,-2.0529514251836596,425.815592982862
8,1307,1,2,1,436.5043042858815,-1.5657700518764335,-0.5649019525675409
8,1308,2,2,3,-1.854459596569739,-2.0529514251836596,425.28977738987913
8,1309,2,2,3,-1.854459596569739,-2.0529514251836596,424.76448761248923
8,1310,2,2,3,-1.854459596569739,-2.0529514251836596,424.2397231248767
8,1311,2,2,3,-1.854459596569739,-2.0529514251836596,424.2357267457123
8,1312,2,1,2,-8.764726328312669,429.24457270531,-0.623251280782349
8,1313,2,2,3,-1.854459596569739,-2.0529514251836596,424.9260801954434
8,1314,1,2,1,435.4215557966423,-1.5657700518764335,-0.5649019525675409
8,1315,2,2,3,-1.854459596569739,-2.0529514251836596,424.40115411524795
8,1316,2,2,3,-1.854459596569739,-2.0529514251836596,423.8767529611327
8,1317,2,2,3,-1.854459596569739,-2.0529514251836596,424.495811688887
8,1318,1,2,1,434.50448557417786,-1.5657700518764335,-0.5649019525675409
8,1319,2,2,3,-1.854459596569739,-2.0529514251836596,424.9621745918419
8,1320,1,2,1,433.8252923013524,-1.5657700518764335,-0.5649019525675409
8,1321,2,2,3,-1.854459596569739,-2.0529514251836596,424.8611698304834
8,1322,2,1,2,-8.764726328312669,429.1813712479969,-0.623251280782349
8,1323,2,2,3,-1.854459596569739,-2.0529514251836596,424.76400860098676
8,1324,2,1,2,-8.764726328312669,436.82101499028346,-0.623251280782349
8,1325,2,0,2,-1.53565384476972,412.86147018482245,-0.6300840498404277
8,1326,2,1,2,-8.764726328312669,436.4841939752932,-0.623251280782349
8,1327,2,1,2,-8.764726328312669,435.0874114292616,-0.623251280782349
8,1328,2,2,3,-1.854459596569739,-2.0529514251836596,425.261261472385
8,1329,2,1,2,-8.764726328312669,433.9795351721015,-0.623251280782349
8,1330,2,2,3,-1.854459596569739,-2.0529514251836596,425.59910930718456
8,1331,2,1,2,-8.764726328312669,433.94555563692944,-0.623251280782349
8,1332,2,1,2,-8.764726328312669,434.01161008129253,-0.623251280782349
8,1333,2,1,2,-8.764726328312669,434.17759847121124,-0.623251280782349
8,1334,2,1,2,-8.764726328312669,433.5941504455014,-0.623251280782349
8,1335,2,2,3,-1.854459596569739,-2.0529514251836596,425.86501927057077
8,1336,2,1,2,-8.764726328312669,433.1953723087378,-0.623251280782349
8,1337,2,2,3,-1.854459596569739,-2.0529514251836596,426.1272212813476
8,1338,1,2,1,433.4293579780706,-1.5657700518764335,-0.5649019525675409
8,1339,2,2,3,-1.854459596569739,-2.0529514251836596,425.60109406006626
8,1340,2,2,3,-1.854459596569739,-2.0529514251836596,425.0754929660062
8,1341,2,2,3,-1.854459596569739,-2.0529514251836596,424.5504174730402
8,1342,2,2,3,-1.854459596569739,-2.0529514251836596,424.0258670555672
8,1343,2,2,3,-1.854459596569739,-2.0529514251836596,424.43278678983944
8,1344,1,2,1,441.01357364770195,-1.5657700518764335,-0.5649019525675409
8,1345,0,2,1,414.9929501416346,-1.9014646570958402,-0.6663679920857718
8,1346,2,2,3,-1.854459596569739,-2.0529514251836596,425.549851901978
8,1347,1,2,1,440.6725600740542,-1.5657700518764335,-0.5649019525675409
8,1348,1,2,1,440.43188751398014,-1.5657700518764335,-0.5649019525675409
8,1349,1,2,1,440.2914556264662,-1.5657700518764335,-0.5649019525675409
8,1350,1,2,1,440.25116417083973,-1.5657700518764335,-0.5649019525675409
8,1351,1,2,1,440.3109130066689,-1.5657700518764335,-0.5649019525675409
8,1352,1,2,1,439.00925704429784,-1.5657700518764335,-0.5649019525675409
8,1353,2,2,3,-1.854459596569739,-2.0529514251836596,425.024302050076
8,1354,2,2,3,-1.854459596569739,-2.0529514251836596,424.4992777480259
8,1355,2,2,3,-1.854459596569739,-2.0529514251836596,424.8356918317884
8,1356,2,1,2,-8.764726328312669,440.64912062616145,-0.623251280782349
8,1357,2,0,2,-1.53565384476972,413.63405665768727,-0.6300840498404277
8,1358,2,2,3,-1.854459596569739,-2.0529514251836596,425.8763855905995
8,1359,2,1,2,-8.764726328312669,438.8459707370147,-0.623251280782349
8,1360,2,2,3,-1.854459596569739,-2.0529514251836596,425.3505092050089
8,1361,2,2,3,-1.854459596569739,-2.0529514251836596,424.8251586958039
8,1362,2,2,3,-1.854459596569739,-2.0529514251836596,424.3003335371081
8,1363,2,2,3,-1.854459596569739,-2.0529514251836596,425.21605128636173
8,1364,2,1,2,-8.764726328312669,437.257762740663,-0.623251280782349
8,1365,2,2,3,-1.854459596569739,-2.0529514251836596,425.8829646690512
8,1366,2,1,2,-8.764726328312669,435.9943999688328,-0.623251280782349
8,1367,2,2,3,-1.854459596569739,-2.0529514251836596,426.35811379906056
8,1368,2,1,2,-8.764726328312669,435.0044132380565,-0.623251280782349
8,1369,2,2,3,-1.854459596569739,-2.0529514251836596,425.8317556852615
8,1370,2,2,3,-1.854459596569739,-2.0529514251836596,425.30592392957624
8,1371,2,2,3,-1.854459596569739,-2.0529514251836596,426.1372479840041
8,1372,1,2,1,437.9959188902845,-1.5657700518764335,-0.5649019525675409
8,1373,2,2,3,-1.854459596569739,-2.0529514251836596,425.61111073602007
8,1374,2,2,3,-1.854459596569739,-2.0529514251836596,425.08549962528406
8,1375,2,2,3,-1.854459596569739,-2.0529514251836596,424.5604141256588
8,1376,2,2,3,-1.854459596569739,-2.0529514251836596,424.03585371153315
8,1377,2,2,3,-1.854459596569739,-2.0529514251836596,424.893864310518
8,1378,1,2,1,437.0608195679973,-1.5657700518764335,-0.5649019525675409
8,1379,2,2,3,-1.854459596569739,-2.0529514251836596,425.36991479003376
8,1380,2,1,2,-8.764726328312669,434.1155934784642,-0.623251280782349
8,1381,2,2,3,-1.854459596569739,-2.0529514251836596,424.84454487524374
8,1382,2,2,3,-1.854459596569739,-2.0529514251836596,424.3197003303685
8,1383,2,2,3,-1.854459596569739,-2.0529514251836596,424.7651740516996
8,1384,2,1,2,-8.764726328312669,433.355786361736,-0.623251280782349
8,1385,2,2,3,-1.854459596569739,-2.0529514251836596,425.09087949634153
8,1386,2,1,2,-8.764726328312669,432.80420479570023,-0.623251280782349
8,1387,2,2,3,-1.854459596569739,-2.0529514251836596,424.56578861684517
8,1388,2,2,3,-1.854459596569739,-2.0529514251836596,424.04122282822834
8,1389,2,2,3,-1.854459596569739,-2.0529514251836596,424.38471682017985
8,1390,2,1,2,-8.764726328312669,432.33787128132803,-0.623251280782349
8,1391,2,2,3,-1.854459596569739,-2.0529514251836596,423.86033210335967
8,1392,2,2,3,-1.854459596569739,-2.0529514251836596,423.3364717712563
8,1393,2,2,3,-1.854459596569739,-2.0529514251836596,423.70427385098213
8,1394,2,1,2,-8.764726328312669,439.95385576230626,-0.623251280782349
8,1395,2,0,2,-1.53565384476972,415.82608271238684,-0.6300840498404277
8,1396,2,1,2,-8.764726328312669,439.61390190654396,-0.623251280782349
8,1397,2,1,2,-8.764726328312669,437.7992348271368,-0.623251280782349
8,1398,2,2,3,-1.854459596569739,-2.0529514251836596,424.57597071377046
8,1399,2,1,2,-8.764726328312669,437.66143559230966,-0.623251280782349
8,1400,2,1,2,-8.764726328312669,437.62377415671733,-0.623251280782349
8,1401,2,1,2,-8.764726328312669,437.63041787827734,-0.623251280782349
8,1402,1,2,1,433.92968489943553,-1.5657700518764335,-0.5649019525675409
8,1403,0,1,2,2.7914631950699156,320.5474592298213,3.2914969809938084
8,1404,0,2,1,416.8190664974206,-1.9014646570958402,-0.6663679920857718
8,1405,2,1,2,-8.764726328312669,436.6003971911129,-0.623251280782349
8,1406,2,2,3,-1.854459596569739,-2.0529514251836596,425.24181296431357
8,1407,2,1,2,-8.764726328312669,436.9637967939218,-0.623251280782349
8,1408,2,1,2,-8.764726328312669,444.3341993030559,-0.623251280782349
8,1409,2,0,2,-1.53565384476972,417.20251324619227,-0.6300840498404277
8,1410,1,2,1,434.6258021404945,-1.5657700518764335,-0.5649019525675409
8,1411,2,1,2,-8.764726328312669,442.09971885621735,-0.623251280782349
8,1412,2,2,3,-1.854459596569739,-2.0529514251836596,425.64558607979114
8,1413,1,2,1,435.13109409321055,-1.5657700518764335,-0.5649019525675409
8,1414,2,1,2,-8.764726328312669,440.22865999249495,-0.623251280782349
8,1415,2,2,3,-1.854459596569739,-2.0529514251836596,426.56366481106903
8,1416,2,1,2,-8.764726328312669,438.7355968095413,-0.623251280782349
8,1417,2,2,3,-1.854459596569739,-2.0529514251836596,427.2421224141067
8,1418,2,1,2,-8.764726328312669,437.55900724758374,-0.623251280782349
8,1419,2,2,3,-1.854459596569739,-2.0529514251836596,427.4958884879239
8,1420,1,2,1,434.24007764419395,-1.5657700518764335,-0.5649019525675409
8,1421,2,2,3,-1.854459596569739,-2.0529514251836596,427.9646413566423
8,1422,2,1,2,-8.764726328312669,436.67160601713294,-0.623251280782349
8,1423,2,2,3,-1.854459596569739,-2.0529514251836596,427.43667671528567
8,1424,2,2,3,-1.854459596569739,-2.0529514251836596,426.9092400385704
8,1425,2,2,3,-1.854459596569739,-2.0529514251836596,426.3823307985318
8,1426,2,2,3,-1.854459596569739,-2.0529514251836596,425.8559484677333
8,1427,2,2,3,-1.854459596569739,-2.0529514251836596,425.3300925192656
8,1428,2,2,3,-1.854459596569739,-2.0529514251836596,424.8047624267463
8,1429,2,2,3,-1.854459596569739,-2.0529514251836596,425.45477517976786
8,1430,2,1,2,-8.764726328312669,435.72446815821667,-0.623251280782349
8,1431,2,2,3,-1.854459596569739,-2.0529514251836596,425.7990653485663
8,1432,1,2,1,433.3701773492826,-1.5657700518764335,-0.5649019525675409
8,1433,2,2,3,-1.854459596569739,-2.0529514251836596,425.2732662832177
8,1434,2,2,3,-1.854459596569739,-2.0529514251836596,424.7479930169345
8,1435,2,2,3,-1.854459596569739,-2.0529514251836596,425.07684127282005
8,1436,1,2,1,432.6157669003635,-1.5657700518764335,-0.5649019525675409
8,1437,2,2,3,-1.854459596569739,-2.0529514251836596,424.5517644315472
8,1438,2,2,3,-1.854459596569739,-2.0529514251836596,424.0272126671157
8,1439,2,2,3,-1.854459596569739,-2.0529514251836596,424.66121374806755
8,1440,2,1,2,-8.764726328312669,434.8934815034537,-0.623251280782349
8,1441,2,2,3,-1.854459596569739,-2.0529514251836596,424.1365525343195
8,1442,2,2,3,-1.854459596569739,-2.0529514251836596,423.61241598178515
8,1443,2,2,3,-1.854459596569739,-2.0529514251836596,424.20562905244856
8,1444,2,1,2,-8.764726328312669,434.20049062930076,-0.623251280782349
8,1445,2,2,3,-1.854459596569739,-2.0529514251836596,423.6814234233961
8,1446,2,2,3,-1.854459596569739,-2.0529514251836596,423.1577419999727
8,1447,2,2,3,-1.854459596569739,-2.0529514251836596,422.63458425797273
8,1448,2,2,3,-1.854459596569739,-2.0529514251836596,422.1119496737148
8,1449,2,2,3,-1.854459596569739,-2.0529514251836596,421.58983772404105
8,1450,2,2,3,-1.854459596569739,-2.0529514251836596,421.068247886317
8,1451,2,2,3,-1.854459596569739,-2.0529514251836596,420.5471796384307
8,1452,2,2,3,-1.854459596569739,-2.0529514251836596,420.0266324587923
8,1453,2,2,3,-1.854459596569739,-2.0529514251836596,420.9098177852138
8,1454,2,1,2,-8.764726328312669,441.9834903777437,-0.623251280782349
8,1455,2,0,2,-1.53565384476972,419.23862746896964,-0.6300840498404277
8,1456,2,1,2,-8.764726328312669,441.64150688736595,-0.623251280782349
8,1457,2,1,2,-8.764726328312669,440.50631712176533,-0.623251280782349
8,1458,1,2,1,433.5643156053819,-1.5657700518764335,-0.5649019525675409
8,1459,2,1,2,-8.764726328312669,439.6785526545216,-0.623251280782349
8,1460,1,2,1,434.43606075764137,-1.5657700518764335,-0.5649019525675409
8,1461,2,1,2,-8.764726328312669,439.63887410186703,-0.623251280782349
8,1462,2,1,2,-8.764726328312669,439.69923522776514,-0.623251280782349
8,1463,2,1,2,-8.764726328312669,439.85953599253736,-0.623251280782349
8,1464,2,1,2,-8.764726328312669,440.1196764565448,-0.623251280782349
8,1465,2,1,2,-8.764726328312669,439.91687882589684,-0.623251280782349
8,1466,1,2,1,435.34422568564105,-1.5657700518764335,-0.5649019525675409
8,1467,2,1,2,-8.764726328312669,447.3298150627352,-0.623251280782349
8,1468,2,0,2,-1.53565384476972,421.6004164132835,-0.6300840498404277
8,1469,2,1,2,-8.764726328312669,446.98248524767246,-0.623251280782349
8,1470,2,1,2,-8.764726328312669,446.7355027624248,-0.623251280782349
8,1471,2,1,2,-8.764726328312669,446.5887672596624,-0.623251280782349
8,1472,2,1,2,-8.764726328312669,446.54217849240274,-0.623251280782349
8,1473,2,1,2,-8.764726328312669,445.48703898604094,-0.623251280782349
8,1474,1,2,1,433.44400158082925,-1.5657700518764335,-0.5649019525675409
8,1475,0,1,2,2.7914631950699156,320.8269117705915,3.2914969809938084
8,1476,0,1,2,2.7914631950699156,321.2060848588209,3.2914969809938084
8,1477,0,1,2,2.7914631950699156,331.1505639561834,3.2914969809938084
8,1478,0,2,1,418.0481160041806,-1.9014646570958402,-0.6663679920857718
8,1479,1,2,1,433.1105575792484,-1.5657700518764335,-0.5649019525675409
8,1480,1,2,1,431.66957378205973,-1.5657700518764335,-0.5649019525675409
8,1481,2,2,3,-1.854459596569739,-2.0529514251836596,421.45412381111635
8,1482,1,2,1,430.52657466115426,-1.5657700518764335,-0.5649019525675409
8,1483,2,2,3,-1.854459596569739,-2.0529514251836596,421.830842321459
8,1484,1,2,1,429.63517058486326,-1.5657700518764335,-0.5649019525675409
8,1485,2,2,3,-1.854459596569739,-2.0529514251836596,421.30901147913755
8,1486,2,2,3,-1.854459596569739,-2.0529514251836596,420.7877024676584
8,1487,2,2,3,-1.854459596569739,-2.0529514251836596,421.142814108794
8,1488,1,2,1,428.86479212314754,-1.5657700518764335,-0.5649019525675409
8,1489,2,2,3,-1.854459596569739,-2.0529514251836596,423.0317495575327
8,1490,2,1,2,-8.764726328312669,452.5767763123519,-0.623251280782349
8,1491,2,0,2,-1.53565384476972,424.245475626878,-0.6300840498404277
8,1492,2,1,2,-8.764726328312669,452.2241995360396,-0.623251280782349
8,1493,2,1,2,-8.764726328312669,451.97197533650353,-0.623251280782349
8,1494,2,1,2,-8.764726328312669,451.82000336116704,-0.623251280782349
8,1495,2,1,2,-8.764726328312669,448.91814623124606,-0.623251280782349
8,1496,2,2,3,-1.854459596569739,-2.0529514251836596,425.0714710786728
8,1497,2,1,2,-8.764726328312669,446.60840724491004,-0.623251280782349
8,1498,2,2,3,-1.854459596569739,-2.0529514251836596,424.9219383909971
8,1499,1,2,1,428.6455848115415,-1.5657700518764335,-0.5649019525675409
8,1500,2,2,3,-1.854459596569739,-2.0529514251836596,424.3970164526061
8,1501,2,2,3,-1.854459596569739,-2.0529514251836596,423.8726194361535
8,1502,2,2,3,-1.854459596569739,-2.0529514251836596,423.3487468167174
8,1503,2,2,3,-1.854459596569739,-2.0529514251836596,422.82539806990064
8,1504,2,2,3,-1.854459596569739,-2.0529514251836596,422.3025726718307
8,1505,2,2,3,-1.854459596569739,-2.0529514251836596,421.7802700991589
8,1506,2,2,3,-1.854459596569739,-2.0529514251836596,423.7164754064891
8,1507,2,1,2,-8.764726328312669,444.49549758566144,-0.623251280782349
8,1508,2,2,3,-1.854459596569739,-2.0529514251836596,423.1927589310826
8,1509,2,2,3,-1.854459596569739,-2.0529514251836596,422.6695661721515
8,1510,2,2,3,-1.854459596569739,-2.0529514251836596,422.14689660597935
8,1511,2,2,3,-1.854459596569739,-2.0529514251836596,421.62474970937336
8,1512,2,2,3,-1.854459596569739,-2.0529514251836596,423.3673289994165
8,1513,2,1,2,-8.764726328312669,442.6593133980375,-0.623251280782349
8,1514,2,2,3,-1.854459596569739,-2.0529514251836596,422.84396167041706
8,1515,2,2,3,-1.854459596569739,-2.0529514251836596,422.32111770874667
8,1516,2,2,3,-1.854459596569739,-2.0529514251836596,422.4249188342146
8,1517,1,2,1,428.3010932949746,-1.5657700518764335,-0.5649019525675409
8,1518,2,2,3,-1.854459596569739,-2.0529514251836596,423.9056989771989
8,1519,2,1,2,-8.764726328312669,441.16004625697644,-0.623251280782349
8,1520,2,2,3,-1.854459596569739,-2.0529514251836596,423.38179327822166
8,1521,2,2,3,-1.854459596569739,-2.0529514251836596,422.8584114849434
8,1522,2,2,3,-1.854459596569739,-2.0529514251836596,422.33555307345847
8,1523,2,2,3,-1.854459596569739,-2.0529514251836596,421.813217520385
8,1524,2,2,3,-1.854459596569739,-2.0529514251836596,421.933704004549
8,1525,1,2,1,428.04242066192745,-1.5657700518764335,-0.5649019525675409
8,1526,2,2,3,-1.854459596569739,-2.0529514251836596,422.0165332496249
8,1527,1,2,1,436.5249420801486,-1.5657700518764335,-0.5649019525675409
8,1528,0,2,1,419.9181489832032,-1.9014646570958402,-0.6663679920857718
8,1529,2,1,2,-8.764726328312669,437.1470561160886,-0.623251280782349
8,1530,1,0,1,316.67316103987713,8.926262106749988,17.78679373987269
8,1531,2,0,2,-1.53565384476972,425.0368973301249,-0.6300840498404277
8,1532,1,2,1,436.28841713806844,-1.5657700518764335,-0.5649019525675409
8,1533,1,2,1,436.15212872093036,-1.5657700518764335,-0.5649019525675409
8,1534,1,2,1,436.11597659220945,-1.5657700518764335,-0.5649019525675409
8,1535,1,2,1,436.17986061561726,-1.5657700518764335,-0.5649019525675409
8,1536,1,2,1,436.3436807550016,-1.5657700518764335,-0.5649019525675409
8,1537,1,2,1,436.60733707424663,-1.5657700518764335,-0.5649019525675409
8,1538,1,2,1,437.02416192231476,-1.5657700518764335,-0.5649019525675409
8,1539,2,1,2,-8.764726328312669,436.7977425347889,-0.623251280782349
8,1540,1,2,1,444.7936424794204,-1.5657700518764335,-0.5649019525675409
8,1541,0,2,1,421.9609046903455,-1.9014646570958402,-0.6663679920857718
8,1542,1,2,1,444.44884883694095,-1.5657700518764335,-0.5649019525675409
8,1543,1,2,1,444.204399988104,-1.5657700518764335,-0.5649019525675409
8,1544,1,2,1,444.0601955881159,-1.5657700518764335,-0.5649019525675409
8,1545,1,2,1,443.2971525402484,-1.5657700518764335,-0.5649019525675409
8,1546,2,1,2,-8.764726328312669,436.5609447922541,-0.623251280782349
8,1547,2,1,2,-8.764726328312669,437.09126841451325,-0.623251280782349
8,1548,1,2,1,441.2470740779364,-1.5657700518764335,-0.5649019525675409
8,1549,2,2,3,-1.854459596569739,-2.0529514251836596,421.4945167163753
8,1550,2,2,3,-1.854459596569739,-2.0529514251836596,420.97302219965894
8,1551,2,2,3,-1.854459596569739,-2.0529514251836596,422.45918031340875
8,1552,1,2,1,439.54582552117023,-1.5657700518764335,-0.5649019525675409
8,1553,2,2,3,-1.854459596569739,-2.0529514251836596,423.6282990086637
8,1554,1,2,1,438.2304445709109,-1.5657700518764335,-0.5649019525675409
8,1555,2,2,3,-1.854459596569739,-2.0529514251836596,424.43750468083414
8,1556,2,1,2,-8.764726328312669,435.8014545364645,-0.623251280782349
8,1557,2,2,3,-1.854459596569739,-2.0529514251836596,425.2785682252709
8,1558,1,2,1,437.3099783681216,-1.5657700518764335,-0.5649019525675409
8,1559,2,2,3,-1.854459596569739,-2.0529514251836596,425.7950554018538
8,1560,2,1,2,-8.764726328312669,434.8750195676016,-0.623251280782349
8,1561,2,2,3,-1.854459596569739,-2.0529514251836596,425.269260346452
8,1562,2,2,3,-1.854459596569739,-2.0529514251836596,424.7439910861055
8,1563,2,2,3,-1.854459596569739,-2.0529514251836596,425.463279835939
8,1564,1,2,1,445.25311009565365,-1.5657700518764335,-0.5649019525675409
8,1565,0,2,1,421.88567892506893,-1.9014646570958402,-0.6663679920857718
8,1566,2,2,3,-1.854459596569739,-2.0529514251836596,426.8970097518148
8,1567,1,2,1,443.090603051518,-1.5657700518764335,-0.5649019525675409
8,1568,2,2,3,-1.854459596569739,-2.0529514251836596,427.97327847873356
8,1569,1,2,1,442.03416968355873,-1.5657700518764335,-0.5649019525675409
8,1570,2,1,2,-8.764726328312669,434.35687218023605,-0.623251280782349
8,1571,2,2,3,-1.854459596569739,-2.0529514251836596,428.8373334295325
8,1572,1,2,1,440.5856487247266,-1.5657700518764335,-0.5649019525675409
8,1573,2,2,3,-1.854459596569739,-2.0529514251836596,428.85493043242263
8,1574,2,1,2,-8.764726328312669,434.0778230750223,-0.623251280782349
8,1575,2,2,3,-1.854459596569739,-2.0529514251836596,429.4874166129283
8,1576,1,2,1,439.4463380969338,-1.5657700518764335,-0.5649019525675409
8,1577,2,2,3,-1.854459596569739,-2.0529514251836596,429.9438624232319
8,1578,1,2,1,438.5661466671404,-1.5657700518764335,-0.5649019525675409
8,1579,2,2,3,-1.854459596569739,-2.0529514251836596,429.82318066533594
8,1580,2,1,2,-8.764726328312669,434.02253565338833,-0.623251280782349
8,1581,2,2,3,-1.854459596569739,-2.0529514251836596,429.7090936284878
8,1582,2,1,2,-8.764726328312669,442.59893492373186,-0.623251280782349
8,1583,2,0,2,-1.53565384476972,425.07440786633265,-0.6300840498404277
8,1584,2,2,3,-1.854459596569739,-2.0529514251836596,430.45547882308847
8,1585,2,1,2,-8.764726328312669,441.05413383484444,-0.623251280782349
8,1586,2,2,3,-1.854459596569739,-2.0529514251836596,429.92502334426536
8,1587,2,2,3,-1.854459596569739,-2.0529514251836596,430.2505695298857
8,1588,1,2,1,437.90433838388503,-1.5657700518764335,-0.5649019525675409
8,1589,2,2,3,-1.854459596569739,-2.0529514251836596,430.78987182654674
8,1590,2,1,2,-8.764726328312669,439.7969177621881,-0.623251280782349
8,1591,2,2,3,-1.854459596569739,-2.0529514251836596,430.96341414389667
8,1592,1,2,1,437.4792825457423,-1.5657700518764335,-0.5649019525675409
8,1593,2,2,3,-1.854459596569739,-2.0529514251836596,430.43245072975276
8,1594,2,2,3,-1.854459596569739,-2.0529514251836596,429.902018279023
8,1595,2,2,3,-1.854459596569739,-2.0529514251836596,429.372116260744
8,1596,2,2,3,-1.854459596569739,-2.0529514251836596,428.8427441444833
8,1597,2,2,3,-1.854459596569739,-2.0529514251836596,429.1689187020634
8,1598,1,2,1,437.0190772426723,-1.5657700518764335,-0.5649019525675409
8,1599,2,2,3,-1.854459596569739,-2.0529514251836596,429.41691547888166
8,1600,1,2,1,444.98385173198693,-1.5657700518764335,-0.5649019525675409
8,1601,0,2,1,422.2093856649713,-1.9014646570958402,-0.6663679920857718
8,1602,2,2,3,-1.854459596569739,-2.0529514251836596,430.4286252524602
8,1603,1,2,1,444.12536141724485,-1.5657700518764335,-0.5649019525675409
8,1604,2,1,2,-8.764726328312669,440.08563676627654,-0.623251280782349
8,1605,1,2,1,443.88123605582757,-1.5657700518764335,-0.5649019525675409
8,1606,1,2,1,443.7373548197717,-1.5657700518764335,-0.5649019525675409
8,1607,1,2,1,443.33209737765594,-1.5657700518764335,-0.5649019525675409
8,1608,2,1,2,-8.764726328312669,439.0895069896425,-0.623251280782349
8,1609,2,2,3,-1.854459596569739,-2.0529514251836596,430.7556239191888
8,1610,2,1,2,-8.764726328312669,438.3253630586779,-0.623251280782349
8,1611,2,2,3,-1.854459596569739,-2.0529514251836596,430.22486829526963
8,1612,2,2,3,-1.854459596569739,-2.0529514251836596,429.6946434269744
8,1613,2,2,3,-1.854459596569739,-2.0529514251836596,430.01939002708605
8,1614,2,1,2,-8.764726328312669,437.6647463654916,-0.623251280782349
8,1615,2,2,3,-1.854459596569739,-2.0529514251836596,430.2462609145611
8,1616,2,1,2,-8.764726328312669,437.19265155948403,-0.623251280782349
8,1617,2,2,3,-1.854459596569739,-2.0529514251836596,430.4037073274939
8,1618,2,1,2,-8.764726328312669,436.88335342895755,-0.623251280782349
8,1619,2,2,3,-1.854459596569739,-2.0529514251836596,431.15321423513245
8,1620,1,2,1,442.18305584916845,-1.5657700518764335,-0.5649019525675409
8,1621,2,2,3,-1.854459596569739,-2.0529514251836596,431.189344801086
8,1622,2,1,2,-8.764726328312669,445.1773844648287,-0.623251280782349
8,1623,2,0,2,-1.53565384476972,425.2547122150069,-0.6300840498404277
8,1624,2,2,3,-1.854459596569739,-2.0529514251836596,432.04297138299546
8,1625,2,1,2,-8.764726328312669,444.8322070803639,-0.623251280782349
8,1626,2,1,2,-8.764726328312669,443.32124053924406,-0.623251280782349
8,1627,2,2,3,-1.854459596569739,-2.0529514251836596,432.62747705808107
8,1628,2,1,2,-8.764726328312669,442.1192367140697,-0.623251280782349
8,1629,2,2,3,-1.854459596569739,-2.0529514251836596,433.0345337869659
8,1630,2,1,2,-8.764726328312669,441.17773188757235,-0.623251280782349
8,1631,2,2,3,-1.854459596569739,-2.0529514251836596,432.5014992531789
8,1632,2,2,3,-1.854459596569739,-2.0529514251836596,431.96899775392575
8,1633,2,2,3,-1.854459596569739,-2.0529514251836596,432.3486934354028
8,1634,2,1,2,-8.764726328312669,440.36247934892,-0.623251280782349
8,1635,2,2,3,-1.854459596569739,-2.0529514251836596,431.81634474196744
8,1636,2,2,3,-1.854459596569739,-2.0529514251836596,431.2845283972255
8,1637,2,2,3,-1.854459596569739,-2.0529514251836596,431.651961013046
8,1638,2,1,2,-8.764726328312669,439.65977555431954,-0.623251280782349
8,1639,2,2,3,-1.854459596569739,-2.0529514251836596,432.1628874408091
8,1640,1,2,1,441.3488761208917,-1.5657700518764335,-0.5649019525675409
8,1641,2,2,3,-1.854459596569739,-2.0529514251836596,432.54013743269644
8,1642,1,2,1,440.73546211463946,-1.5657700518764335,-0.5649019525675409
8,1643,2,2,3,-1.854459596569739,-2.0529514251836596,432.8189344387761
8,1644,1,2,1,440.31099041261433,-1.5657700518764335,-0.5649019525675409
8,1645,2,2,3,-1.854459596569739,-2.0529514251836596,433.02782904574735
8,1646,1,2,1,447.978620552185,-1.5657700518764335,-0.5649019525675409
8,1647,0,2,1,424.3383305331405,-1.9014646570958402,-0.6663679920857718
8,1648,1,2,1,447.63064193163285,-1.5657700518764335,-0.5649019525675409
8,1649,1,2,1,447.38301128970124,-1.5657700518764335,-0.5649019525675409
8,1650,1,2,1,447.2356282784115,-1.5657700518764335,-0.5649019525675409
8,1651,1,2,1,446.438383230448,-1.5657700518764335,-0.5649019525675409
8,1652,2,1,2,-8.764726328312669,440.59119793870195,-0.623251280782349
8,1653,1,2,1,445.16429998293216,-1.5657700518764335,-0.5649019525675409
8,1654,2,2,3,-1.854459596569739,-2.0529514251836596,432.4948012167016
8,1655,2,2,3,-1.854459596569739,-2.0529514251836596,431.96230641548493
8,1656,2,2,3,-1.854459596569739,-2.0529514251836596,432.2846043698679
8,1657,2,1,2,-8.764726328312669,440.1282539774487,-0.623251280782349
8,1658,2,2,3,-1.854459596569739,-2.0529514251836596,433.0274096311914
8,1659,1,2,1,444.1175835381269,-1.5657700518764335,-0.5649019525675409
8,1660,2,2,3,-1.854459596569739,-2.0529514251836596,433.59230943834683
8,1661,1,2,1,443.3314638187105,-1.5657700518764335,-0.5649019525675409
8,1662,2,2,3,-1.854459596569739,-2.0529514251836596,433.0587171289085
8,1663,2,2,3,-1.854459596569739,-2.0529514251836596,432.52565841177955
8,1664,2,2,3,-1.854459596569739,-2.0529514251836596,433.06290748865393
8,1665,1,2,1,442.67154527821623,-1.5657700518764335,-0.5649019525675409
8,1666,2,2,3,-1.854459596569739,-2.0529514251836596,432.52984458116526
8,1667,2,2,3,-1.854459596569739,-2.0529514251836596,431.9973147365841
8,1668,2,2,3,-1.854459596569739,-2.0529514251836596,432.5220662454691
8,1669,1,2,1,450.3138854731755,-1.5657700518764335,-0.5649019525675409
8,1670,0,2,1,425.47719462359385,-1.9014646570958402,-0.6663679920857718
8,1671,2,1,2,-8.764726328312669,437.3660715226517,-0.623251280782349
8,1672,1,0,1,327.2060614451751,8.926262106749988,17.78679373987269
8,1673,2,0,2,-1.53565384476972,427.3103156553506,-0.6300840498404277
8,1674,1,2,1,448.78173800660045,-1.5657700518764335,-0.5649019525675409
8,1675,2,1,2,-8.764726328312669,438.15885643303994,-0.623251280782349
8,1676,1,2,1,447.5812909928114,-1.5657700518764335,-0.5649019525675409
8,1677,2,1,2,-8.764726328312669,437.9206975766069,-0.623251280782349
8,1678,2,1,2,-8.764726328312669,438.73917562723454,-0.623251280782349
8,1679,1,2,1,446.6583402806265,-1.5657700518764335,-0.5649019525675409
8,1680,2,1,2,-8.764726328312669,439.4844337522931,-0.623251280782349
8,1681,1,2,1,445.3121908108653,-1.5657700518764335,-0.5649019525675409
8,1682,2,2,3,-1.854459596569739,-2.0529514251836596,433.25576651119786
8,1683,1,2,1,444.27329261438734,-1.5657700518764335,-0.5649019525675409
8,1684,2,2,3,-1.854459596569739,-2.0529514251836596,432.72251074468664
8,1685,2,2,3,-1.854459596569739,-2.0529514251836596,432.18978823394195
8,1686,2,2,3,-1.854459596569739,-2.0529514251836596,431.657598445708
8,1687,2,2,3,-1.854459596569739,-2.0529514251836596,431.1259408472623
8,1688,2,2,3,-1.854459596569739,-2.0529514251836596,430.5948149064151
8,1689,2,2,3,-1.854459596569739,-2.0529514251836596,430.0642200915087
8,1690,2,2,3,-1.854459596569739,-2.0529514251836596,430.4667570238348
8,1691,2,1,2,-8.764726328312669,438.6521993224234,-0.623251280782349
8,1692,2,2,3,-1.854459596569739,-2.0529514251836596,430.74664905437123
8,1693,2,1,2,-8.764726328312669,438.03089764656386,-0.623251280782349
8,1694,2,2,3,-1.854459596569739,-2.0529514251836596,430.21590240531685
8,1695,2,2,3,-1.854459596569739,-2.0529514251836596,429.68568650291155
8,1696,2,2,3,-1.854459596569739,-2.0529514251836596,430.60017382144474
8,1697,1,2,1,443.17538056127165,-1.5657700518764335,-0.5649019525675409
8,1698,2,2,3,-1.854459596569739,-2.0529514251836596,430.0695736476233
8,1699,2,2,3,-1.854459596569739,-2.0529514251836596,429.5395040739757
8,1700,2,2,3,-1.854459596569739,-2.0529514251836596,429.85061253358793
8,1701,2,1,2,-8.764726328312669,437.48301852273266,-0.623251280782349
8,1702,2,2,3,-1.854459596569739,-2.0529514251836596,429.3207619210543
8,1703,2,2,3,-1.854459596569739,-2.0529514251836596,428.7914411591333
8,1704,2,2,3,-1.854459596569739,-2.0529514251836596,428.26264971797417
8,1705,2,2,3,-1.854459596569739,-2.0529514251836596,427.7343870682562
8,1706,2,2,3,-1.854459596569739,-2.0529514251836596,428.73531103699645
8,1707,1,2,1,442.1026382978071,-1.5657700518764335,-0.5649019525675409
8,1708,2,2,3,-1.854459596569739,-2.0529514251836596,429.07259876704734
8,1709,2,1,2,-8.764726328312669,437.0129039483971,-0.623251280782349
8,1710,2,2,3,-1.854459596569739,-2.0529514251836596,428.54352616828027
8,1711,2,2,3,-1.854459596569739,-2.0529514251836596,428.014982642112
8,1712,2,2,3,-1.854459596569739,-2.0529514251836596,428.8816455693837
8,1713,1,2,1,449.9146167357622,-1.5657700518764335,-0.5649019525675409
8,1714,0,2,1,427.4710222180749,-1.9014646570958402,-0.6663679920857718
8,1715,1,2,1,449.56470211902644,-1.5657700518764335,-0.5649019525675409
8,1716,1,2,1,447.26751481849277,-1.5657700518764335,-0.5649019525675409
8,1717,2,2,3,-1.854459596569739,-2.0529514251836596,430.1729649794761
8,1718,1,2,1,445.4278868696116,-1.5657700518764335,-0.5649019525675409
8,1719,2,2,3,-1.854459596569739,-2.0529514251836596,431.15302928162004
8,1720,1,2,1,445.382458982742,-1.5657700518764335,-0.5649019525675409
8,1721,1,2,1,445.43707652375923,-1.5657700518764335,-0.5649019525675409
8,1722,1,2,1,444.7576463622746,-1.5657700518764335,-0.5649019525675409
8,1723,2,1,2,-8.764726328312669,435.60501363662974,-0.623251280782349
8,1724,1,0,1,337.4891765505373,8.926262106749988,17.78679373987269
8,1725,2,0,2,-1.53565384476972,428.61029107968074,-0.6300840498404277
8,1726,1,2,1,444.2067780760735,-1.5657700518764335,-0.5649019525675409
8,1727,2,1,2,-8.764726328312669,436.120983302498,-0.623251280782349
8,1728,1,2,1,452.00573146805556,-1.5657700518764335,-0.5649019525675409
8,1729,0,2,1,429.4724874116049,-1.9014646570958402,-0.6663679920857718
8,1730,1,2,1,449.58930822013036,-1.5657700518764335,-0.5649019525675409
8,1731,2,2,3,-1.854459596569739,-2.0529514251836596,430.62187625233844
8,1732,2,2,3,-1.854459596569739,-2.0529514251836596,431.96903014089753
8,1733,1,2,1,447.5953113820662,-1.5657700518764335,-0.5649019525675409
8,1734,2,2,3,-1.854459596569739,-2.0529514251836596,432.98406295363236
8,1735,1,2,1,446.0012024762692,-1.5657700518764335,-0.5649019525675409
8,1736,2,2,3,-1.854459596569739,-2.0529514251836596,432.45107889067873
8,1737,2,2,3,-1.854459596569739,-2.0529514251836596,431.91862781178804
8,1738,2,2,3,-1.854459596569739,-2.0529514251836596,432.7808840757599
8,1739,1,2,1,444.6463897521425,-1.5657700518764335,-0.5649019525675409
8,1740,2,2,3,-1.854459596569739,-2.0529514251836596,432.24810319168415
8,1741,2,2,3,-1.854459596569739,-2.0529514251836596,431.71585508849245
8,1742,2,2,3,-1.854459596569739,-2.0529514251836596,432.4642621651053
8,1743,1,2,1,443.49571273127367,-1.5657700518764335,-0.5649019525675409
8,1744,2,2,3,-1.854459596569739,-2.0529514251836596,432.29381329554207
8,1745,2,1,2,-8.764726328312669,435.50597248850687,-0.623251280782349
8,1746,2,2,3,-1.854459596569739,-2.0529514251836596,432.87050752638396
8,1747,1,2,1,442.6003217032583,-1.5657700518764335,-0.5649019525675409
8,1748,2,2,3,-1.854459596569739,-2.0529514251836596,433.3008886223681
8,1749,1,2,1,441.9370775065469,-1.5657700518764335,-0.5649019525675409
8,1750,2,2,3,-1.854459596569739,-2.0529514251836596,432.76758773374576
8,1751,2,2,3,-1.854459596569739,-2.0529514251836596,432.234820146012
8,1752,2,2,3,-1.854459596569739,-2.0529514251836596,431.702585325866
8,1753,2,2,3,-1.854459596569739,-2.0529514251836596,431.1708827405401
8,1754,2,2,3,-1.854459596569739,-2.0529514251836596,431.70556513963425
8,1755,1,2,1,441.282220704716,-1.5657700518764335,-0.5649019525675409
8,1756,2,2,3,-1.854459596569739,-2.0529514251836596,431.550099902033
8,1757,2,1,2,-8.764726328312669,434.9788351299575,-0.623251280782349
8,1758,2,2,3,-1.854459596569739,-2.0529514251836596,431.3579945896955
8,1759,2,1,2,-8.764726328312669,434.5853930813416,-0.623251280782349
8,1760,2,2,3,-1.854459596569739,-2.0529514251836596,431.80913498049284
8,1761,1,2,1,449.5717748879933,-1.5657700518764335,-0.5649019525675409
8,1762,0,2,1,431.03284438435577,-1.9014646570958402,-0.6663679920857718
8,1763,1,2,1,449.2222031131053,-1.5657700518764335,-0.5649019525675409
8,1764,1,2,1,447.5239367168476,-1.5657700518764335,-0.5649019525675409
8,1765,2,1,2,-8.764726328312669,435.9317235081753,-0.623251280782349
8,1766,1,2,1,446.22878367247216,-1.5657700518764335,-0.5649019525675409
8,1767,2,1,2,-8.764726328312669,437.11520074093255,-0.623251280782349
8,1768,1,2,1,446.1825548887997,-1.5657700518764335,-0.5649019525675409
8,1769,1,2,1,446.2363723339109,-1.5657700518764335,-0.5649019525675409
8,1770,1,2,1,445.4871399738721,-1.5657700518764335,-0.5649019525675409
8,1771,2,1,2,-8.764726328312669,438.20690752425264,-0.623251280782349
8,1772,1,2,1,444.3875303395537,-1.5657700518764335,-0.5649019525675409
8,1773,2,2,3,-1.854459596569739,-2.0529514251836596,432.52258698605937
8,1774,1,2,1,444.74314280921413,-1.5657700518764335,-0.5649019525675409
8,1775,1,2,1,452.84108012234395,-1.5657700518764335,-0.5649019525675409
8,1776,0,2,1,432.7608268780322,-1.9014646570958402,-0.6663679920857718
8,1777,1,2,1,451.03945595501057,-1.5657700518764335,-0.5649019525675409
8,1778,2,1,2,-8.764726328312669,439.8391229113734,-0.623251280782349
8,1779,1,2,1,450.78841649905553,-1.5657700518764335,-0.5649019525675409
8,1780,1,2,1,448.8293109607699,-1.5657700518764335,-0.5649019525675409
8,1781,2,2,3,-1.854459596569739,-2.0529514251836596,431.9900643990733
8,1782,2,2,3,-1.854459596569739,-2.0529514251836596,431.4580743346742
8,1783,2,2,3,-1.854459596569739,-2.0529514251836596,431.7563400694328
8,1784,2,1,2,-8.764726328312669,448.18762943712443,-0.623251280782349
8,1785,2,0,2,-1.53565384476972,430.11983728598796,-0.6300840498404277
8,1786,2,1,2,-8.764726328312669,447.8394418076873,-0.623251280782349
8,1787,2,1,2,-8.764726328312669,445.9993752937924,-0.623251280782349
8,1788,2,2,3,-1.854459596569739,-2.0529514251836596,432.63464421657494
8,1789,2,1,2,-8.764726328312669,444.5302675418541,-0.623251280782349
8,1790,2,2,3,-1.854459596569739,-2.0529514251836596,432.1020095723584
8,1791,2,2,3,-1.854459596569739,-2.0529514251836596,431.569907562786
8,1792,2,2,3,-1.854459596569739,-2.0529514251836596,431.0383376552232
8,1793,2,2,3,-1.854459596569739,-2.0529514251836596,430.50729931756797
8,1794,2,2,3,-1.854459596569739,-2.0529514251836596,429.9767920182504
8,1795,2,2,3,-1.854459596569739,-2.0529514251836596,429.44681522623216
8,1796,2,2,3,-1.854459596569739,-2.0529514251836596,430.83623548872515
8,1797,1,2,1,446.9991671780767,-1.5657700518764335,-0.5649019525675409
8,1798,2,2,3,-1.854459596569739,-2.0529514251836596,430.30539925323643
8,1799,2,2,3,-1.854459596569739,-2.0529514251836596,429.7750938539832
8,1800,2,2,3,-1.854459596569739,-2.0529514251836596,430.70608095522846
8,1801,2,1,2,-8.764726328312669,443.1171428022363,-0.623251280782349
8,1802,2,2,3,-1.854459596569739,-2.0529514251836596,431.7883904103352
8,1803,1,2,1,445.54630111089216,-1.5657700518764335,-0.5649019525675409
8,1804,2,2,3,-1.854459596569739,-2.0529514251836596,432.61863517928
8,1805,1,2,1,444.42091588255164,-1.5657700518764335,-0.5649019525675409
8,1806,2,2,3,-1.854459596569739,-2.0529514251836596,432.0860165441007
8,1807,2,2,3,-1.854459596569739,-2.0529514251836596,431.5539305275566
8,1808,2,2,3,-1.854459596569739,-2.0529514251836596,432.29620814717356
8,1809,1,2,1,443.47614890086663,-1.5657700518764335,-0.5649019525675409
8,1810,2,2,3,-1.854459596569739,-2.0529514251836596,431.7639119390264
8,1811,2,2,3,-1.854459596569739,-2.0529514251836596,431.23214802708736
8,1812,2,2,3,-1.854459596569739,-2.0529514251836596,431.87753036180004
8,1813,2,1,2,-8.764726328312669,442.0613040278309,-0.623251280782349
8,1814,2,2,3,-1.854459596569739,-2.0529514251836596,432.4939160668058
8,1815,1,2,1,442.7454317013937,-1.5657700518764335,-0.5649019525675409
8,1816,2,2,3,-1.854459596569739,-2.0529514251836596,432.9085935588805
8,1817,2,1,2,-8.764726328312669,441.31312438737694,-0.623251280782349
8,1818,2,2,3,-1.854459596569739,-2.0529514251836596,432.3756849653216
8,1819,2,2,3,-1.854459596569739,-2.0529514251836596,431.8433092803563
8,1820,2,2,3,-1.854459596569739,-2.0529514251836596,432.39077609075866
8,1821,1,2,1,451.21421039217955,-1.5657700518764335,-0.5649019525675409
8,1822,0,2,1,432.2914310232141,-1.9014646570958402,-0.6663679920857718
8,1823,2,2,3,-1.854459596569739,-2.0529514251836596,433.7219053105086
8,1824,1,2,1,449.13125797870197,-1.5657700518764335,-0.5649019525675409
8,1825,2,2,3,-1.854459596569739,-2.0529514251836596,434.7137093193492
8,1826,1,2,1,448.88212672072325,-1.5657700518764335,-0.5649019525675409
8,1827,1,2,1,448.73324459400254,-1.5657700518764335,-0.5649019525675409
8,1828,1,2,1,447.29657735721787,-1.5657700518764335,-0.5649019525675409
8,1829,2,2,3,-1.854459596569739,-2.0529514251836596,435.4246995457789
8,1830,1,2,1,447.34928077986063,-1.5657700518764335,-0.5649019525675409
8,1831,1,2,1,447.5019314990808,-1.5657700518764335,-0.5649019525675409
8,1832,1,2,1,447.14173766352303,-1.5657700518764335,-0.5649019525675409
8,1833,2,1,2,-8.764726328312669,442.14884397732806,-0.623251280782349
8,1834,1,2,1,447.0002994509262,-1.5657700518764335,-0.5649019525675409
8,1835,2,1,2,-8.764726328312669,442.9869892252369,-0.623251280782349
8,1836,1,2,1,444.98417533749574,-1.5657700518764335,-0.5649019525675409
8,1837,0,1,2,2.7914631950699156,321.70187744417046,3.2914969809938084
8,1838,0,0,2,0.009317174468442126,167.94566879498328,-0.6122225467830142
8,1839,0,2,1,432.9179998541911,-1.9014646570958402,-0.6663679920857718
8,1840,2,1,2,-8.764726328312669,442.6440022360117,-0.623251280782349
8,1841,2,1,2,-8.764726328312669,442.4013582337757,-0.623251280782349
8,1842,2,1,2,-8.764726328312669,442.2589568755419,-0.623251280782349
8,1843,2,1,2,-8.764726328312669,442.21669791866634,-0.623251280782349
8,1844,2,1,2,-8.764726328312669,442.2744812207477,-0.623251280782349
8,1845,2,1,2,-8.764726328312669,442.432206739527,-0.623251280782349
8,1846,2,1,2,-8.764726328312669,441.9960313206064,-0.623251280782349
8,1847,2,2,3,-1.854459596569739,-2.0529514251836596,435.53983669194105
8,1848,2,1,2,-8.764726328312669,441.71487202104794,-0.623251280782349
8,1849,2,2,3,-1.854459596569739,-2.0529514251836596,435.0042968552491
8,1850,2,2,3,-1.854459596569739,-2.0529514251836596,434.4692925583938
8,1851,2,2,3,-1.854459596569739,-2.0529514251836596,434.6521356326382
8,1852,2,1,2,-8.764726328312669,450.02524871025594,-0.623251280782349
8,1853,2,0,2,-1.53565384476972,431.6603531797045,-0.6300840498404277
8,1854,2,1,2,-8.764726328312669,449.67522346154567,-0.623251280782349
8,1855,2,1,2,-8.764726328312669,447.9382625430223,-0.623251280782349
8,1856,2,2,3,-1.854459596569739,-2.0529514251836596,434.11748349700554
8,1857,2,2,3,-1.854459596569739,-2.0529514251836596,433.5833660135085
8,1858,2,2,3,-1.854459596569739,-2.0529514251836596,434.47091740391687
8,1859,2,1,2,-8.764726328312669,446.45705711170785,-0.623251280782349
8,1860,2,2,3,-1.854459596569739,-2.0529514251836596,434.97725902193724
8,1861,1,2,1,443.64850644691796,-1.5657700518764335,-0.5649019525675409
8,1862,2,2,3,-1.854459596569739,-2.0529514251836596,434.4422817629153
8,1863,2,2,3,-1.854459596569739,-2.0529514251836596,433.9078394811524
8,1864,2,2,3,-1.854459596569739,-2.0529514251836596,434.61630418709626
8,1865,2,1,2,-8.764726328312669,445.2383655150596,-0.623251280782349
8,1866,2,2,3,-1.854459596569739,-2.0529514251836596,435.13327195437756
8,1867,2,1,2,-8.764726328312669,444.29272288703703,-0.623251280782349
8,1868,2,2,3,-1.854459596569739,-2.0529514251836596,435.4411468971847
8,1869,1,2,1,442.59232934504746,-1.5657700518764335,-0.5649019525675409
8,1870,2,2,3,-1.854459596569739,-2.0529514251836596,434.9057057502875
8,1871,2,2,3,-1.854459596569739,-2.0529514251836596,434.3708000445372
8,1872,2,2,3,-1.854459596569739,-2.0529514251836596,433.83642924449265
8,1873,2,2,3,-1.854459596569739,-2.0529514251836596,433.30259281524815
8,1874,2,2,3,-1.854459596569739,-2.0529514251836596,432.7692902224329
8,1875,2,2,3,-1.854459596569739,-2.0529514251836596,432.2365209322105
8,1876,2,2,3,-1.854459596569739,-2.0529514251836596,432.72950944414913
8,1877,1,2,1,441.47331784551346,-1.5657700518764335,-0.5649019525675409
8,1878,2,2,3,-1.854459596569739,-2.0529514251836596,433.06241696644
8,1879,1,2,1,440.5991653406397,-1.5657700518764335,-0.5649019525675409
8,1880,2,2,3,-1.854459596569739,-2.0529514251836596,432.52935454947357
8,1881,2,2,3,-1.854459596569739,-2.0529514251836596,431.9968251949241
8,1882,2,2,3,-1.854459596569739,-2.0529514251836596,432.316460044155
8,1883,1,2,1,439.83857835094705,-1.5657700518764335,-0.5649019525675409
8,1884,2,2,3,-1.854459596569739,-2.0529514251836596,431.78414358411084
8,1885,2,2,3,-1.854459596569739,-2.0529514251836596,431.25235944052673
8,1886,2,2,3,-1.854459596569739,-2.0529514251836596,431.5711427532178
8,1887,1,2,1,439.1802636484209,-1.5657700518764335,-0.5649019525675409
8,1888,2,2,3,-1.854459596569739,-2.0529514251836596,431.7928745790897
8,1889,1,2,1,438.7097318669087,-1.5657700518764335,-0.5649019525675409
8,1890,2,2,3,-1.854459596569739,-2.0529514251836596,432.4985666869974
8,1891,2,1,2,-8.764726328312669,443.2808087003461,-0.623251280782349
8,1892,2,2,3,-1.854459596569739,-2.0529514251836596,432.5809734731216
8,1893,1,2,1,438.4642750540569,-1.5657700518764335,-0.5649019525675409
8,1894,2,2,3,-1.854459596569739,-2.0529514251836596,432.0483924996485
8,1895,2,2,3,-1.854459596569739,-2.0529514251836596,431.5163441071489
8,1896,2,2,3,-1.854459596569739,-2.0529514251836596,430.9848277630417
8,1897,2,2,3,-1.854459596569739,-2.0529514251836596,430.45384293527866
8,1898,2,2,3,-1.854459596569739,-2.0529514251836596,431.19325870308506
8,1899,2,1,2,-8.764726328312669,442.3408604419169,-0.623251280782349
8,1900,2,2,3,-1.854459596569739,-2.0529514251836596,431.3818960631282
8,1901,1,2,1,447.3767295342161,-1.5657700518764335,-0.5649019525675409
8,1902,0,2,1,432.3330075790217,-1.9014646570958402,-0.6663679920857718
8,1903,2,2,3,-1.854459596569739,-2.0529514251836596,432.43400268070275
8,1904,1,2,1,445.55002284618405,-1.5657700518764335,-0.5649019525675409
8,1905,2,2,3,-1.854459596569739,-2.0529514251836596,433.20005467440467
8,1906,1,2,1,444.0818259743317,-1.5657700518764335,-0.5649019525675409
8,1907,2,2,3,-1.854459596569739,-2.0529514251836596,433.744149978423
8,1908,1,2,1,443.93774414835735,-1.5657700518764335,-0.5649019525675409
8,1909,1,2,1,443.893806404209,-1.5657700518764335,-0.5649019525675409
8,1910,1,2,1,443.79617094753786,-1.5657700518764335,-0.5649019525675409
8,1911,2,1,2,-8.764726328312669,442.84259532153146,-0.623251280782349
8,1912,1,2,1,443.8579707896157,-1.5657700518764335,-0.5649019525675409
8,1913,2,1,2,-8.764726328312669,441.9697642678815,-0.623251280782349
9,1,0,0,2,0.009317174468442126,193.9520696658081,-0.6122225467830142
9,2,0,2,1,432.8547134836398,-1.9014646570958402,-0.6663679920857718
9,3,2,1,2,-8.764726328312669,441.81472694926526,-0.623251280782349
9,4,1,2,1,442.512844558518,-1.5657700518764335,-0.5649019525675409
9,5,2,2,3,-1.854459596569739,-2.0529514251836596,434.009392948558
9,6,2,1,2,-8.764726328312669,440.80018415624596,-0.623251280782349
9,7,2,2,3,-1.854459596569739,-2.0529514251836596,434.14767188517055
9,8,2,1,2,-8.764726328312669,440.00078525725326,-0.623251280782349
9,9,2,2,3,-1.854459596569739,-2.0529514251836596,433.61352421328536
9,10,2,2,3,-1.854459596569739,-2.0529514251836596,433.07991068907205
9,11,2,2,3,-1.854459596569739,-2.0529514251836596,432.54683077838297
9,12,2,2,3,-1.854459596569739,-2.0529514251836596,432.0142839476046
9,13,2,2,3,-1.854459596569739,-2.0529514251836596,432.27293329331224
9,14,2,1,2,-8.764726328312669,439.1957271275658,-0.623251280782349
9,15,2,2,3,-1.854459596569739,-2.0529514251836596,431.7406603600189
9,16,2,2,3,-1.854459596569739,-2.0529514251836596,431.2089196996589
9,17,2,2,3,-1.854459596569739,-2.0529514251836596,431.46840471532204
9,18,2,1,2,-8.764726328312669,438.4915264816261,-0.623251280782349
9,19,2,2,3,-1.854459596569739,-2.0529514251836596,430.9369363106067
9,20,2,2,3,-1.854459596569739,-2.0529514251836596,430.40599937429613
9,21,2,2,3,-1.854459596569739,-2.0529514251836596,430.67606055854753
9,22,2,1,2,-8.764726328312669,437.8793038287597,-0.623251280782349
9,23,2,2,3,-1.854459596569739,-2.0529514251836596,431.31722611398607
9,24,1,2,1,441.1619654879508,-1.5657700518764335,-0.5649019525675409
9,25,2,2,3,-1.854459596569739,-2.0529514251836596,430.7859088878721
9,26,2,2,3,-1.854459596569739,-2.0529514251836596,430.2551229789842
9,27,2,2,3,-1.854459596569739,-2.0529514251836596,429.72486785600523
9,28,2,2,3,-1.854459596569739,-2.0529514251836596,429.1951429881492
9,29,2,2,3,-1.854459596569739,-2.0529514251836596,429.8506632726414
9,30,1,2,1,439.9009846031472,-1.5657700518764335,-0.5649019525675409
9,31,2,2,3,-1.854459596569739,-2.0529514251836596,429.3208126093688
9,32,2,2,3,-1.854459596569739,-2.0529514251836596,428.7914917967594
9,33,2,2,3,-1.854459596569739,-2.0529514251836596,429.16239369613066
9,34,2,1,2,-8.764726328312669,437.2784504218007,-0.623251280782349
9,35,2,2,3,-1.854459596569739,-2.0529514251836596,429.6963518022292
9,36,1,2,1,438.8508249712532,-1.5657700518764335,-0.5649019525675409
9,37,2,2,3,-1.854459596569739,-2.0529514251836596,429.9172832137645
9,38,2,1,2,-8.764726328312669,436.91241641778333,-0.623251280782349
9,39,2,2,3,-1.854459596569739,-2.0529514251836596,430.27178656454214
9,40,1,2,1,438.06264934401753,-1.5657700518764335,-0.5649019525675409
9,41,2,2,3,-1.854459596569739,-2.0529514251836596,430.51281019314564
9,42,1,2,1,437.4771526187372,-1.5657700518764335,-0.5649019525675409
9,43,2,2,3,-1.854459596569739,-2.0529514251836596,430.67176728308607
9,44,1,2,1,437.065942317889,-1.5657700518764335,-0.5649019525675409
9,45,2,2,3,-1.854459596569739,-2.0529514251836596,430.141095515803
9,46,2,2,3,-1.854459596569739,-2.0529514251836596,429.61095442028716
9,47,2,2,3,-1.854459596569739,-2.0529514251836596,429.81938726772944
9,48,1,2,1,436.7114674256053,-1.5657700518764335,-0.5649019525675409
9,49,2,2,3,-1.854459596569739,-2.0529514251836596,429.99177776631706
9,50,2,1,2,-8.764726328312669,445.85554974079577,-0.623251280782349
9,51,2,0,2,-1.53565384476972,431.06350386059944,-0.6300840498404277
9,52,2,2,3,-1.854459596569739,-2.0529514251836596,431.0322994140241
9,53,2,1,2,-8.764726328312669,444.0421924087046,-0.623251280782349
9,54,2,2,3,-1.854459596569739,-2.0529514251836596,431.78924652108344
9,55,2,1,2,-8.764726328312669,443.7981502162959,-0.623251280782349
9,56,2,1,2,-8.764726328312669,443.6543520660796,-0.623251280782349
9,57,2,1,2,-8.764726328312669,443.6106977140135,-0.623251280782349
9,58,2,1,2,-8.764726328312669,443.6670870162995,-0.623251280782349
9,59,2,1,2,-8.764726328312669,443.8234199292832,-0.623251280782349
9,60,2,1,2,-8.764726328312669,444.0795965093539,-0.623251280782349
9,61,2,1,2,-8.764726328312669,443.2187722640058,-0.623251280782349
9,62,2,2,3,-1.854459596569739,-2.0529514251836596,432.3889803231117
9,63,2,1,2,-8.764726328312669,451.47218191980454,-0.623251280782349
9,64,2,0,2,-1.53565384476972,432.65289948460014,-0.6300840498404277
9,65,2,1,2,-8.764726328312669,449.2314727798121,-0.623251280782349
9,66,2,2,3,-1.854459596569739,-2.0529514251836596,433.52399809600195
9,67,2,1,2,-8.764726328312669,447.4272013133351,-0.623251280782349
9,68,2,2,3,-1.854459596569739,-2.0529514251836596,432.9904740979059
9,69,2,2,3,-1.854459596569739,-2.0529514251836596,432.457483623808
9,70,2,2,3,-1.854459596569739,-2.0529514251836596,431.9250261401842
9,71,2,2,3,-1.854459596569739,-2.0529514251836596,432.92781645618595
9,72,2,1,2,-8.764726328312669,445.844335011164,-0.623251280782349
9,73,2,2,3,-1.854459596569739,-2.0529514251836596,432.76947008570227
9,74,1,2,1,445.7929373179251,-1.5657700518764335,-0.5649019525675409
9,75,0,2,1,432.41341967376036,-1.9014646570958402,-0.6663679920857718
9,76,2,2,3,-1.854459596569739,-2.0529514251836596,433.52602387160664
9,77,1,2,1,445.4471443806072,-1.5657700518764335,-0.5649019525675409
9,78,1,2,1,445.2016972362266,-1.5657700518764335,-0.5649019525675409
9,79,1,2,1,445.12011667870917,-1.5657700518764335,-0.5649019525675409
9,80,2,1,2,-8.764726328312669,445.7267930612398,-0.623251280782349
9,81,1,2,1,445.13505752390097,-1.5657700518764335,-0.5649019525675409
9,82,2,1,2,-8.764726328312669,445.722484449982,-0.623251280782349
9,83,1,2,1,444.04062813479993,-1.5657700518764335,-0.5649019525675409
9,84,2,2,3,-1.854459596569739,-2.0529514251836596,434.03344366979115
9,85,1,2,1,444.19658750666514,-1.5657700518764335,-0.5649019525675409
9,86,1,2,1,443.44623967930795,-1.5657700518764335,-0.5649019525675409
9,87,2,2,3,-1.854459596569739,-2.0529514251836596,434.43127703106353
9,88,1,2,1,442.9103121374524,-1.5657700518764335,-0.5649019525675409
9,89,2,2,3,-1.854459596569739,-2.0529514251836596,435.0146752885054
9,90,2,1,2,-8.764726328312669,444.81668885854583,-0.623251280782349
9,91,2,2,3,-1.854459596569739,-2.0529514251836596,434.4796606132169
9,92,2,2,3,-1.854459596569739,-2.0529514251836596,433.94518095260366
9,93,2,2,3,-1.854459596569739,-2.0529514251836596,434.2987837589511
9,94,1,2,1,451.3282094714094,-1.5657700518764335,-0.5649019525675409
9,95,0,2,1,433.85357044405384,-1.9014646570958402,-0.6663679920857718
9,96,1,2,1,450.976881261938,-1.5657700518764335,-0.5649019525675409
9,97,1,2,1,449.0747727278804,-1.5657700518764335,-0.5649019525675409
9,98,2,2,3,-1.854459596569739,-2.0529514251836596,435.22730788311617
9,99,1,2,1,447.5547989355208,-1.5657700518764335,-0.5649019525675409
9,100,2,2,3,-1.854459596569739,-2.0529514251836596,434.69208057523304
9,101,2,2,3,-1.854459596569739,-2.0529514251836596,435.15972471470576
9,102,2,1,2,-8.764726328312669,444.1158327194471,-0.623251280782349
9,103,2,2,3,-1.854459596569739,-2.0529514251836596,435.5112196824604
9,104,2,1,2,-8.764726328312669,443.619860196066,-0.623251280782349
9,105,2,2,3,-1.854459596569739,-2.0529514251836596,434.97570846277796
9,106,2,2,3,-1.854459596569739,-2.0529514251836596,434.44073275431515
9,107,2,2,3,-1.854459596569739,-2.0529514251836596,433.90629202156083
9,108,2,2,3,-1.854459596569739,-2.0529514251836596,433.37238572953925
9,109,2,2,3,-1.854459596569739,-2.0529514251836596,432.8390133438097
9,110,2,2,3,-1.854459596569739,-2.0529514251836596,432.3061743304659
9,111,2,2,3,-1.854459596569739,-2.0529514251836596,433.2834819920359
9,112,1,2,1,446.0943837591803,-1.5657700518764335,-0.5649019525675409
9,113,2,2,3,-1.854459596569739,-2.0529514251836596,433.77349995224284
9,114,2,1,2,-8.764726328312669,451.99051122543483,-0.623251280782349
9,115,2,0,2,-1.53565384476972,433.550953528299,-0.6300840498404277
9,116,1,2,1,446.7320059945803,-1.5657700518764335,-0.5649019525675409
9,117,2,1,2,-8.764726328312669,451.6385207142094,-0.623251280782349
9,118,2,1,2,-8.764726328312669,451.3868821934952,-0.623251280782349
9,119,2,1,2,-8.764726328312669,449.4917704694177,-0.623251280782349
9,120,2,2,3,-1.854459596569739,-2.0529514251836596,434.7958352334909
9,121,2,1,2,-8.764726328312669,447.9873811105915,-0.623251280782349
9,122,2,2,3,-1.854459596569739,-2.0529514251836596,435.5670024400904
9,123,2,1,2,-8.764726328312669,448.03939372948093,-0.623251280782349
9,124,2,1,2,-8.764726328312669,446.9565875981018,-0.623251280782349
9,125,2,2,3,-1.854459596569739,-2.0529514251836596,435.0314354376503
9,126,2,2,3,-1.854459596569739,-2.0529514251836596,434.49640400221267
9,127,2,2,3,-1.854459596569739,-2.0529514251836596,433.9619075982105
9,128,2,2,3,-1.854459596569739,-2.0529514251836596,433.42794569061226
9,129,2,2,3,-1.854459596569739,-2.0529514251836596,434.2338532937631
9,130,2,1,2,-8.764726328312669,445.9500803143742,-0.623251280782349
9,131,2,2,3,-1.854459596569739,-2.0529514251836596,433.69961944046935
9,132,2,2,3,-1.854459596569739,-2.0529514251836596,433.16591982102887
9,133,2,2,3,-1.854459596569739,-2.0529514251836596,433.9757964323894
9,134,1,2,1,445.6224092419288,-1.5657700518764335,-0.5649019525675409
9,135,2,2,3,-1.854459596569739,-2.0529514251836596,434.6272747402735
9,136,2,1,2,-8.764726328312669,445.1831724822238,-0.623251280782349
9,137,2,2,3,-1.854459596569739,-2.0529514251836596,435.1376813419863
9,138,2,1,2,-8.764726328312669,453.48639963330305,-0.623251280782349
9,139,2,0,2,-1.53565384476972,435.0910117391661,-0.6300840498404277
9,140,2,1,2,-8.764726328312669,453.13291323366974,-0.623251280782349
9,141,2,1,2,-8.764726328312669,452.13624042525373,-0.623251280782349
9,142,1,2,1,446.521656119836,-1.5657700518764335,-0.5649019525675409
9,143,2,1,2,-8.764726328312669,450.301246835585,-0.623251280782349
9,144,2,2,3,-1.854459596569739,-2.0529514251836596,436.1037366445106
9,145,2,1,2,-8.764726328312669,449.87676610789026,-0.623251280782349
9,146,1,2,1,447.2072903525335,-1.5657700518764335,-0.5649019525675409
9,147,2,1,2,-8.764726328312669,449.6626112420021,-0.623251280782349
9,148,1,2,1,455.3380647912415,-1.5657700518764335,-0.5649019525675409
9,149,0,2,1,434.9848119126067,-1.9014646570958402,-0.6663679920857718
9,150,2,1,2,-8.764726328312669,448.4706200456084,-0.623251280782349
9,151,2,2,3,-1.854459596569739,-2.0529514251836596,437.47183139439244
9,152,1,2,1,453.2139696201622,-1.5657700518764335,-0.5649019525675409
9,153,2,2,3,-1.854459596569739,-2.0529514251836596,438.4928312473493
9,154,1,2,1,451.50336295163356,-1.5657700518764335,-0.5649019525675409
9,155,2,2,3,-1.854459596569739,-2.0529514251836596,437.9543384161019
9,156,2,2,3,-1.854459596569739,-2.0529514251836596,437.4163840776858
9,157,2,2,3,-1.854459596569739,-2.0529514251836596,438.27357860212896
9,158,1,2,1,450.04211093808095,-1.5657700518764335,-0.5649019525675409
9,159,2,2,3,-1.854459596569739,-2.0529514251836596,438.90038972478607
9,160,1,2,1,448.88903842702666,-1.5657700518764335,-0.5649019525675409
9,161,2,2,3,-1.854459596569739,-2.0529514251836596,439.3503655565831
9,162,1,2,1,447.99582077442574,-1.5657700518764335,-0.5649019525675409
9,163,2,2,3,-1.854459596569739,-2.0529514251836596,438.8110151910265
9,164,2,2,3,-1.854459596569739,-2.0529514251836596,438.2722041758355
9,165,2,2,3,-1.854459596569739,-2.0529514251836596,437.7339319716597
9,166,2,2,3,-1.854459596569739,-2.0529514251836596,437.196198039688
9,167,2,2,3,-1.854459596569739,-2.0529514251836596,436.6590018416483
9,168,2,2,3,-1.854459596569739,-2.0529514251836596,436.12234283980666
9,169,2,2,3,-1.854459596569739,-2.0529514251836596,436.8086999403412
9,170,2,1,2,-8.764726328312669,447.5676193351414,-0.623251280782349
9,171,2,2,3,-1.854459596569739,-2.0529514251836596,437.3370242604861
9,172,2,1,2,-8.764726328312669,446.9072228034154,-0.623251280782349
9,173,2,2,3,-1.854459596569739,-2.0529514251836596,436.7996872362256
9,174,2,2,3,-1.854459596569739,-2.0529514251836596,436.2628875489894
9,175,2,2,3,-1.854459596569739,-2.0529514251836596,436.78041385162857
9,176,2,1,2,-8.764726328312669,455.1905106852513,-0.623251280782349
9,177,2,0,2,-1.53565384476972,435.93349682191763,-0.6300840498404277
9,178,1,2,1,448.860099254823,-1.5657700518764335,-0.5649019525675409
9,179,2,1,2,-8.764726328312669,453.0127205880374,-0.623251280782349
9,180,2,2,3,-1.854459596569739,-2.0529514251836596,437.8506318046814
9,181,2,1,2,-8.764726328312669,451.2586610778971,-0.623251280782349
9,182,2,2,3,-1.854459596569739,-2.0529514251836596,438.6401760709251
9,183,2,1,2,-8.764726328312669,451.1074024168192,-0.623251280782349
9,184,2,1,2,-8.764726328312669,451.0562950144024,-0.623251280782349
9,185,2,1,2,-8.764726328312669,450.8878153391896,-0.623251280782349
9,186,1,2,1,449.3119830479205,-1.5657700518764335,-0.5649019525675409
9,187,2,1,2,-8.764726328312669,451.0369275238504,-0.623251280782349
9,188,2,1,2,-8.764726328312669,450.058612202487,-0.623251280782349
9,189,2,2,3,-1.854459596569739,-2.0529514251836596,438.1015358948542
9,190,2,2,3,-1.854459596569739,-2.0529514251836596,437.56343435895934
9,191,2,2,3,-1.854459596569739,-2.0529514251836596,438.2628935311096
9,192,2,1,2,-8.764726328312669,449.2407774418181,-0.623251280782349
9,193,2,2,3,-1.854459596569739,-2.0529514251836596,437.7246306375785
9,194,2,2,3,-1.854459596569739,-2.0529514251836596,437.18690600694094
9,195,2,2,3,-1.854459596569739,-2.0529514251836596,437.850101727991
9,196,1,2,1,448.52794481419954,-1.5657700518764335,-0.5649019525675409
9,197,2,2,3,-1.854459596569739,-2.0529514251836596,438.4399285219319
9,198,2,1,2,-8.764726328312669,457.37411588300614,-0.623251280782349
9,199,2,0,2,-1.53565384476972,435.7457000633971,-0.6300840498404277
9,200,2,2,3,-1.854459596569739,-2.0529514251836596,439.7759731421563
9,201,2,1,2,-8.764726328312669,455.274525635779,-0.623251280782349
9,202,2,2,3,-1.854459596569739,-2.0529514251836596,440.7705538658828
9,203,2,1,2,-8.764726328312669,453.5833579049235,-0.623251280782349
9,204,2,2,3,-1.854459596569739,-2.0529514251836596,441.49825091188194
9,205,2,1,2,-8.764726328312669,453.42977454701855,-0.623251280782349
9,206,2,1,2,-8.764726328312669,452.195123932593,-0.623251280782349
9,207,2,2,3,-1.854459596569739,-2.0529514251836596,440.95675266097004
9,208,2,2,3,-1.854459596569739,-2.0529514251836596,440.41579590830906
9,209,2,2,3,-1.854459596569739,-2.0529514251836596,440.6784828540839
9,210,1,2,1,456.63864671212764,-1.5657700518764335,-0.5649019525675409
9,211,0,2,1,435.1135005239003,-1.9014646570958402,-0.6663679920857718
9,212,2,2,3,-1.854459596569739,-2.0529514251836596,441.7178605931761
9,213,1,2,1,454.80485023963934,-1.5657700518764335,-0.5649019525675409
9,214,2,2,3,-1.854459596569739,-2.0529514251836596,442.4717547075828
9,215,1,2,1,454.2916824850021,-1.5657700518764335,-0.5649019525675409
9,216,2,1,2,-8.764726328312669,452.4504881053489,-0.623251280782349
9,217,1,2,1,454.13739080251713,-1.5657700518764335,-0.5649019525675409
9,218,1,2,1,452.9283554383161,-1.5657700518764335,-0.5649019525675409
9,219,2,2,3,-1.854459596569739,-2.0529514251836596,442.91717755925407
9,220,2,1,2,-8.764726328312669,451.65423987318013,-0.623251280782349
9,221,2,2,3,-1.854459596569739,-2.0529514251836596,442.3742603816948
9,222,2,2,3,-1.854459596569739,-2.0529514251836596,441.8318861213131
9,223,2,2,3,-1.854459596569739,-2.0529514251836596,442.3886046975751
9,224,1,2,1,451.9319917595444,-1.5657700518764335,-0.5649019525675409
9,225,2,2,3,-1.854459596569739,-2.0529514251836596,442.7910114120125
9,226,1,2,1,451.1751027133792,-1.5657700518764335,-0.5649019525675409
9,227,2,2,3,-1.854459596569739,-2.0529514251836596,442.2482204006005
9,228,2,2,3,-1.854459596569739,-2.0529514251836596,441.70597218019986
9,229,2,2,3,-1.854459596569739,-2.0529514251836596,441.1642662080197
9,230,2,2,3,-1.854459596569739,-2.0529514251836596,440.6231019418117
9,231,2,2,3,-1.854459596569739,-2.0529514251836596,441.12712691625507
9,232,1,2,1,450.42917800675053,-1.5657700518764335,-0.5649019525675409
9,233,2,2,3,-1.854459596569739,-2.0529514251836596,441.6281839720744
9,234,2,1,2,-8.764726328312669,450.9100060990975,-0.623251280782349
9,235,2,2,3,-1.854459596569739,-2.0529514251836596,441.95785419753526
9,236,1,2,1,449.94008777163145,-1.5657700518764335,-0.5649019525675409
9,237,2,2,3,-1.854459596569739,-2.0529514251836596,442.3021593815924
9,238,2,1,2,-8.764726328312669,450.40691926796535,-0.623251280782349
9,239,2,2,3,-1.854459596569739,-2.0529514251836596,441.7598572222108
9,240,2,2,3,-1.854459596569739,-2.0529514251836596,441.21809736498864
9,241,2,2,3,-1.854459596569739,-2.0529514251836596,441.58657263601833
9,242,2,1,2,-8.764726328312669,458.40505164744513,-0.623251280782349
9,243,2,0,2,-1.53565384476972,437.5532301701545,-0.6300840498404277
9,244,2,1,2,-8.764726328312669,458.0466465957977,-0.623251280782349
9,245,2,1,2,-8.764726328312669,456.15905262718377,-0.623251280782349
9,246,2,2,3,-1.854459596569739,-2.0529514251836596,442.4876615825077
9,247,2,1,2,-8.764726328312669,456.0028935745566,-0.623251280782349
9,248,2,1,2,-8.764726328312669,455.94689068098205,-0.623251280782349
9,249,2,1,2,-8.764726328312669,455.99094379030106,-0.623251280782349
9,250,2,1,2,-8.764726328312669,456.13495284651077,-0.623251280782349
9,251,2,1,2,-8.764726328312669,455.027736058528,-0.623251280782349
9,252,2,2,3,-1.854459596569739,-2.0529514251836596,443.1866412940512
9,253,2,1,2,-8.764726328312669,454.2004399407862,-0.623251280782349
9,254,2,2,3,-1.854459596569739,-2.0529514251836596,442.64345465275716
9,255,2,2,3,-1.854459596569739,-2.0529514251836596,443.2449527416193
9,256,2,1,2,-8.764726328312669,461.9981657335529,-0.623251280782349
9,257,2,0,2,-1.53565384476972,438.3419758425306,-0.6300840498404277
9,258,1,2,1,446.69456486144117,-1.5657700518764335,-0.5649019525675409
9,259,0,1,2,2.7914631950699156,332.70792625161954,3.2914969809938084
9,260,0,2,1,437.339968879132,-1.9014646570958402,-0.6663679920857718
9,261,2,1,2,-8.764726328312669,459.87959948161796,-0.623251280782349
9,262,2,2,3,-1.854459596569739,-2.0529514251836596,444.34853781613754
9,263,2,1,2,-8.764726328312669,458.18214477725377,-0.623251280782349
9,264,2,2,3,-1.854459596569739,-2.0529514251836596,444.03644595580647
9,265,1,2,1,446.0847165249219,-1.5657700518764335,-0.5649019525675409
9,266,2,2,3,-1.854459596569739,-2.0529514251836596,443.4924095098507
9,267,2,2,3,-1.854459596569739,-2.0529514251836596,442.94891710034085
9,268,2,2,3,-1.854459596569739,-2.0529514251836596,442.71641232627405
9,269,1,2,1,445.5051696927308,-1.5657700518764335,-0.5649019525675409
9,270,2,2,3,-1.854459596569739,-2.0529514251836596,442.449782893227
9,271,1,2,1,445.0571812298872,-1.5657700518764335,-0.5649019525675409
9,272,2,2,3,-1.854459596569739,-2.0529514251836596,442.1654655456631
9,273,1,2,1,444.72584419591914,-1.5657700518764335,-0.5649019525675409
9,274,2,2,3,-1.854459596569739,-2.0529514251836596,441.6233000801174
9,275,2,2,3,-1.854459596569739,-2.0529514251836596,441.0816767800373
9,276,2,2,3,-1.854459596569739,-2.0529514251836596,442.2335414349817
9,277,2,1,2,-8.764726328312669,456.5450509015916,-0.623251280782349
9,278,2,2,3,-1.854459596569739,-2.0529514251836596,441.6913078935467
9,279,2,2,3,-1.854459596569739,-2.0529514251836596,441.1496165856532
9,280,2,2,3,-1.854459596569739,-2.0529514251836596,440.60846696906754
9,281,2,2,3,-1.854459596569739,-2.0529514251836596,440.0678585020985
9,282,2,2,3,-1.854459596569739,-2.0529514251836596,441.1590326911462
9,283,2,1,2,-8.764726328312669,455.0652900478559,-0.623251280782349
9,284,2,2,3,-1.854459596569739,-2.0529514251836596,440.61787365845504
9,285,2,2,3,-1.854459596569739,-2.0529514251836596,440.0772557847966
9,286,2,2,3,-1.854459596569739,-2.0529514251836596,441.0209939210547
9,287,2,1,2,-8.764726328312669,453.8198394412547,-0.623251280782349
9,288,2,2,3,-1.854459596569739,-2.0529514251836596,440.8467531043452
9,289,1,2,1,444.3970883336574,-1.5657700518764335,-0.5649019525675409
9,290,2,2,3,-1.854459596569739,-2.0529514251836596,440.65738953894277
9,291,1,2,1,444.182461064647,-1.5657700518764335,-0.5649019525675409
9,292,2,2,3,-1.854459596569739,-2.0529514251836596,441.4198146897327
9,293,2,1,2,-8.764726328312669,452.8384171514128,-0.623251280782349
9,294,2,2,3,-1.854459596569739,-2.0529514251836596,442.00883651874926
9,295,2,1,2,-8.764726328312669,452.1134502516277,-0.623251280782349
9,296,2,2,3,-1.854459596569739,-2.0529514251836596,441.46682768223053
9,297,2,2,3,-1.854459596569739,-2.0529514251836596,440.92536085454833
9,298,2,2,3,-1.854459596569739,-2.0529514251836596,440.3844354936938
9,299,2,2,3,-1.854459596569739,-2.0529514251836596,439.8440510582001
9,300,2,2,3,-1.854459596569739,-2.0529514251836596,439.73370959778015
9,301,1,2,1,443.99785220836253,-1.5657700518764335,-0.5649019525675409
9,302,2,2,3,-1.854459596569739,-2.0529514251836596,440.4195702129133
9,303,2,1,2,-8.764726328312669,460.19796083487546,-0.623251280782349
9,304,2,0,2,-1.53565384476972,438.10931570935594,-0.6300840498404277
9,305,2,2,3,-1.854459596569739,-2.0529514251836596,441.83721131427467
9,306,2,1,2,-8.764726328312669,459.8377628740406,-0.623251280782349
9,307,2,1,2,-8.764726328312669,459.57792511116656,-0.623251280782349
9,308,2,1,2,-8.764726328312669,459.41834718605537,-0.623251280782349
9,309,2,1,2,-8.764726328312669,459.3589288388693,-0.623251280782349
9,310,2,1,2,-8.764726328312669,457.8788233236103,-0.623251280782349
9,311,1,2,1,445.7280704965637,-1.5657700518764335,-0.5649019525675409
9,312,2,1,2,-8.764726328312669,458.02094450028665,-0.623251280782349
9,313,2,1,2,-8.764726328312669,458.26292355578636,-0.623251280782349
9,314,2,1,2,-8.764726328312669,458.60466063223055,-0.623251280782349
9,315,2,1,2,-8.764726328312669,466.01701682423374,-0.623251280782349
9,316,2,0,2,-1.53565384476972,438.42546311758014,-0.6300840498404277
9,317,1,2,1,443.99334814581766,-1.5657700518764335,-0.5649019525675409
9,318,0,1,2,2.7914631950699156,342.83379054549164,3.2914969809938084
9,319,0,2,1,437.347855911332,-1.9014646570958402,-0.6663679920857718
9,320,2,2,3,-1.854459596569739,-2.0529514251836596,441.2953741029604
9,321,2,2,3,-1.854459596569739,-2.0529514251836596,440.75407872885745
9,322,2,2,3,-1.854459596569739,-2.0529514251836596,440.2133246501286
9,323,2,2,3,-1.854459596569739,-2.0529514251836596,439.67311132547843
9,324,2,2,3,-1.854459596569739,-2.0529514251836596,441.7414848585297
9,325,2,1,2,-8.764726328312669,463.3477221428048,-0.623251280782349
9,326,2,2,3,-1.854459596569739,-2.0529514251836596,441.1997433736712
9,327,2,2,3,-1.854459596569739,-2.0529514251836596,440.6585436302975
9,328,2,2,3,-1.854459596569739,-2.0529514251836596,440.11788508666723
9,329,2,2,3,-1.854459596569739,-2.0529514251836596,439.57776720158057
9,330,2,2,3,-1.854459596569739,-2.0529514251836596,441.3914149735602
9,331,2,1,2,-8.764726328312669,461.01070001090676,-0.623251280782349
9,332,2,2,3,-1.854459596569739,-2.0529514251836596,441.1076149426401
9,333,1,2,1,443.36366721055725,-1.5657700518764335,-0.5649019525675409
9,334,2,2,3,-1.854459596569739,-2.0529514251836596,442.5369127494559
9,335,2,1,2,-8.764726328312669,459.1207843720122,-0.623251280782349
9,336,2,2,3,-1.854459596569739,-2.0529514251836596,443.6361791273395
9,337,2,1,2,-8.764726328312669,457.6286876684176,-0.623251280782349
9,338,2,2,3,-1.854459596569739,-2.0529514251836596,444.4778012937789
9,339,2,1,2,-8.764726328312669,456.46912122966,-0.623251280782349
9,340,2,2,3,-1.854459596569739,-2.0529514251836596,443.8230242182462
9,341,1,2,1,443.1657798871079,-1.5657700518764335,-0.5649019525675409
9,342,2,2,3,-1.854459596569739,-2.0529514251836596,443.27920119402796
9,343,2,2,3,-1.854459596569739,-2.0529514251836596,442.73592199283394
9,344,2,2,3,-1.854459596569739,-2.0529514251836596,442.1931860708411
9,345,2,2,3,-1.854459596569739,-2.0529514251836596,441.65099288477023
9,346,2,2,3,-1.854459596569739,-2.0529514251836596,442.57633659802957
9,347,2,1,2,-8.764726328312669,455.33726642989893,-0.623251280782349
9,348,2,2,3,-1.854459596569739,-2.0529514251836596,442.0921151470503
9,349,1,2,1,442.91632129795505,-1.5657700518764335,-0.5649019525675409
9,350,2,2,3,-1.854459596569739,-2.0529514251836596,442.8612930089053
9,351,2,1,2,-8.764726328312669,454.4468077947907,-0.623251280782349
9,352,2,2,3,-1.854459596569739,-2.0529514251836596,442.3238795165123
9,353,1,2,1,442.8147532402943,-1.5657700518764335,-0.5649019525675409
9,354,2,2,3,-1.854459596569739,-2.0529514251836596,442.98172553654535
9,355,2,1,2,-8.764726328312669,462.3062478639521,-0.623251280782349
9,356,2,0,2,-1.53565384476972,438.42157737661125,-0.6300840498404277
9,357,1,2,1,444.80159645479614,-1.5657700518764335,-0.5649019525675409
9,358,2,1,2,-8.764726328312669,461.9439416160881,-0.623251280782349
9,359,2,1,2,-8.764726328312669,461.68199767447203,-0.623251280782349
9,360,2,1,2,-8.764726328312669,459.6689887351428,-0.623251280782349
9,361,2,2,3,-1.854459596569739,-2.0529514251836596,444.09078286767
9,362,2,1,2,-8.764726328312669,458.13744791065335,-0.623251280782349
9,363,1,2,1,446.2770441524712,-1.5657700518764335,-0.5649019525675409
9,364,2,1,2,-8.764726328312669,456.78869062348735,-0.623251280782349
9,365,2,2,3,-1.854459596569739,-2.0529514251836596,444.80378495262823
9,366,2,1,2,-8.764726328312669,455.8912489322333,-0.623251280782349
9,367,1,2,1,447.4825733815152,-1.5657700518764335,-0.5649019525675409
9,368,2,1,2,-8.764726328312669,456.13535768330104,-0.623251280782349
9,369,2,1,2,-8.764726328312669,455.3573966252811,-0.623251280782349
9,370,2,2,3,-1.854459596569739,-2.0529514251836596,444.52418122213544
9,371,1,2,1,447.54220998435505,-1.5657700518764335,-0.5649019525675409
9,372,2,2,3,-1.854459596569739,-2.0529514251836596,444.27844188837304
9,373,1,2,1,455.98542672114144,-1.5657700518764335,-0.5649019525675409
9,374,0,2,1,437.5966360671477,-1.9014646570958402,-0.6663679920857718
9,375,2,2,3,-1.854459596569739,-2.0529514251836596,444.8931549449287
9,376,1,2,1,455.6294412944203,-1.5657700518764335,-0.5649019525675409
9,377,1,2,1,454.3109195045262,-1.5657700518764335,-0.5649019525675409
9,378,2,2,3,-1.854459596569739,-2.0529514251836596,445.3842217163387
9,379,2,1,2,-8.764726328312669,463.1253931230375,-0.623251280782349
9,380,2,0,2,-1.53565384476972,439.5562006698982,-0.6300840498404277
9,381,1,2,1,454.1566085850217,-1.5657700518764335,-0.5649019525675409
9,382,1,2,1,454.10245197643667,-1.5657700518764335,-0.5649019525675409
9,383,1,2,1,453.28524472871055,-1.5657700518764335,-0.5649019525675409
9,384,2,2,3,-1.854459596569739,-2.0529514251836596,446.59521346388556
9,385,2,1,2,-8.764726328312669,461.1257799436584,-0.623251280782349
9,386,2,2,3,-1.854459596569739,-2.0529514251836596,447.4871443319192
9,387,2,1,2,-8.764726328312669,459.51442923815256,-0.623251280782349
9,388,2,2,3,-1.854459596569739,-2.0529514251836596,446.9396571875873
9,389,2,2,3,-1.854459596569739,-2.0529514251836596,446.3927175303997
9,390,2,2,3,-1.854459596569739,-2.0529514251836596,445.8463248128693
9,391,2,2,3,-1.854459596569739,-2.0529514251836596,445.3004784880564
9,392,2,2,3,-1.854459596569739,-2.0529514251836596,446.16235913382786
9,393,2,1,2,-8.764726328312669,458.03305986858624,-0.623251280782349
9,394,2,2,3,-1.854459596569739,-2.0529514251836596,446.79139614743514
9,395,2,1,2,-8.764726328312669,456.8621021003237,-0.623251280782349
9,396,2,2,3,-1.854459596569739,-2.0529514251836596,447.2416046406237
9,397,2,1,2,-8.764726328312669,455.9528107497131,-0.623251280782349
9,398,2,2,3,-1.854459596569739,-2.0529514251836596,447.5567724407829
9,399,2,1,2,-8.764726328312669,455.2656501463793,-0.623251280782349
9,400,2,2,3,-1.854459596569739,-2.0529514251836596,447.77239456119617
9,401,2,1,2,-8.764726328312669,454.7685521932998,-0.623251280782349
9,402,2,2,3,-1.854459596569739,-2.0529514251836596,447.7703943332189
9,403,1,2,1,452.88598929482816,-1.5657700518764335,-0.5649019525675409
9,404,2,2,3,-1.854459596569739,-2.0529514251836596,447.2226239388857
9,405,2,2,3,-1.854459596569739,-2.0529514251836596,446.67540131494684
9,406,2,2,3,-1.854459596569739,-2.0529514251836596,446.74357412364014
9,407,1,2,1,452.5250042035857,-1.5657700518764335,-0.5649019525675409
9,408,2,2,3,-1.854459596569739,-2.0529514251836596,446.9913033784128
9,409,2,1,2,-8.764726328312669,454.3438360084327,-0.623251280782349
9,410,2,2,3,-1.854459596569739,-2.0529514251836596,446.9921484567265
9,411,1,2,1,452.324726480443,-1.5657700518764335,-0.5649019525675409
9,412,2,2,3,-1.854459596569739,-2.0529514251836596,447.1729733758887
9,413,2,1,2,-8.764726328312669,462.32551627390933,-0.623251280782349
9,414,2,0,2,-1.53565384476972,439.87070496712136,-0.6300840498404277
9,415,2,2,3,-1.854459596569739,-2.0529514251836596,448.12590214941685
9,416,2,1,2,-8.764726328312669,460.55742895931064,-0.623251280782349
9,417,2,2,3,-1.854459596569739,-2.0529514251836596,448.8084974014469
9,418,2,1,2,-8.764726328312669,460.2968715303513,-0.623251280782349
9,419,2,1,2,-8.764726328312669,460.13657465882096,-0.623251280782349
9,420,2,1,2,-8.764726328312669,460.07643808416213,-0.623251280782349
9,421,2,1,2,-8.764726328312669,459.00083551848917,-0.623251280782349
9,422,2,2,3,-1.854459596569739,-2.0529514251836596,448.25968890404545
9,423,2,2,3,-1.854459596569739,-2.0529514251836596,447.7114292151414
9,424,2,2,3,-1.854459596569739,-2.0529514251836596,447.6204342151911
9,425,1,2,1,460.3143208030463,-1.5657700518764335,-0.5649019525675409
9,426,0,2,1,439.40809021993454,-1.9014646570958402,-0.6663679920857718
9,427,1,2,1,459.95400648224324,-1.5657700518764335,-0.5649019525675409
9,428,1,2,1,459.694052475761,-1.5657700518764335,-0.5649019525675409
9,429,1,2,1,459.53435842328525,-1.5657700518764335,-0.5649019525675409
9,430,1,2,1,459.474824064862,-1.5657700518764335,-0.5649019525675409
9,431,1,2,1,458.3417646456797,-1.5657700518764335,-0.5649019525675409
9,432,2,2,3,-1.854459596569739,-2.0529514251836596,447.07281378097593
9,433,2,2,3,-1.854459596569739,-2.0529514251836596,446.52574096719496
9,434,2,2,3,-1.854459596569739,-2.0529514251836596,447.21424958680586
9,435,2,1,2,-8.764726328312669,457.97496267573405,-0.623251280782349
9,436,2,2,3,-1.854459596569739,-2.0529514251836596,447.73234593302294
9,437,2,1,2,-8.764726328312669,457.2029686555299,-0.623251280782349
9,438,2,2,3,-1.854459596569739,-2.0529514251836596,448.12220523661813
9,439,2,1,2,-8.764726328312669,456.6467701084021,-0.623251280782349
9,440,2,2,3,-1.854459596569739,-2.0529514251836596,447.5740830313815
9,441,2,2,3,-1.854459596569739,-2.0529514251836596,447.0265089483501
9,442,2,2,3,-1.854459596569739,-2.0529514251836596,447.5996927534374
9,443,1,2,1,457.41995776370203,-1.5657700518764335,-0.5649019525675409
9,444,2,2,3,-1.854459596569739,-2.0529514251836596,448.0242992967002
9,445,1,2,1,456.73236761770517,-1.5657700518764335,-0.5649019525675409
9,446,2,2,3,-1.854459596569739,-2.0529514251836596,448.32989960776194
9,447,2,1,2,-8.764726328312669,464.4292928893069,-0.623251280782349
9,448,2,0,2,-1.53565384476972,441.10013886456204,-0.6300840498404277
9,449,1,2,1,457.83763085197603,-1.5657700518764335,-0.5649019525675409
9,450,2,1,2,-8.764726328312669,464.0648635964176,-0.623251280782349
9,451,2,1,2,-8.764726328312669,463.80079873282114,-0.623251280782349
9,452,2,1,2,-8.764726328312669,463.6369979340883,-0.623251280782349
9,453,2,1,2,-8.764726328312669,463.5733609361542,-0.623251280782349
9,454,2,1,2,-8.764726328312669,462.1006849037072,-0.623251280782349
9,455,2,2,3,-1.854459596569739,-2.0529514251836596,447.78156970815417
9,456,2,2,3,-1.854459596569739,-2.0529514251836596,447.233788138446
9,457,2,2,3,-1.854459596569739,-2.0529514251836596,446.6865543503076
9,458,2,2,3,-1.854459596569739,-2.0529514251836596,446.1398677959573
9,459,2,2,3,-1.854459596569739,-2.0529514251836596,445.59372792816134
9,460,2,2,3,-1.854459596569739,-2.0529514251836596,445.04813420023316
9,461,2,2,3,-1.854459596569739,-2.0529514251836596,444.50308606603295
9,462,2,2,3,-1.854459596569739,-2.0529514251836596,443.95858297996693
9,463,2,2,3,-1.854459596569739,-2.0529514251836596,445.21069248743726
9,464,2,1,2,-8.764726328312669,460.5664749695928,-0.623251280782349
9,465,2,2,3,-1.854459596569739,-2.0529514251836596,445.91554869303917
9,466,1,2,1,465.45526869855195,-1.5657700518764335,-0.5649019525675409
9,467,0,2,1,441.5473527990977,-1.9014646570958402,-0.6663679920857718
9,468,1,2,1,465.0898134298534,-1.5657700518764335,-0.5649019525675409
9,469,1,2,1,464.37691310885776,-1.5657700518764335,-0.5649019525675409
9,470,2,1,2,-8.764726328312669,461.1831418704104,-0.623251280782349
9,471,1,2,1,463.8963528431426,-1.5657700518764335,-0.5649019525675409
9,472,2,1,2,-8.764726328312669,461.7905666148405,-0.623251280782349
9,473,1,2,1,462.05235687943923,-1.5657700518764335,-0.5649019525675409
9,474,2,2,3,-1.854459596569739,-2.0529514251836596,446.96717715479974
9,475,1,2,1,462.06438728636454,-1.5657700518764335,-0.5649019525675409
9,476,2,1,2,-8.764726328312669,469.1804237009481,-0.623251280782349
9,477,2,0,2,-1.53565384476972,441.239875516431,-0.6300840498404277
9,478,2,2,3,-1.854459596569739,-2.0529514251836596,448.61932138571365
9,479,2,1,2,-8.764726328312669,466.77569414803895,-0.623251280782349
9,480,2,2,3,-1.854459596569739,-2.0529514251836596,448.0707020643279
9,481,2,2,3,-1.854459596569739,-2.0529514251836596,447.5226313622636
9,482,2,2,3,-1.854459596569739,-2.0529514251836596,448.8811619466931
9,483,2,1,2,-8.764726328312669,464.73735976595765,-0.623251280782349
9,484,2,2,3,-1.854459596569739,-2.0529514251836596,448.33228078474644
9,485,2,2,3,-1.854459596569739,-2.0529514251836596,447.7839485039617
9,486,2,2,3,-1.854459596569739,-2.0529514251836596,448.91455227039535
9,487,2,1,2,-8.764726328312669,463.006164464131,-0.623251280782349
9,488,2,2,3,-1.854459596569739,-2.0529514251836596,449.6674713847059
9,489,1,2,1,460.97502822481397,-1.5657700518764335,-0.5649019525675409
9,490,2,2,3,-1.854459596569739,-2.0529514251836596,450.43833452818427
9,491,2,1,2,-8.764726328312669,461.69894313600815,-0.623251280782349
9,492,2,2,3,-1.854459596569739,-2.0529514251836596,449.8878961936561
9,493,2,2,3,-1.854459596569739,-2.0529514251836596,449.33800829746247
9,494,2,2,3,-1.854459596569739,-2.0529514251836596,449.9407352619728
9,495,1,2,1,460.1216581932679,-1.5657700518764335,-0.5649019525675409
9,496,2,2,3,-1.854459596569739,-2.0529514251836596,450.5548571062403
9,497,2,1,2,-8.764726328312669,460.6339796759251,-0.623251280782349
9,498,2,2,3,-1.854459596569739,-2.0529514251836596,451.00213538353285
9,499,2,1,2,-8.764726328312669,459.8197931113024,-0.623251280782349
9,500,2,2,3,-1.854459596569739,-2.0529514251836596,450.4511332481493
9,501,2,2,3,-1.854459596569739,-2.0529514251836596,449.90068211490114
9,502,2,2,3,-1.854459596569739,-2.0529514251836596,450.33277342143
9,503,2,1,2,-8.764726328312669,459.1207583688937,-0.623251280782349
9,504,2,2,3,-1.854459596569739,-2.0529514251836596,450.75154024042047
9,505,1,2,1,459.5338948577427,-1.5657700518764335,-0.5649019525675409
9,506,2,2,3,-1.854459596569739,-2.0529514251836596,451.07024180729496
9,507,1,2,1,467.19369329907914,-1.5657700518764335,-0.5649019525675409
9,508,0,2,1,442.04857145811013,-1.9014646570958402,-0.6663679920857718
9,509,2,2,3,-1.854459596569739,-2.0529514251836596,452.1153932631743
9,510,1,2,1,465.33374790222547,-1.5657700518764335,-0.5649019525675409
9,511,2,2,3,-1.854459596569739,-2.0529514251836596,452.8718949791772
9,512,1,2,1,464.4533281905234,-1.5657700518764335,-0.5649019525675409
9,513,2,1,2,-8.764726328312669,459.98956202286615,-0.623251280782349
9,514,1,2,1,463.84696201173483,-1.5657700518764335,-0.5649019525675409
9,515,2,1,2,-8.764726328312669,457.3020342990827,-0.623251280782349
9,516,1,0,1,347.8230065716102,8.926262106749988,17.78679373987269
9,517,2,0,2,-1.53565384476972,442.38878936039714,-0.6300840498404277
9,518,2,1,2,-8.764726328312669,456.9447322647836,-0.623251280782349
9,519,2,1,2,-8.764726328312669,456.6877875325188,-0.623251280782349
9,520,2,1,2,-8.764726328312669,456.1533263822055,-0.623251280782349
9,521,2,2,3,-1.854459596569739,-2.0529514251836596,453.40555472042126
9,522,1,2,1,462.84941572788307,-1.5657700518764335,-0.5649019525675409
9,523,2,2,3,-1.854459596569739,-2.0529514251836596,453.1241785602175
9,524,2,1,2,-8.764726328312669,455.79728742144647,-0.623251280782349
9,525,2,2,3,-1.854459596569739,-2.0529514251836596,452.5710543816573
9,526,2,2,3,-1.854459596569739,-2.0529514251836596,452.01848332727565
9,527,2,2,3,-1.854459596569739,-2.0529514251836596,452.5387271516085
9,528,1,2,1,461.965808143104,-1.5657700518764335,-0.5649019525675409
9,529,2,2,3,-1.854459596569739,-2.0529514251836596,452.91946944261497
9,530,1,2,1,461.3082548036125,-1.5657700518764335,-0.5649019525675409
9,531,2,2,3,-1.854459596569739,-2.0529514251836596,453.19703972391113
9,532,1,2,1,460.84393625591844,-1.5657700518764335,-0.5649019525675409
9,533,2,2,3,-1.854459596569739,-2.0529514251836596,452.64384268418723
9,534,2,2,3,-1.854459596569739,-2.0529514251836596,452.09119884150306
9,535,2,2,3,-1.854459596569739,-2.0529514251836596,451.90601041207594
9,536,2,1,2,-8.764726328312669,455.45625371009737,-0.623251280782349
9,537,2,2,3,-1.854459596569739,-2.0529514251836596,451.35410440166385
9,538,2,2,3,-1.854459596569739,-2.0529514251836596,450.8027502972622
9,539,2,2,3,-1.854459596569739,-2.0529514251836596,450.25194754696497
9,540,2,2,3,-1.854459596569739,-2.0529514251836596,449.70169559941803
9,541,2,2,3,-1.854459596569739,-2.0529514251836596,449.1519939038186
9,542,2,2,3,-1.854459596569739,-2.0529514251836596,448.6028419099148
9,543,2,2,3,-1.854459596569739,-2.0529514251836596,449.26610740825924
9,544,1,2,1,468.4223512046795,-1.5657700518764335,-0.5649019525675409
9,545,0,2,1,444.21752708156237,-1.9014646570958402,-0.6663679920857718
9,546,1,2,1,468.0539288534748,-1.5657700518764335,-0.5649019525675409
9,547,1,2,1,465.925880601545,-1.5657700518764335,-0.5649019525675409
9,548,2,2,3,-1.854459596569739,-2.0529514251836596,450.36615884698625
9,549,1,2,1,464.7234616586901,-1.5657700518764335,-0.5649019525675409
9,550,2,1,2,-8.764726328312669,456.51825104329794,-0.623251280782349
9,551,1,2,1,463.8464223461076,-1.5657700518764335,-0.5649019525675409
9,552,2,1,2,-8.764726328312669,457.4872217512328,-0.623251280782349
9,553,1,2,1,462.5480298373485,-1.5657700518764335,-0.5649019525675409
9,554,2,2,3,-1.854459596569739,-2.0529514251836596,451.0217979161851
9,555,1,2,1,462.1844618069857,-1.5657700518764335,-0.5649019525675409
9,556,2,1,2,-8.764726328312669,457.18965756981186,-0.623251280782349
9,557,2,2,3,-1.854459596569739,-2.0529514251836596,451.08139422397795
9,558,2,1,2,-8.764726328312669,465.16718195951,-0.623251280782349
9,559,2,0,2,-1.53565384476972,444.20146143834893,-0.6300840498404277
9,560,2,1,2,-8.764726328312669,464.8020147775505,-0.623251280782349
9,561,2,1,2,-8.764726328312669,464.278075018687,-0.623251280782349
9,562,1,2,1,462.6295450531372,-1.5657700518764335,-0.5649019525675409
9,563,2,1,2,-8.764726328312669,462.8073255449921,-0.623251280782349
9,564,2,2,3,-1.854459596569739,-2.0529514251836596,450.530312829754
9,565,2,2,3,-1.854459596569739,-2.0529514251836596,449.9797825169242
9,566,2,2,3,-1.854459596569739,-2.0529514251836596,450.68212922549236
9,567,1,2,1,461.7841213411472,-1.5657700518764335,-0.5649019525675409
9,568,2,2,3,-1.854459596569739,-2.0529514251836596,450.13144709626687
9,569,2,2,3,-1.854459596569739,-2.0529514251836596,449.5813156491706
9,570,2,2,3,-1.854459596569739,-2.0529514251836596,450.34110931320777
9,571,2,1,2,-8.764726328312669,461.5103628125005,-0.623251280782349
9,572,2,2,3,-1.854459596569739,-2.0529514251836596,450.9236263946606
9,573,1,2,1,469.4832443881072,-1.5657700518764335,-0.5649019525675409
9,574,0,2,1,444.43721338647754,-1.9014646570958402,-0.6663679920857718
9,575,2,2,3,-1.854459596569739,-2.0529514251836596,452.2101049496171
9,576,1,2,1,467.40372033930856,-1.5657700518764335,-0.5649019525675409
9,577,2,2,3,-1.854459596569739,-2.0529514251836596,453.162062768247
9,578,1,2,1,465.72639251943417,-1.5657700518764335,-0.5649019525675409
9,579,2,2,3,-1.854459596569739,-2.0529514251836596,452.60890070547873
9,580,2,2,3,-1.854459596569739,-2.0529514251836596,452.05629180477325
9,581,2,2,3,-1.854459596569739,-2.0529514251836596,451.5042355129685
9,582,2,2,3,-1.854459596569739,-2.0529514251836596,452.36072482109563
9,583,1,2,1,464.2374650247792,-1.5657700518764335,-0.5649019525675409
9,584,2,2,3,-1.854459596569739,-2.0529514251836596,452.7141782574236
9,585,2,1,2,-8.764726328312669,460.67803017873536,-0.623251280782349
9,586,2,2,3,-1.854459596569739,-2.0529514251836596,452.9498854193761
9,587,2,1,2,-8.764726328312669,460.05226581738003,-0.623251280782349
9,588,2,2,3,-1.854459596569739,-2.0529514251836596,453.5144059148916
9,589,1,2,1,463.1116447078756,-1.5657700518764335,-0.5649019525675409
9,590,2,2,3,-1.854459596569739,-2.0529514251836596,453.60813963932304
9,591,2,1,2,-8.764726328312669,459.654245059935,-0.623251280782349
9,592,2,2,3,-1.854459596569739,-2.0529514251836596,453.99537850147044
9,593,1,2,1,462.2460227087336,-1.5657700518764335,-0.5649019525675409
9,594,2,2,3,-1.854459596569739,-2.0529514251836596,454.001610912257
9,595,2,1,2,-8.764726328312669,459.434980034255,-0.623251280782349
9,596,2,2,3,-1.854459596569739,-2.0529514251836596,453.4476093013447
9,597,2,2,3,-1.854459596569739,-2.0529514251836596,452.8941616920433
9,598,2,2,3,-1.854459596569739,-2.0529514251836596,453.26710177100364
9,599,1,2,1,461.4948635131896,-1.5657700518764335,-0.5649019525675409
9,600,2,2,3,-1.854459596569739,-2.0529514251836596,453.528383081709
9,601,1,2,1,460.94468708695985,-1.5657700518764335,-0.5649019525675409
9,602,2,2,3,-1.854459596569739,-2.0529514251836596,453.7090687951471
9,603,1,2,1,460.56741618898343,-1.5657700518764335,-0.5649019525675409
9,604,2,2,3,-1.854459596569739,-2.0529514251836596,453.15535972635195
9,605,2,2,3,-1.854459596569739,-2.0529514251836596,452.6022043666256
9,606,2,2,3,-1.854459596569739,-2.0529514251836596,452.04960216225896
9,607,2,2,3,-1.854459596569739,-2.0529514251836596,451.4975525600967
9,608,2,2,3,-1.854459596569739,-2.0529514251836596,451.7318603274783
9,609,2,1,2,-8.764726328312669,467.367426713226,-0.623251280782349
9,610,2,0,2,-1.53565384476972,444.5027694669344,-0.6300840498404277
9,611,2,2,3,-1.854459596569739,-2.0529514251836596,452.72804953933985
9,612,2,1,2,-8.764726328312669,465.55076094629806,-0.623251280782349
9,613,2,2,3,-1.854459596569739,-2.0529514251836596,453.44476991908937
9,614,2,1,2,-8.764726328312669,464.7918590543776,-0.623251280782349
9,615,1,2,1,458.35121983408874,-1.5657700518764335,-0.5649019525675409
9,616,0,1,2,2.7914631950699156,352.84969561620375,3.2914969809938084
9,617,0,2,1,446.0078860942132,-1.9014646570958402,-0.6663679920857718
9,618,2,1,2,-8.764726328312669,463.6037053709297,-0.623251280782349
9,619,2,2,3,-1.854459596569739,-2.0529514251836596,453.89705975890246
9,620,2,1,2,-8.764726328312669,463.64010166555875,-0.623251280782349
9,621,2,1,2,-8.764726328312669,463.7764615638932,-0.623251280782349
9,622,2,1,2,-8.764726328312669,463.47558617107865,-0.623251280782349
9,623,1,2,1,457.99286861425463,-1.5657700518764335,-0.5649019525675409
9,624,1,2,1,458.27766478376594,-1.5657700518764335,-0.5649019525675409
9,625,2,1,2,-8.764726328312669,463.2975163675636,-0.623251280782349
9,626,1,2,1,457.6857072215207,-1.5657700518764335,-0.5649019525675409
9,627,2,2,3,-1.854459596569739,-2.0529514251836596,453.34316269914353
9,628,2,2,3,-1.854459596569739,-2.0529514251836596,452.7898195364444
9,629,2,2,3,-1.854459596569739,-2.0529514251836596,452.23702971690795
9,630,2,2,3,-1.854459596569739,-2.0529514251836596,452.2242117601477
9,631,1,2,1,457.0873334636233,-1.5657700518764335,-0.5649019525675409
9,632,2,2,3,-1.854459596569739,-2.0529514251836596,452.7682447045217
9,633,2,1,2,-8.764726328312669,470.87353890803377,-0.623251280782349
9,634,2,0,2,-1.53565384476972,444.8765487459886,-0.6300840498404277
9,635,2,2,3,-1.854459596569739,-2.0529514251836596,454.0079005859649
9,636,2,1,2,-8.764726328312669,469.13783103012906,-0.623251280782349
9,637,1,2,1,458.3232453892437,-1.5657700518764335,-0.5649019525675409
9,638,2,1,2,-8.764726328312669,468.8686931990989,-0.623251280782349
9,639,2,1,2,-8.764726328312669,467.22860603719954,-0.623251280782349
9,640,2,2,3,-1.854459596569739,-2.0529514251836596,454.7627425250511
9,641,2,1,2,-8.764726328312669,465.92725694345967,-0.623251280782349
9,642,2,2,3,-1.854459596569739,-2.0529514251836596,454.5604695660811
9,643,1,2,1,458.09240733736135,-1.5657700518764335,-0.5649019525675409
9,644,2,2,3,-1.854459596569739,-2.0529514251836596,454.35557093587175
9,645,1,2,1,457.9643681262765,-1.5657700518764335,-0.5649019525675409
9,646,2,2,3,-1.854459596569739,-2.0529514251836596,454.15848628678594
9,647,1,2,1,457.92962145604065,-1.5657700518764335,-0.5649019525675409
9,648,2,2,3,-1.854459596569739,-2.0529514251836596,454.76943609550983
9,649,2,1,2,-8.764726328312669,464.8567054225692,-0.623251280782349
9,650,2,2,3,-1.854459596569739,-2.0529514251836596,454.52752501010684
9,651,1,2,1,466.1914400337637,-1.5657700518764335,-0.5649019525675409
9,652,0,2,1,446.40532246079243,-1.9014646570958402,-0.6663679920857718
9,653,2,2,3,-1.854459596569739,-2.0529514251836596,454.9955863459305
9,654,2,1,2,-8.764726328312669,464.0155979285594,-0.623251280782349
9,655,2,2,3,-1.854459596569739,-2.0529514251836596,454.4405907595846
9,656,2,2,3,-1.854459596569739,-2.0529514251836596,453.886150168825
9,657,2,2,3,-1.854459596569739,-2.0529514251836596,454.5504877152851
9,658,1,2,1,464.67279431420053,-1.5657700518764335,-0.5649019525675409
9,659,2,2,3,-1.854459596569739,-2.0529514251836596,454.9980455808624
9,660,1,2,1,463.45032139528587,-1.5657700518764335,-0.5649019525675409
9,661,2,2,3,-1.854459596569739,-2.0529514251836596,454.44304753528155
9,662,2,2,3,-1.854459596569739,-2.0529514251836596,453.88860448774625
9,663,2,2,3,-1.854459596569739,-2.0529514251836596,453.3347158832585
9,664,2,2,3,-1.854459596569739,-2.0529514251836596,452.7813811673753
9,665,2,2,3,-1.854459596569739,-2.0529514251836596,452.2285997862079
9,666,2,2,3,-1.854459596569739,-2.0529514251836596,451.6763711864217
9,667,2,2,3,-1.854459596569739,-2.0529514251836596,452.29031588591283
9,668,1,2,1,462.18203052846263,-1.5657700518764335,-0.5649019525675409
9,669,2,2,3,-1.854459596569739,-2.0529514251836596,452.71730531963937
9,670,1,2,1,461.18284070226065,-1.5657700518764335,-0.5649019525675409
9,671,2,2,3,-1.854459596569739,-2.0529514251836596,452.16458801431975
9,672,2,2,3,-1.854459596569739,-2.0529514251836596,451.61242342630544
9,673,2,2,3,-1.854459596569739,-2.0529514251836596,452.28872527860227
9,674,2,1,2,-8.764726328312669,463.09062193828504,-0.623251280782349
9,675,2,2,3,-1.854459596569739,-2.0529514251836596,451.73643655332364
9,676,2,2,3,-1.854459596569739,-2.0529514251836596,451.18470011677033
9,677,2,2,3,-1.854459596569739,-2.0529514251836596,450.63351541665355
9,678,2,2,3,-1.854459596569739,-2.0529514251836596,450.0828819012369
9,679,2,2,3,-1.854459596569739,-2.0529514251836596,450.631694940637
9,680,1,2,1,460.1770944311576,-1.5657700518764335,-0.5649019525675409
9,681,2,2,3,-1.854459596569739,-2.0529514251836596,451.0260577952579
9,682,1,2,1,459.4109647097724,-1.5657700518764335,-0.5649019525675409
9,683,2,2,3,-1.854459596569739,-2.0529514251836596,450.47503173746264
9,684,2,2,3,-1.854459596569739,-2.0529514251836596,449.9245567057252
9,685,2,2,3,-1.854459596569739,-2.0529514251836596,450.6780726070429
9,686,2,1,2,-8.764726328312669,462.1986889325538,-0.623251280782349
9,687,2,2,3,-1.854459596569739,-2.0529514251836596,450.99195085260607
9,688,1,2,1,458.8180713732031,-1.5657700518764335,-0.5649019525675409
9,689,2,2,3,-1.854459596569739,-2.0529514251836596,451.5504259716683
9,690,2,1,2,-8.764726328312669,469.9215983651513,-0.623251280782349
9,691,2,0,2,-1.53565384476972,446.9111321095397,-0.6300840498404277
9,692,2,1,2,-8.764726328312669,469.55167676678616,-0.623251280782349
9,693,2,1,2,-8.764726328312669,469.28212509001935,-0.623251280782349
9,694,2,1,2,-8.764726328312669,469.1128429649293,-0.623251280782349
9,695,2,1,2,-8.764726328312669,469.04373012196436,-0.623251280782349
9,696,2,1,2,-8.764726328312669,469.0746863918424,-0.623251280782349
9,697,2,1,2,-8.764726328312669,467.47070992385335,-0.623251280782349
9,698,2,2,3,-1.854459596569739,-2.0529514251836596,452.57498365696296
9,699,2,1,2,-8.764726328312669,466.2285623135073,-0.623251280782349
9,700,2,2,3,-1.854459596569739,-2.0529514251836596,453.3741129603039
9,701,2,1,2,-8.764726328312669,465.28974326522666,-0.623251280782349
9,702,2,2,3,-1.854459596569739,-2.0529514251836596,454.0003862475309
9,703,2,1,2,-8.764726328312669,472.9049710175484,-0.623251280782349
9,704,2,0,2,-1.53565384476972,449.03761102932305,-0.6300840498404277
9,705,2,1,2,-8.764726328312669,470.6605121542991,-0.623251280782349
9,706,2,2,3,-1.854459596569739,-2.0529514251836596,455.09573832605344
9,707,2,1,2,-8.764726328312669,470.38985164214483,-0.623251280782349
9,708,2,1,2,-8.764726328312669,468.70534457220964,-0.623251280782349
9,709,2,2,3,-1.854459596569739,-2.0529514251836596,454.9091535593952
9,710,1,2,1,458.7722704382629,-1.5657700518764335,-0.5649019525675409
9,711,2,2,3,-1.854459596569739,-2.0529514251836596,455.7200673161044
9,712,2,1,2,-8.764726328312669,467.351096779283,-0.623251280782349
9,713,2,2,3,-1.854459596569739,-2.0529514251836596,455.466515357882
9,714,1,2,1,466.9891703180551,-1.5657700518764335,-0.5649019525675409
9,715,0,2,1,446.8559752351435,-1.9014646570958402,-0.6663679920857718
9,716,2,2,3,-1.854459596569739,-2.0529514251836596,456.0517916835812
9,717,1,2,1,466.622181147737,-1.5657700518764335,-0.5649019525675409
9,718,1,2,1,466.3555589665893,-1.5657700518764335,-0.5649019525675409
9,719,1,2,1,466.2877616510794,-1.5657700518764335,-0.5649019525675409
9,720,2,1,2,-8.764726328312669,467.2784755048116,-0.623251280782349
9,721,1,2,1,465.208112862646,-1.5657700518764335,-0.5649019525675409
9,722,2,2,3,-1.854459596569739,-2.0529514251836596,455.49573989189764
9,723,2,2,3,-1.854459596569739,-2.0529514251836596,454.94024415200573
9,724,2,2,3,-1.854459596569739,-2.0529514251836596,454.3853039078537
9,725,2,2,3,-1.854459596569739,-2.0529514251836596,454.9023766904703
9,726,1,2,1,464.22263686873794,-1.5657700518764335,-0.5649019525675409
9,727,2,2,3,-1.854459596569739,-2.0529514251836596,455.57270809639965
9,728,2,1,2,-8.764726328312669,466.252326055874,-0.623251280782349
9,729,2,2,3,-1.854459596569739,-2.0529514251836596,455.8734783367647
9,730,1,2,1,463.5318475372039,-1.5657700518764335,-0.5649019525675409
9,731,2,2,3,-1.854459596569739,-2.0529514251836596,456.34511078261977
9,732,2,1,2,-8.764726328312669,465.50525941776596,-0.623251280782349
9,733,2,2,3,-1.854459596569739,-2.0529514251836596,456.6956203867166
9,734,2,1,2,-8.764726328312669,464.9675998942743,-0.623251280782349
9,735,2,2,3,-1.854459596569739,-2.0529514251836596,456.9578507375781
9,736,2,1,2,-8.764726328312669,472.8255633967499,-0.623251280782349
9,737,2,0,2,-1.53565384476972,449.37267714941095,-0.6300840498404277
9,738,2,2,3,-1.854459596569739,-2.0529514251836596,457.9717964400985
9,739,2,1,2,-8.764726328312669,472.4527378333531,-0.623251280782349
9,740,2,1,2,-8.764726328312669,472.18028509551976,-0.623251280782349
9,741,2,1,2,-8.764726328312669,472.00810481042424,-0.623251280782349
9,742,2,1,2,-8.764726328312669,470.54650217695155,-0.623251280782349
9,743,2,2,3,-1.854459596569739,-2.0529514251836596,457.96426970227185
9,744,1,2,1,463.2171254840084,-1.5657700518764335,-0.5649019525675409
9,745,2,2,3,-1.854459596569739,-2.0529514251836596,458.65194644756286
9,746,2,1,2,-8.764726328312669,469.3983946575651,-0.623251280782349
9,747,2,2,3,-1.854459596569739,-2.0529514251836596,458.0932945011153
9,748,2,2,3,-1.854459596569739,-2.0529514251836596,457.53520120661415
9,749,2,2,3,-1.854459596569739,-2.0529514251836596,457.54017650886954
9,750,1,2,1,462.9918904099857,-1.5657700518764335,-0.5649019525675409
9,751,2,2,3,-1.854459596569739,-2.0529514251836596,458.15659992908155
9,752,2,1,2,-8.764726328312669,468.41605858478766,-0.623251280782349
9,753,2,2,3,-1.854459596569739,-2.0529514251836596,457.5984433291525
9,754,2,2,3,-1.854459596569739,-2.0529514251836596,457.04084488582333
9,755,2,2,3,-1.854459596569739,-2.0529514251836596,456.4838040409375
9,756,2,2,3,-1.854459596569739,-2.0529514251836596,455.92732023689655
9,757,2,2,3,-1.854459596569739,-2.0529514251836596,455.37139291665966
9,758,2,2,3,-1.854459596569739,-2.0529514251836596,454.816021523743
9,759,2,2,3,-1.854459596569739,-2.0529514251836596,455.0706165219573
9,760,1,2,1,470.8314429172663,-1.5657700518764335,-0.5649019525675409
9,761,0,2,1,448.5435675115231,-1.9014646570958402,-0.6663679920857718
9,762,2,1,2,-8.764726328312669,468.88676557511826,-0.623251280782349
9,763,1,2,1,470.2680884174764,-1.5657700518764335,-0.5649019525675409
9,764,2,1,2,-8.764726328312669,469.3546297709366,-0.623251280782349
9,765,1,2,1,468.4932706114025,-1.5657700518764335,-0.5649019525675409
9,766,2,2,3,-1.854459596569739,-2.0529514251836596,455.8443886602904
9,767,1,2,1,468.3247773407911,-1.5657700518764335,-0.5649019525675409
9,768,1,2,1,468.25645256345035,-1.5657700518764335,-0.5649019525675409
9,769,1,2,1,468.28819611088693,-1.5657700518764335,-0.5649019525675409
9,770,1,2,1,467.18797097716697,-1.5657700518764335,-0.5649019525675409
9,771,2,2,3,-1.854459596569739,-2.0529514251836596,455.28854427163014
9,772,2,2,3,-1.854459596569739,-2.0529514251836596,454.7332557273585
9,773,2,2,3,-1.854459596569739,-2.0529514251836596,455.62603850194535
9,774,2,1,2,-8.764726328312669,476.8070618316346,-0.623251280782349
9,775,2,0,2,-1.53565384476972,451.6393085558017,-0.6300840498404277
9,776,2,1,2,-8.764726328312669,476.43025476980296,-0.623251280782349
9,777,2,1,2,-8.764726328312669,475.23883841956217,-0.623251280782349
9,778,1,2,1,467.4207830061898,-1.5657700518764335,-0.5649019525675409
9,779,1,2,1,467.7533622231836,-1.5657700518764335,-0.5649019525675409
9,780,1,2,1,475.28383918450606,-1.5657700518764335,-0.5649019525675409
9,781,0,2,1,450.7378557639075,-1.9014646570958402,-0.6663679920857718
9,782,2,1,2,-8.764726328312669,475.0635995811426,-0.623251280782349
9,783,2,1,2,-8.764726328312669,475.01033970229446,-0.623251280782349
9,784,1,2,1,474.8814788965826,-1.5657700518764335,-0.5649019525675409
9,785,2,1,2,-8.764726328312669,475.0225721428267,-0.623251280782349
9,786,1,2,1,474.60659741768603,-1.5657700518764335,-0.5649019525675409
9,787,1,2,1,474.47317231805727,-1.5657700518764335,-0.5649019525675409
9,788,2,1,2,-8.764726328312669,475.0931589880317,-0.623251280782349
9,789,1,2,1,474.3986991457392,-1.5657700518764335,-0.5649019525675409
9,790,1,2,1,472.5658070428579,-1.5657700518764335,-0.5649019525675409
9,791,2,2,3,-1.854459596569739,-2.0529514251836596,455.0704124634434
9,792,2,2,3,-1.854459596569739,-2.0529514251836596,454.51534205097994
9,793,2,2,3,-1.854459596569739,-2.0529514251836596,453.96082670892895
9,794,2,2,3,-1.854459596569739,-2.0529514251836596,453.40686588222
9,795,2,2,3,-1.854459596569739,-2.0529514251836596,454.75019419124095
9,796,1,2,1,470.929495563505,-1.5657700518764335,-0.5649019525675409
9,797,2,2,3,-1.854459596569739,-2.0529514251836596,456.20939751193197
9,798,2,1,2,-8.764726328312669,473.4485734429098,-0.623251280782349
9,799,2,2,3,-1.854459596569739,-2.0529514251836596,457.3598665315868
9,800,2,1,2,-8.764726328312669,472.1823428852459,-0.623251280782349
9,801,2,2,3,-1.854459596569739,-2.0529514251836596,458.14589993921516
9,802,1,2,1,469.8929901011368,-1.5657700518764335,-0.5649019525675409
9,803,2,2,3,-1.854459596569739,-2.0529514251836596,457.5877540392759
9,804,2,2,3,-1.854459596569739,-2.0529514251836596,457.03016628523665
9,805,2,2,3,-1.854459596569739,-2.0529514251836596,457.97320160235233
9,806,2,1,2,-8.764726328312669,479.5764001437457,-0.623251280782349
9,807,2,0,2,-1.53565384476972,453.95344131445233,-0.6300840498404277
9,808,2,1,2,-8.764726328312669,479.19682374360195,-0.623251280782349
9,809,2,1,2,-8.764726328312669,477.9965473892543,-0.623251280782349
9,810,1,2,1,471.02534928255926,-1.5657700518764335,-0.5649019525675409
9,811,2,1,2,-8.764726328312669,477.8185508418651,-0.623251280782349
9,812,2,1,2,-8.764726328312669,477.7407322910232,-0.623251280782349
9,813,2,1,2,-8.764726328312669,475.8060060205538,-0.623251280782349
9,814,2,2,3,-1.854459596569739,-2.0529514251836596,457.41522840075
9,815,2,2,3,-1.854459596569739,-2.0529514251836596,456.8578131723492
9,816,2,2,3,-1.854459596569739,-2.0529514251836596,456.30095535917684
9,817,2,2,3,-1.854459596569739,-2.0529514251836596,455.74465440381766
9,818,2,2,3,-1.854459596569739,-2.0529514251836596,455.1889097494138
9,819,2,2,3,-1.854459596569739,-2.0529514251836596,454.6337208396644
9,820,2,2,3,-1.854459596569739,-2.0529514251836596,454.07908711882476
9,821,2,2,3,-1.854459596569739,-2.0529514251836596,453.5250080317059
9,822,2,2,3,-1.854459596569739,-2.0529514251836596,452.9714830236742
9,823,2,2,3,-1.854459596569739,-2.0529514251836596,452.4185115406505
9,824,2,2,3,-1.854459596569739,-2.0529514251836596,454.18145498262027
9,825,2,1,2,-8.764726328312669,473.7893694617778,-0.623251280782349
9,826,2,2,3,-1.854459596569739,-2.0529514251836596,453.62727352763767
9,827,2,2,3,-1.854459596569739,-2.0529514251836596,453.07364625411003
9,828,2,2,3,-1.854459596569739,-2.0529514251836596,454.57142920541503
9,829,2,1,2,-8.764726328312669,472.11300400693614,-0.623251280782349
9,830,2,2,3,-1.854459596569739,-2.0529514251836596,455.6457958638469
9,831,1,2,1,478.4458620749302,-1.5657700518764335,-0.5649019525675409
9,832,0,2,1,452.4032575842034,-1.9014646570958402,-0.6663679920857718
9,833,2,1,2,-8.764726328312669,473.0678439516606,-0.623251280782349
9,834,1,2,1,478.0674162128552,-1.5657700518764335,-0.5649019525675409
9,835,1,2,1,477.78934879664234,-1.5657700518764335,-0.5649019525675409
9,836,1,2,1,477.1441304681925,-1.5657700518764335,-0.5649019525675409
9,837,2,1,2,-8.764726328312669,470.09553720708396,-0.623251280782349
9,838,1,0,1,347.8751835650386,8.926262106749988,17.78679373987269
9,839,1,0,1,348.0273083814735,8.926262106749988,17.78679373987269
9,840,1,0,1,348.279281073092,8.926262106749988,17.78679373987269
9,841,1,0,1,348.63100179201894,8.926262106749988,17.78679373987269
9,842,1,0,1,349.08237079022695,8.926262106749988,17.78679373987269
9,843,1,0,1,343.2753886081193,8.926262106749988,17.78679373987269
9,844,0,0,2,0.009317174468442126,219.34478520006343,-0.6122225467830142
9,845,0,2,1,453.7023900092844,-1.9014646570958402,-0.6663679920857718
9,846,2,1,2,-8.764726328312669,470.42325240272663,-0.623251280782349
9,847,1,2,1,474.63865121189406,-1.5657700518764335,-0.5649019525675409
9,848,2,2,3,-1.854459596569739,-2.0529514251836596,456.97044274743973
9,849,1,2,1,472.61485992270116,-1.5657700518764335,-0.5649019525675409
9,850,2,2,3,-1.854459596569739,-2.0529514251836596,457.96226960504316
9,851,1,2,1,470.9916386213303,-1.5657700518764335,-0.5649019525675409
9,852,2,2,3,-1.854459596569739,-2.0529514251836596,458.69421486805055
9,853,1,2,1,469.7032020311343,-1.5657700518764335,-0.5649019525675409
9,854,2,2,3,-1.854459596569739,-2.0529514251836596,458.1355206531825
9,855,2,2,3,-1.854459596569739,-2.0529514251836596,457.5773851325293
9,856,2,2,3,-1.854459596569739,-2.0529514251836596,457.0198077473967
9,857,2,2,3,-1.854459596569739,-2.0529514251836596,456.46278793964933
9,858,2,2,3,-1.854459596569739,-2.0529514251836596,457.28841113355435
9,859,2,1,2,-8.764726328312669,468.85247986467584,-0.623251280782349
9,860,2,2,3,-1.854459596569739,-2.0529514251836596,457.8759655268018
9,861,2,1,2,-8.764726328312669,467.59695246536165,-0.623251280782349
9,862,2,2,3,-1.854459596569739,-2.0529514251836596,458.2804672681924
9,863,2,1,2,-8.764726328312669,466.60702347837656,-0.623251280782349
9,864,2,2,3,-1.854459596569739,-2.0529514251836596,458.85303754245547
9,865,1,2,1,468.65933254472395,-1.5657700518764335,-0.5649019525675409
9,866,2,2,3,-1.854459596569739,-2.0529514251836596,458.294184504913
9,867,2,2,3,-1.854459596569739,-2.0529514251836596,457.7358903204081
9,868,2,2,3,-1.854459596569739,-2.0529514251836596,457.17815443008766
9,869,2,2,3,-1.854459596569739,-2.0529514251836596,456.62097627565754
9,870,2,2,3,-1.854459596569739,-2.0529514251836596,456.0643552993819
9,871,2,2,3,-1.854459596569739,-2.0529514251836596,455.5082909440825
9,872,2,2,3,-1.854459596569739,-2.0529514251836596,456.0515571740335
9,873,2,1,2,-8.764726328312669,465.5954252907682,-0.623251280782349
9,874,2,2,3,-1.854459596569739,-2.0529514251836596,455.4955056168595
9,875,2,2,3,-1.854459596569739,-2.0529514251836596,454.9400101112426
9,876,2,2,3,-1.854459596569739,-2.0529514251836596,455.4399562039044
9,877,2,1,2,-8.764726328312669,464.7244384258779,-0.623251280782349
9,878,2,2,3,-1.854459596569739,-2.0529514251836596,455.8036799876759
9,879,2,1,2,-8.764726328312669,464.07655890207,-0.623251280782349
9,880,2,2,3,-1.854459596569739,-2.0529514251836596,455.2478763076882
9,881,2,2,3,-1.854459596569739,-2.0529514251836596,454.6926284313805
9,882,2,2,3,-1.854459596569739,-2.0529514251836596,455.0669449195474
9,883,2,1,2,-8.764726328312669,463.5205305588982,-0.623251280782349
9,884,2,2,3,-1.854459596569739,-2.0529514251836596,455.8575243495203
9,885,1,2,1,467.5232942008541,-1.5657700518764335,-0.5649019525675409
9,886,2,2,3,-1.854459596569739,-2.0529514251836596,455.3016668251708
9,887,2,2,3,-1.854459596569739,-2.0529514251836596,454.7463651583456
9,888,2,2,3,-1.854459596569739,-2.0529514251836596,454.1916187931873
9,889,2,2,3,-1.854459596569739,-2.0529514251836596,453.6374271743941
9,890,2,2,3,-1.854459596569739,-2.0529514251836596,453.08378974721967
9,891,2,2,3,-1.854459596569739,-2.0529514251836596,452.53070595747243
9,892,2,2,3,-1.854459596569739,-2.0529514251836596,453.0661678870561
9,893,2,1,2,-8.764726328312669,472.00986819313914,-0.623251280782349
9,894,2,0,2,-1.53565384476972,453.41164780382564,-0.6300840498404277
9,895,2,2,3,-1.854459596569739,-2.0529514251836596,454.3885280494713
9,896,2,1,2,-8.764726328312669,469.8933456507229,-0.623251280782349
9,897,2,2,3,-1.854459596569739,-2.0529514251836596,455.3691164639457
9,898,2,1,2,-8.764726328312669,469.3888172115352,-0.623251280782349
9,899,1,2,1,467.9404576847107,-1.5657700518764335,-0.5649019525675409
9,900,2,1,2,-8.764726328312669,469.076040801168,-0.623251280782349
9,901,1,2,1,468.38493995555524,-1.5657700518764335,-0.5649019525675409
9,902,2,1,2,-8.764726328312669,469.0069647603668,-0.623251280782349
9,903,2,1,2,-8.764726328312669,469.0379577956065,-0.623251280782349
9,904,2,1,2,-8.764726328312669,469.16891983781085,-0.623251280782349
9,905,2,1,2,-8.764726328312669,469.39975091797305,-0.623251280782349
9,906,2,1,2,-8.764726328312669,469.6298848817757,-0.623251280782349
9,907,1,2,1,466.37856582600386,-1.5657700518764335,-0.5649019525675409
9,908,0,1,2,2.7914631950699156,349.17985978938964,3.2914969809938084
9,909,0,0,2,0.009317174468442126,242.32684329097623,-0.6122225467830142
9,910,0,2,1,454.50362902513035,-1.9014646570958402,-0.6663679920857718
9,911,1,2,1,466.0121872601779,-1.5657700518764335,-0.5649019525675409
9,912,1,2,1,465.7461750729177,-1.5657700518764335,-0.5649019525675409
9,913,1,2,1,465.5804288978448,-1.5657700518764335,-0.5649019525675409
9,914,1,2,1,464.50392853799093,-1.5657700518764335,-0.5649019525675409
9,915,2,2,3,-1.854459596569739,-2.0529514251836596,454.81374734748175
9,916,2,2,3,-1.854459596569739,-2.0529514251836596,455.2182615379947
9,917,1,2,1,463.6201435764533,-1.5657700518764335,-0.5649019525675409
9,918,2,2,3,-1.854459596569739,-2.0529514251836596,456.089793987491
9,919,2,1,2,-8.764726328312669,467.9197859983597,-0.623251280782349
9,920,2,2,3,-1.854459596569739,-2.0529514251836596,456.2792088028108
9,921,1,2,1,463.0297708902862,-1.5657700518764335,-0.5649019525675409
9,922,2,2,3,-1.854459596569739,-2.0529514251836596,455.72292959400795
9,923,2,2,3,-1.854459596569739,-2.0529514251836596,455.1672066644139
9,924,2,2,3,-1.854459596569739,-2.0529514251836596,454.6120394577495
9,925,2,2,3,-1.854459596569739,-2.0529514251836596,454.05742741829175
9,926,2,2,3,-1.854459596569739,-2.0529514251836596,454.8757434903002
9,927,2,1,2,-8.764726328312669,466.36050600406344,-0.623251280782349
9,928,2,2,3,-1.854459596569739,-2.0529514251836596,455.45785923567246
9,929,2,1,2,-8.764726328312669,465.1147834679887,-0.623251280782349
9,930,2,2,3,-1.854459596569739,-2.0529514251836596,455.65202063024356
9,931,1,2,1,462.5363438436517,-1.5657700518764335,-0.5649019525675409
9,932,2,2,3,-1.854459596569739,-2.0529514251836596,455.77791660774074
9,933,1,2,1,462.2047232034529,-1.5657700518764335,-0.5649019525675409
9,934,2,2,3,-1.854459596569739,-2.0529514251836596,455.8583925441085
9,935,1,2,1,470.8801101565955,-1.5657700518764335,-0.5649019525675409
9,936,0,2,1,455.0996296859482,-1.9014646570958402,-0.6663679920857718
9,937,2,1,2,-8.764726328312669,465.62043602669274,-0.623251280782349
9,938,1,2,1,469.98852230757853,-1.5657700518764335,-0.5649019525675409
9,939,2,1,2,-8.764726328312669,466.0872561324737,-0.623251280782349
9,940,1,2,1,469.33230843393557,-1.5657700518764335,-0.5649019525675409
9,941,2,1,2,-8.764726328312669,466.54242905418596,-0.623251280782349
9,942,1,2,1,469.16297612550164,-1.5657700518764335,-0.5649019525675409
9,943,1,2,1,469.09381314937616,-1.5657700518764335,-0.5649019525675409
9,944,1,2,1,468.87213231080295,-1.5657700518764335,-0.5649019525675409
9,945,2,1,2,-8.764726328312669,465.7181670106341,-0.623251280782349
9,946,2,2,3,-1.854459596569739,-2.0529514251836596,456.5908943884671
9,947,1,2,1,467.7874176241809,-1.5657700518764335,-0.5649019525675409
9,948,2,2,3,-1.854459596569739,-2.0529514251836596,456.03430349407864
9,949,2,2,3,-1.854459596569739,-2.0529514251836596,455.47826919058457
9,950,2,2,3,-1.854459596569739,-2.0529514251836596,456.14139661632004
9,951,1,2,1,466.8666741267785,-1.5657700518764335,-0.5649019525675409
9,952,2,2,3,-1.854459596569739,-2.0529514251836596,456.5333554887408
9,953,2,1,2,-8.764726328312669,465.143152502956,-0.623251280782349
9,954,2,2,3,-1.854459596569739,-2.0529514251836596,456.9998206784178
9,955,1,2,1,466.222988961264,-1.5657700518764335,-0.5649019525675409
9,956,2,2,3,-1.854459596569739,-2.0529514251836596,457.35591451774116
9,957,1,2,1,474.55555340404646,-1.5657700518764335,-0.5649019525675409
9,958,0,2,1,454.8679022546097,-1.9014646570958402,-0.6663679920857718
9,959,2,2,3,-1.854459596569739,-2.0529514251836596,458.50132285296763
9,960,1,2,1,474.1809978506424,-1.5657700518764335,-0.5649019525675409
9,961,1,2,1,472.354529028022,-1.5657700518764335,-0.5649019525675409
9,962,2,2,3,-1.854459596569739,-2.0529514251836596,458.60036266546354
9,963,2,1,2,-8.764726328312669,473.41659038523915,-0.623251280782349
9,964,2,0,2,-1.53565384476972,453.47191892732394,-0.6300840498404277
9,965,2,2,3,-1.854459596569739,-2.0529514251836596,459.4034247726914
9,966,1,2,1,470.9000151777162,-1.5657700518764335,-0.5649019525675409
9,967,2,2,3,-1.854459596569739,-2.0529514251836596,460.2313247435609
9,968,2,1,2,-8.764726328312669,471.73783249632777,-0.623251280782349
9,969,2,2,3,-1.854459596569739,-2.0529514251836596,460.8102376863412
9,970,2,1,2,-8.764726328312669,470.3842627776428,-0.623251280782349
9,971,2,2,3,-1.854459596569739,-2.0529514251836596,461.19725593269374
9,972,2,1,2,-8.764726328312669,469.3043648372152,-0.623251280782349
9,973,2,2,3,-1.854459596569739,-2.0529514251836596,460.636058676761
9,974,2,2,3,-1.854459596569739,-2.0529514251836596,460.07542261808425
9,975,2,2,3,-1.854459596569739,-2.0529514251836596,459.5153471954662
9,976,2,2,3,-1.854459596569739,-2.0529514251836596,458.9558318482707
9,977,2,2,3,-1.854459596569739,-2.0529514251836596,459.57935016603756
9,978,1,2,1,469.70836932638235,-1.5657700518764335,-0.5649019525675409
9,979,2,2,3,-1.854459596569739,-2.0529514251836596,460.02254371274563
9,980,1,2,1,468.7797642213059,-1.5657700518764335,-0.5649019525675409
9,981,2,2,3,-1.854459596569739,-2.0529514251836596,460.3294859993804
9,982,1,2,1,468.074406913114,-1.5657700518764335,-0.5649019525675409
9,983,2,2,3,-1.854459596569739,-2.0529514251836596,460.65766951832666
9,984,2,1,2,-8.764726328312669,468.379037635808,-0.623251280782349
9,985,2,2,3,-1.854459596569739,-2.0529514251836596,460.8312688508923
9,986,1,2,1,467.5892618380409,-1.5657700518764335,-0.5649019525675409
9,987,2,2,3,-1.854459596569739,-2.0529514251836596,460.2704375820414
9,988,2,2,3,-1.854459596569739,-2.0529514251836596,459.7101671444593
9,989,2,2,3,-1.854459596569739,-2.0529514251836596,459.9304873519794
9,990,1,2,1,467.1634539020828,-1.5657700518764335,-0.5649019525675409
9,991,2,2,3,-1.854459596569739,-2.0529514251836596,459.3705568646275
9,992,2,2,3,-1.854459596569739,-2.0529514251836596,458.81118630776285
9,993,2,2,3,-1.854459596569739,-2.0529514251836596,459.19959240293156
9,994,2,1,2,-8.764726328312669,467.50189352011745,-0.623251280782349
9,995,2,2,3,-1.854459596569739,-2.0529514251836596,458.6403928105286
9,996,2,2,3,-1.854459596569739,-2.0529514251836596,458.0817524177181
9,997,2,2,3,-1.854459596569739,-2.0529514251836596,458.4227591122525
9,998,1,2,1,475.37903083508087,-1.5657700518764335,-0.5649019525675409
9,999,0,2,1,455.66379948764035,-1.9014646570958402,-0.6663679920857718
9,1000,2,1,2,-8.764726328312669,468.4142282207787,-0.623251280782349
9,1001,1,2,1,475.0036518042458,-1.5657700518764335,-0.5649019525675409
9,1002,1,2,1,474.72864815244156,-1.5657700518764335,-0.5649019525675409
9,1003,1,2,1,474.5539195042891,-1.5657700518764335,-0.5649019525675409
9,1004,1,2,1,474.47936558478483,-1.5657700518764335,-0.5649019525675409
9,1005,1,2,1,474.50488621920005,-1.5657700518764335,-0.5649019525675409
9,1006,1,2,1,474.63038133298085,-1.5657700518764335,-0.5649019525675409
9,1007,1,2,1,474.85575095164785,-1.5657700518764335,-0.5649019525675409
9,1008,1,2,1,475.1808952006962,-1.5657700518764335,-0.5649019525675409
9,1009,1,2,1,472.1316117997762,-1.5657700518764335,-0.5649019525675409
9,1010,0,1,2,2.7914631950699156,360.07258995972705,3.2914969809938084
9,1011,0,2,1,455.48127269098933,-1.9014646570958402,-0.6663679920857718
9,1012,2,2,3,-1.854459596569739,-2.0529514251836596,459.2215127692051
9,1013,1,2,1,470.48138038394984,-1.5657700518764335,-0.5649019525675409
9,1014,2,2,3,-1.854459596569739,-2.0529514251836596,459.77701815029565
9,1015,1,2,1,469.15116714243413,-1.5657700518764335,-0.5649019525675409
9,1016,2,2,3,-1.854459596569739,-2.0529514251836596,459.2172411321454
9,1017,2,2,3,-1.854459596569739,-2.0529514251836596,458.6580238910132
9,1018,2,2,3,-1.854459596569739,-2.0529514251836596,458.0993658671222
9,1019,2,2,3,-1.854459596569739,-2.0529514251836596,457.54126650125505
9,1020,2,2,3,-1.854459596569739,-2.0529514251836596,456.9837252347538
9,1021,2,2,3,-1.854459596569739,-2.0529514251836596,456.42674150951905
9,1022,2,2,3,-1.854459596569739,-2.0529514251836596,457.13003290566814
9,1023,1,2,1,467.7919236858519,-1.5657700518764335,-0.5649019525675409
9,1024,2,2,3,-1.854459596569739,-2.0529514251836596,457.6900382089584
9,1025,2,1,2,-8.764726328312669,467.6841191813877,-0.623251280782349
9,1026,2,2,3,-1.854459596569739,-2.0529514251836596,458.1324348329619
9,1027,1,2,1,466.7678423657299,-1.5657700518764335,-0.5649019525675409
9,1028,2,2,3,-1.854459596569739,-2.0529514251836596,458.5199191486231
9,1029,2,1,2,-8.764726328312669,475.709427237054,-0.623251280782349
9,1030,2,0,2,-1.53565384476972,455.2199603310599,-0.6300840498404277
9,1031,2,1,2,-8.764726328312669,475.33371780981696,-0.623251280782349
9,1032,2,1,2,-8.764726328312669,475.05838409200715,-0.623251280782349
9,1033,2,1,2,-8.764726328312669,474.88332570791516,-0.623251280782349
9,1034,2,1,2,-8.764726328312669,473.18846513283734,-0.623251280782349
9,1035,2,2,3,-1.854459596569739,-2.0529514251836596,459.4135852819117
9,1036,2,1,2,-8.764726328312669,473.21527666770453,-0.623251280782349
9,1037,2,1,2,-8.764726328312669,471.97569394384334,-0.623251280782349
9,1038,2,2,3,-1.854459596569739,-2.0529514251836596,460.097820454161
9,1039,2,1,2,-8.764726328312669,471.0278087744209,-0.623251280782349
9,1040,2,2,3,-1.854459596569739,-2.0529514251836596,460.6197914774126
9,1041,2,1,2,-8.764726328312669,470.3263872532427,-0.623251280782349
9,1042,2,2,3,-1.854459596569739,-2.0529514251836596,460.0591716859352
9,1043,2,2,3,-1.854459596569739,-2.0529514251836596,459.4991125142493
9,1044,2,2,3,-1.854459596569739,-2.0529514251836596,460.0115136008954
9,1045,2,1,2,-8.764726328312669,478.2605246006933,-0.623251280782349
9,1046,2,0,2,-1.53565384476972,455.9079806921612,-0.6300840498404277
9,1047,1,2,1,467.93885006462557,-1.5657700518764335,-0.5649019525675409
9,1048,2,1,2,-8.764726328312669,477.8822640760926,-0.623251280782349
9,1049,2,1,2,-8.764726328312669,475.835177514972,-0.623251280782349
9,1050,2,2,3,-1.854459596569739,-2.0529514251836596,460.2363083972038
9,1051,1,2,1,467.3083595894862,-1.5657700518764335,-0.5649019525675409
9,1052,2,2,3,-1.854459596569739,-2.0529514251836596,461.22036013146567
9,1053,2,1,2,-8.764726328312669,474.2124754164899,-0.623251280782349
9,1054,2,2,3,-1.854459596569739,-2.0529514251836596,461.9453591845516
9,1055,2,1,2,-8.764726328312669,472.9238184341115,-0.623251280782349
9,1056,2,2,3,-1.854459596569739,-2.0529514251836596,461.91435086545556
9,1057,1,2,1,467.00704436621766,-1.5657700518764335,-0.5649019525675409
9,1058,2,2,3,-1.854459596569739,-2.0529514251836596,461.8566131711656
9,1059,1,2,1,466.8301446335413,-1.5657700518764335,-0.5649019525675409
9,1060,2,2,3,-1.854459596569739,-2.0529514251836596,461.7871361727696
9,1061,1,2,1,475.1397761665951,-1.5657700518764335,-0.5649019525675409
9,1062,0,2,1,455.65007190299457,-1.9014646570958402,-0.6663679920857718
9,1063,2,2,3,-1.854459596569739,-2.0529514251836596,461.2253490365968
9,1064,2,2,3,-1.854459596569739,-2.0529514251836596,460.6641236875602
9,1065,2,2,3,-1.854459596569739,-2.0529514251836596,461.5365491592971
9,1066,1,2,1,473.41791691670596,-1.5657700518764335,-0.5649019525675409
9,1067,2,2,3,-1.854459596569739,-2.0529514251836596,462.1512680181213
9,1068,1,2,1,472.0291007588294,-1.5657700518764335,-0.5649019525675409
9,1069,2,2,3,-1.854459596569739,-2.0529514251836596,462.5670221914333
9,1070,1,2,1,470.9203258798983,-1.5657700518764335,-0.5649019525675409
9,1071,2,2,3,-1.854459596569739,-2.0529514251836596,462.8314322343999
9,1072,1,2,1,470.04860508311407,-1.5657700518764335,-0.5649019525675409
9,1073,2,2,3,-1.854459596569739,-2.0529514251836596,462.2686008021655
9,1074,2,2,3,-1.854459596569739,-2.0529514251836596,461.70633220136335
9,1075,2,2,3,-1.854459596569739,-2.0529514251836596,462.25515700620406
9,1076,2,1,2,-8.764726328312669,471.8946971343146,-0.623251280782349
9,1077,2,2,3,-1.854459596569739,-2.0529514251836596,462.6472163218808
9,1078,2,1,2,-8.764726328312669,471.10730183674934,-0.623251280782349
9,1079,2,2,3,-1.854459596569739,-2.0529514251836596,462.817306592921
9,1080,1,2,1,469.36265792750186,-1.5657700518764335,-0.5649019525675409
9,1081,2,2,3,-1.854459596569739,-2.0529514251836596,462.25448928632807
9,1082,2,2,3,-1.854459596569739,-2.0529514251836596,461.69223479704175
9,1083,2,2,3,-1.854459596569739,-2.0529514251836596,461.1305425622447
9,1084,2,2,3,-1.854459596569739,-2.0529514251836596,460.5694120196825
9,1085,2,2,3,-1.854459596569739,-2.0529514251836596,461.0520936995524
9,1086,2,1,2,-8.764726328312669,470.3407289293301,-0.623251280782349
9,1087,2,2,3,-1.854459596569739,-2.0529514251836596,460.49104160585284
9,1088,2,2,3,-1.854459596569739,-2.0529514251836596,459.93055056424697
9,1089,2,2,3,-1.854459596569739,-2.0529514251836596,460.30439864264497
9,1090,1,2,1,468.5965276003735,-1.5657700518764335,-0.5649019525675409
9,1091,2,2,3,-1.854459596569739,-2.0529514251836596,459.7440942440023
9,1092,2,2,3,-1.854459596569739,-2.0529514251836596,459.1843501497583
9,1093,2,2,3,-1.854459596569739,-2.0529514251836596,458.62516579960857
9,1094,2,2,3,-1.854459596569739,-2.0529514251836596,458.0665406338089
9,1095,2,2,3,-1.854459596569739,-2.0529514251836596,457.5084740931751
9,1096,2,2,3,-1.854459596569739,-2.0529514251836596,456.9509656190819
9,1097,2,2,3,-1.854459596569739,-2.0529514251836596,456.3940146534628
9,1098,2,2,3,-1.854459596569739,-2.0529514251836596,455.83762063880937
9,1099,2,2,3,-1.854459596569739,-2.0529514251836596,455.2817830181706
9,1100,2,2,3,-1.854459596569739,-2.0529514251836596,454.7265012351524
9,1101,2,2,3,-1.854459596569739,-2.0529514251836596,455.54490734407415
9,1102,1,2,1,467.5358206673995,-1.5657700518764335,-0.5649019525675409
9,1103,2,2,3,-1.854459596569739,-2.0529514251836596,454.98936243673006
9,1104,2,2,3,-1.854459596569739,-2.0529514251836596,454.4343730742933
9,1105,2,2,3,-1.854459596569739,-2.0529514251836596,455.17698201293655
9,1106,1,2,1,466.64475981994025,-1.5657700518764335,-0.5649019525675409
9,1107,2,2,3,-1.854459596569739,-2.0529514251836596,455.757115033817
9,1108,1,2,1,474.98964095634267,-1.5657700518764335,-0.5649019525675409
9,1109,0,2,1,457.10903916737306,-1.9014646570958402,-0.6663679920857718
9,1110,1,2,1,474.6146513153863,-1.5657700518764335,-0.5649019525675409
9,1111,1,2,1,473.9169183478514,-1.5657700518764335,-0.5649019525675409
9,1112,2,1,2,-8.764726328312669,471.0244309528344,-0.623251280782349
9,1113,1,2,1,473.45664517739687,-1.5657700518764335,-0.5649019525675409
9,1114,2,1,2,-8.764726328312669,467.8062513297548,-0.623251280782349
9,1115,1,0,1,343.33211321951114,8.926262106749988,17.78679373987269
9,1116,1,0,1,343.48878110629164,8.926262106749988,17.78679373987269
9,1117,1,0,1,354.8747930841864,8.926262106749988,17.78679373987269
9,1118,2,0,2,-1.53565384476972,457.1893904955073,-0.6300840498404277
9,1119,1,2,1,473.1237995413029,-1.5657700518764335,-0.5649019525675409
9,1120,2,1,2,-8.764726328312669,467.9648823513683,-0.623251280782349
9,1121,1,2,1,471.7313739755205,-1.5657700518764335,-0.5649019525675409
9,1122,2,2,3,-1.854459596569739,-2.0529514251836596,456.7828095540118
9,1123,1,2,1,470.10542298398144,-1.5657700518764335,-0.5649019525675409
9,1124,0,1,2,2.7914631950699156,369.5191258413243,3.2914969809938084
9,1125,0,2,1,457.9385721260499,-1.9014646570958402,-0.6663679920857718
9,1126,1,2,1,469.7353175609975,-1.5657700518764335,-0.5649019525675409
9,1127,1,2,1,468.1832839507449,-1.5657700518764335,-0.5649019525675409
9,1128,2,2,3,-1.854459596569739,-2.0529514251836596,457.35467370973436
9,1129,1,2,1,468.0151006667942,-1.5657700518764335,-0.5649019525675409
9,1130,1,2,1,467.9470855661274,-1.5657700518764335,-0.5649019525675409
9,1131,1,2,1,466.93048970677836,-1.5657700518764335,-0.5649019525675409
9,1132,2,2,3,-1.854459596569739,-2.0529514251836596,456.79731903602465
9,1133,2,2,3,-1.854459596569739,-2.0529514251836596,457.34611048520765
9,1134,2,1,2,-8.764726328312669,466.74565905426704,-0.623251280782349
9,1135,2,2,3,-1.854459596569739,-2.0529514251836596,457.7193196830593
9,1136,2,1,2,-8.764726328312669,465.7853057974632,-0.623251280782349
9,1137,2,2,3,-1.854459596569739,-2.0529514251836596,457.96013298870224
9,1138,2,1,2,-8.764726328312669,465.0448283835984,-0.623251280782349
9,1139,2,2,3,-1.854459596569739,-2.0529514251836596,457.40217285571356
9,1140,2,2,3,-1.854459596569739,-2.0529514251836596,456.84477068285787
9,1141,2,2,3,-1.854459596569739,-2.0529514251836596,456.287925912175
9,1142,2,2,3,-1.854459596569739,-2.0529514251836596,455.73163798626285
9,1143,2,2,3,-1.854459596569739,-2.0529514251836596,455.1759063482766
9,1144,2,2,3,-1.854459596569739,-2.0529514251836596,454.62073044192834
9,1145,2,2,3,-1.854459596569739,-2.0529514251836596,455.28477587870657
9,1146,1,2,1,465.91063354809245,-1.5657700518764335,-0.5649019525675409
9,1147,2,2,3,-1.854459596569739,-2.0529514251836596,455.7814510120971
9,1148,1,2,1,465.14193384348084,-1.5657700518764335,-0.5649019525675409
9,1149,2,2,3,-1.854459596569739,-2.0529514251836596,456.1427439208636
9,1150,2,1,2,-8.764726328312669,464.29847719340404,-0.623251280782349
9,1151,2,2,3,-1.854459596569739,-2.0529514251836596,456.3940187709243
9,1152,2,1,2,-8.764726328312669,463.75163733238514,-0.623251280782349
9,1153,2,2,3,-1.854459596569739,-2.0529514251836596,456.70366834433645
9,1154,1,2,1,464.6414036252221,-1.5657700518764335,-0.5649019525675409
9,1155,2,2,3,-1.854459596569739,-2.0529514251836596,456.8447136058089
9,1156,2,1,2,-8.764726328312669,463.40410024612174,-0.623251280782349
9,1157,2,2,3,-1.854459596569739,-2.0529514251836596,457.05974120412503
9,1158,1,2,1,473.41318190317884,-1.5657700518764335,-0.5649019525675409
9,1159,0,2,1,459.0126199218596,-1.9014646570958402,-0.6663679920857718
9,1160,1,2,1,473.03976872127566,-1.5657700518764335,-0.5649019525675409
9,1161,1,2,1,471.1847062283565,-1.5657700518764335,-0.5649019525675409
9,1162,2,2,3,-1.854459596569739,-2.0529514251836596,457.90105300031985
9,1163,1,2,1,470.2432415298869,-1.5657700518764335,-0.5649019525675409
9,1164,2,1,2,-8.764726328312669,462.096294736844,-0.623251280782349
9,1165,1,0,1,354.91991829110225,8.926262106749988,17.78679373987269
9,1166,1,0,1,355.06499837281115,8.926262106749988,17.78679373987269
9,1167,1,0,1,365.42024819458527,8.926262106749988,17.78679373987269
9,1168,2,0,2,-1.53565384476972,458.0245323574154,-0.6300840498404277
9,1169,1,2,1,469.66645055584576,-1.5657700518764335,-0.5649019525675409
9,1170,2,1,2,-8.764726328312669,461.7341984421072,-0.623251280782349
9,1171,2,1,2,-8.764726328312669,461.09298284492814,-0.623251280782349
9,1172,2,2,3,-1.854459596569739,-2.0529514251836596,457.34315194731954
9,1173,2,2,3,-1.854459596569739,-2.0529514251836596,456.7858087953722
9,1174,2,2,3,-1.854459596569739,-2.0529514251836596,456.6554332174829
9,1175,2,1,2,-8.764726328312669,460.49257244896614,-0.623251280782349
9,1176,2,2,3,-1.854459596569739,-2.0529514251836596,457.38686850076334
9,1177,1,2,1,468.78110548183673,-1.5657700518764335,-0.5649019525675409
9,1178,2,2,3,-1.854459596569739,-2.0529514251836596,457.1369463231347
9,1179,2,1,2,-8.764726328312669,460.0998728900599,-0.623251280782349
9,1180,2,2,3,-1.854459596569739,-2.0529514251836596,456.57980937681157
9,1181,2,2,3,-1.854459596569739,-2.0529514251836596,456.0232295674348
9,1182,2,2,3,-1.854459596569739,-2.0529514251836596,456.7302360533931
9,1183,1,2,1,477.24524430591714,-1.5657700518764335,-0.5649019525675409
9,1184,0,2,1,460.3586371159594,-1.9014646570958402,-0.6663679920857718
9,1185,1,2,1,476.8679990616112,-1.5657700518764335,-0.5649019525675409
9,1186,1,2,1,474.931086571566,-1.5657700518764335,-0.5649019525675409
9,1187,2,1,2,-8.764726328312669,461.60806317163895,-0.623251280782349
9,1188,1,2,1,474.75615548499445,-1.5657700518764335,-0.5649019525675409
9,1189,1,2,1,473.3797381904873,-1.5657700518764335,-0.5649019525675409
9,1190,2,1,2,-8.764726328312669,462.9118509353333,-0.623251280782349
9,1191,1,2,1,471.75805774072444,-1.5657700518764335,-0.5649019525675409
9,1192,2,2,3,-1.854459596569739,-2.0529514251836596,456.17350581733973
9,1193,2,2,3,-1.854459596569739,-2.0529514251836596,455.6173323115224
9,1194,2,2,3,-1.854459596569739,-2.0529514251836596,456.65964679670185
9,1195,1,2,1,470.3915569995255,-1.5657700518764335,-0.5649019525675409
9,1196,2,2,3,-1.854459596569739,-2.0529514251836596,457.4624462599847
9,1197,1,2,1,469.34118347931144,-1.5657700518764335,-0.5649019525675409
9,1198,2,2,3,-1.854459596569739,-2.0529514251836596,457.4444748765842
9,1199,2,1,2,-8.764726328312669,462.6076688545818,-0.623251280782349
9,1200,2,2,3,-1.854459596569739,-2.0529514251836596,458.0648045533776
9,1201,1,2,1,468.5554807821647,-1.5657700518764335,-0.5649019525675409
9,1202,2,2,3,-1.854459596569739,-2.0529514251836596,457.5067397488242
9,1203,2,2,3,-1.854459596569739,-2.0529514251836596,456.9492330090754
9,1204,2,2,3,-1.854459596569739,-2.0529514251836596,456.95246892477144
9,1205,2,1,2,-8.764726328312669,462.385196392676,-0.623251280782349
9,1206,2,2,3,-1.854459596569739,-2.0529514251836596,457.5442146297286
9,1207,1,2,1,477.1754377784282,-1.5657700518764335,-0.5649019525675409
9,1208,0,2,1,461.56314174442787,-1.9014646570958402,-0.6663679920857718
9,1209,1,2,1,476.7982623406498,-1.5657700518764335,-0.5649019525675409
9,1210,1,2,1,475.0945705494597,-1.5657700518764335,-0.5649019525675409
9,1211,2,1,2,-8.764726328312669,462.2232813246723,-0.623251280782349
9,1212,1,0,1,374.5226520785109,8.926262106749988,17.78679373987269
9,1213,2,0,2,-1.53565384476972,459.2564416060704,-0.6300840498404277
9,1214,1,2,1,475.01947597891024,-1.5657700518764335,-0.5649019525675409
9,1215,1,2,1,473.31440562936234,-1.5657700518764335,-0.5649019525675409
9,1216,2,2,3,-1.854459596569739,-2.0529514251836596,457.44989801789825
9,1217,2,1,2,-8.764726328312669,461.388493095977,-0.623251280782349
9,1218,2,2,3,-1.854459596569739,-2.0529514251836596,458.4630343734153
9,1219,1,2,1,471.97080546939424,-1.5657700518764335,-0.5649019525675409
9,1220,2,2,3,-1.854459596569739,-2.0529514251836596,458.19419175257553
9,1221,2,1,2,-8.764726328312669,460.8108687698843,-0.623251280782349
9,1222,2,2,3,-1.854459596569739,-2.0529514251836596,457.63599756082294
9,1223,2,2,3,-1.854459596569739,-2.0529514251836596,457.0783615632621
9,1224,2,2,3,-1.854459596569739,-2.0529514251836596,456.89080141515444
9,1225,2,1,2,-8.764726328312669,460.26197123299613,-0.623251280782349
9,1226,2,2,3,-1.854459596569739,-2.0529514251836596,457.826831015109
9,1227,1,2,1,470.7985811929506,-1.5657700518764335,-0.5649019525675409
9,1228,2,2,3,-1.854459596569739,-2.0529514251836596,457.51008306566473
9,1229,2,1,2,-8.764726328312669,459.92927233319733,-0.623251280782349
9,1230,2,2,3,-1.854459596569739,-2.0529514251836596,456.95257298259907
9,1231,2,2,3,-1.854459596569739,-2.0529514251836596,456.39562040961647
9,1232,2,2,3,-1.854459596569739,-2.0529514251836596,457.2651179067569
9,1233,1,2,1,469.7879697464245,-1.5657700518764335,-0.5649019525675409
9,1234,2,2,3,-1.854459596569739,-2.0529514251836596,456.97160407706775
9,1235,2,1,2,-8.764726328312669,459.67653390350733,-0.623251280782349
9,1236,2,2,3,-1.854459596569739,-2.0529514251836596,457.683452674257
9,1237,1,2,1,478.4039238044804,-1.5657700518764335,-0.5649019525675409
9,1238,0,2,1,462.76881602662866,-1.9014646570958402,-0.6663679920857718
9,1239,1,2,1,478.025519880676,-1.5657700518764335,-0.5649019525675409
9,1240,1,2,1,477.7474943607953,-1.5657700518764335,-0.5649019525675409
9,1241,1,2,1,477.5697468664345,-1.5657700518764335,-0.5649019525675409
9,1242,1,2,1,475.52343399454253,-1.5657700518764335,-0.5649019525675409
9,1243,2,2,3,-1.854459596569739,-2.0529514251836596,458.89192737229104
9,1244,1,2,1,473.9013914049451,-1.5657700518764335,-0.5649019525675409
9,1245,2,2,3,-1.854459596569739,-2.0529514251836596,458.3330354449187
9,1246,2,2,3,-1.854459596569739,-2.0529514251836596,457.7747024094738
9,1247,2,2,3,-1.854459596569739,-2.0529514251836596,457.2169277070643
9,1248,2,2,3,-1.854459596569739,-2.0529514251836596,456.6597107793572
9,1249,2,2,3,-1.854459596569739,-2.0529514251836596,456.1030510685779
9,1250,2,2,3,-1.854459596569739,-2.0529514251836596,455.5469480175093
9,1251,2,2,3,-1.854459596569739,-2.0529514251836596,455.4002300722056
9,1252,2,1,2,-8.764726328312669,459.393503290305,-0.623251280782349
9,1253,2,2,3,-1.854459596569739,-2.0529514251836596,456.6764448140746
9,1254,1,2,1,472.322220301044,-1.5657700518764335,-0.5649019525675409
9,1255,2,2,3,-1.854459596569739,-2.0529514251836596,457.6687001424705
9,1256,1,2,1,471.0991995850442,-1.5657700518764335,-0.5649019525675409
9,1257,2,2,3,-1.854459596569739,-2.0529514251836596,457.11103144232806
9,1258,2,2,3,-1.854459596569739,-2.0529514251836596,456.5539204108857
9,1259,2,2,3,-1.854459596569739,-2.0529514251836596,456.2784851955373
9,1260,2,1,2,-8.764726328312669,459.32572299563265,-0.623251280782349
9,1261,2,2,3,-1.854459596569739,-2.0529514251836596,455.72220671034177
9,1262,2,2,3,-1.854459596569739,-2.0529514251836596,455.1664845036314
9,1263,2,2,3,-1.854459596569739,-2.0529514251836596,455.0230826298359
9,1264,2,1,2,-8.764726328312669,459.24043587642313,-0.623251280782349
9,1265,2,2,3,-1.854459596569739,-2.0529514251836596,456.0595951257717
9,1266,1,2,1,469.93917954399114,-1.5657700518764335,-0.5649019525675409
9,1267,2,2,3,-1.854459596569739,-2.0529514251836596,455.81843876496043
9,1268,2,1,2,-8.764726328312669,468.6827800077818,-0.623251280782349
9,1269,2,0,2,-1.53565384476972,459.85477622031846,-0.6300840498404277
9,1270,1,2,1,469.42765504788315,-1.5657700518764335,-0.5649019525675409
9,1271,0,1,2,2.7914631950699156,378.4813260438281,3.2914969809938084
9,1272,0,2,1,462.8915296447362,-1.9014646570958402,-0.6663679920857718
9,1273,2,1,2,-8.764726328312669,468.487839856744,-0.623251280782349
9,1274,1,2,1,468.96518568891247,-1.5657700518764335,-0.5649019525675409
9,1275,2,1,2,-8.764726328312669,468.31935201688725,-0.623251280782349
9,1276,2,1,2,-8.764726328312669,468.25103266487037,-0.623251280782349
9,1277,2,1,2,-8.764726328312669,468.2827816322055,-0.623251280782349
9,1278,2,1,2,-8.764726328312669,468.4144988505733,-0.623251280782349
9,1279,2,1,2,-8.764726328312669,468.6460843517227,-0.623251280782349
9,1280,2,1,2,-8.764726328312669,468.977438267371,-0.623251280782349
9,1281,2,1,2,-8.764726328312669,477.5053172864454,-0.623251280782349
9,1282,2,0,2,-1.53565384476972,460.29685198148894,-0.6300840498404277
9,1283,1,2,1,469.54169353137934,-1.5657700518764335,-0.5649019525675409
9,1284,2,1,2,-8.764726328312669,476.3394132174074,-0.623251280782349
9,1285,1,2,1,468.01354961597247,-1.5657700518764335,-0.5649019525675409
9,1286,2,2,3,-1.854459596569739,-2.0529514251836596,455.2626203261955
9,1287,2,2,3,-1.854459596569739,-2.0529514251836596,454.7073577058693
9,1288,2,2,3,-1.854459596569739,-2.0529514251836596,454.15265034816343
9,1289,2,2,3,-1.854459596569739,-2.0529514251836596,453.5984976978153
9,1290,2,2,3,-1.854459596569739,-2.0529514251836596,454.471989340015
9,1291,1,2,1,466.6049215990367,-1.5657700518764335,-0.5649019525675409
9,1292,2,2,3,-1.854459596569739,-2.0529514251836596,455.11867764431815
9,1293,1,2,1,465.5011785259205,-1.5657700518764335,-0.5649019525675409
9,1294,2,2,3,-1.854459596569739,-2.0529514251836596,456.66441178840967
9,1295,2,1,2,-8.764726328312669,474.11524866271924,-0.623251280782349
9,1296,2,2,3,-1.854459596569739,-2.0529514251836596,456.10774737662126
9,1297,2,2,3,-1.854459596569739,-2.0529514251836596,455.5516396292446
9,1298,2,2,3,-1.854459596569739,-2.0529514251836596,456.83388528392936
9,1299,2,1,2,-8.764726328312669,472.23027843955634,-0.623251280782349
9,1300,2,2,3,-1.854459596569739,-2.0529514251836596,457.13511342960254
9,1301,1,2,1,464.80743690285914,-1.5657700518764335,-0.5649019525675409
9,1302,2,2,3,-1.854459596569739,-2.0529514251836596,458.07239965215837
9,1303,2,1,2,-8.764726328312669,470.7564181611644,-0.623251280782349
9,1304,2,2,3,-1.854459596569739,-2.0529514251836596,458.7700450848978
9,1305,2,1,2,-8.764726328312669,469.5990108084528,-0.623251280782349
9,1306,2,2,3,-1.854459596569739,-2.0529514251836596,459.28334264644485
9,1307,2,1,2,-8.764726328312669,468.7081606496056,-0.623251280782349
9,1308,2,2,3,-1.854459596569739,-2.0529514251836596,459.6571162861113
9,1309,2,1,2,-8.764726328312669,468.04339909697006,-0.623251280782349
9,1310,2,2,3,-1.854459596569739,-2.0529514251836596,459.9277011681002
9,1311,2,1,2,-8.764726328312669,467.571901602915,-0.623251280782349
9,1312,2,2,3,-1.854459596569739,-2.0529514251836596,459.8508673046732
9,1313,1,2,1,464.55192907573587,-1.5657700518764335,-0.5649019525675409
9,1314,2,2,3,-1.854459596569739,-2.0529514251836596,459.2910164373685
9,1315,2,2,3,-1.854459596569739,-2.0529514251836596,458.7317254209311
9,1316,2,2,3,-1.854459596569739,-2.0529514251836596,459.0481711375266
9,1317,2,1,2,-8.764726328312669,476.28409978879085,-0.623251280782349
9,1318,2,0,2,-1.53565384476972,459.71293572595516,-0.6300840498404277
9,1319,2,2,3,-1.854459596569739,-2.0529514251836596,460.19547990286424
9,1320,2,1,2,-8.764726328312669,474.74633078840964,-0.623251280782349
9,1321,1,2,1,465.8966229162148,-1.5657700518764335,-0.5649019525675409
9,1322,2,1,2,-8.764726328312669,474.47158445762125,-0.623251280782349
9,1323,2,1,2,-8.764726328312669,474.29711287316366,-0.623251280782349
9,1324,2,1,2,-8.764726328312669,472.82675409623084,-0.623251280782349
9,1325,2,2,3,-1.854459596569739,-2.0529514251836596,460.8857805681047
9,1326,2,1,2,-8.764726328312669,472.16784435531304,-0.623251280782349
9,1327,1,2,1,475.0332220594222,-1.5657700518764335,-0.5649019525675409
9,1328,0,2,1,463.3469932714386,-1.9014646570958402,-0.6663679920857718
9,1329,2,1,2,-8.764726328312669,472.57934890366454,-0.623251280782349
9,1330,1,2,1,474.6581888373628,-1.5657700518764335,-0.5649019525675409
9,1331,1,2,1,474.38353064852544,-1.5657700518764335,-0.5649019525675409
9,1332,1,2,1,474.03053312513566,-1.5657700518764335,-0.5649019525675409
9,1333,2,1,2,-8.764726328312669,471.64910628954044,-0.623251280782349
9,1334,2,2,3,-1.854459596569739,-2.0529514251836596,461.62622529068267
9,1335,1,2,1,472.7284761163997,-1.5657700518764335,-0.5649019525675409
9,1336,2,2,3,-1.854459596569739,-2.0529514251836596,462.163721897138
9,1337,1,2,1,471.7098369725764,-1.5657700518764335,-0.5649019525675409
9,1338,2,2,3,-1.854459596569739,-2.0529514251836596,461.6015581752408
9,1339,2,2,3,-1.854459596569739,-2.0529514251836596,461.03995661706557
9,1340,2,2,3,-1.854459596569739,-2.0529514251836596,460.4789166604485
9,1341,2,2,3,-1.854459596569739,-2.0529514251836596,459.91843774378805
9,1342,2,2,3,-1.854459596569739,-2.0529514251836596,460.52586782969433
9,1343,1,2,1,470.7309141904585,-1.5657700518764335,-0.5649019525675409
9,1344,2,2,3,-1.854459596569739,-2.0529514251836596,459.9653419618646
9,1345,2,2,3,-1.854459596569739,-2.0529514251836596,459.40537661990277
9,1346,2,2,3,-1.854459596569739,-2.0529514251836596,459.9671994627679
9,1347,1,2,1,469.8945755182267,-1.5657700518764335,-0.5649019525675409
9,1348,2,2,3,-1.854459596569739,-2.0529514251836596,460.39004249279554
9,1349,1,2,1,469.2837321731908,-1.5657700518764335,-0.5649019525675409
9,1350,2,2,3,-1.854459596569739,-2.0529514251836596,459.8296524503028
9,1351,2,2,3,-1.854459596569739,-2.0529514251836596,459.2698227978525
9,1352,2,2,3,-1.854459596569739,-2.0529514251836596,458.71055297505467
9,1353,2,2,3,-1.854459596569739,-2.0529514251836596,458.1518424220796
9,1354,2,2,3,-1.854459596569739,-2.0529514251836596,458.92991970253615
9,1355,2,1,2,-8.764726328312669,470.7182577111375,-0.623251280782349
9,1356,2,2,3,-1.854459596569739,-2.0529514251836596,458.3709897828336
9,1357,2,2,3,-1.854459596569739,-2.0529514251836596,457.8126187930508
9,1358,2,2,3,-1.854459596569739,-2.0529514251836596,458.5324644271483
9,1359,2,1,2,-8.764726328312669,479.0580125768933,-0.623251280782349
9,1360,2,0,2,-1.53565384476972,461.1683853984721,-0.6300840498404277
9,1361,2,1,2,-8.764726328312669,478.6789545643164,-0.623251280782349
9,1362,2,1,2,-8.764726328312669,478.4002756097521,-0.623251280782349
9,1363,2,1,2,-8.764726328312669,478.22187533414234,-0.623251280782349
9,1364,2,1,2,-8.764726328312669,478.1436534588082,-0.623251280782349
9,1365,2,1,2,-8.764726328312669,478.1655098053494,-0.623251280782349
9,1366,2,1,2,-8.764726328312669,477.40804830996035,-0.623251280782349
9,1367,1,2,1,469.7250102342107,-1.5657700518764335,-0.5649019525675409
9,1368,0,1,2,2.7914631950699156,387.2045457733177,3.2914969809938084
9,1369,0,2,1,464.27569072698077,-1.9014646570958402,-0.6663679920857718
9,1370,2,1,2,-8.764726328312669,476.97001949215115,-0.623251280782349
9,1371,1,2,1,470.07254114051256,-1.5657700518764335,-0.5649019525675409
9,1372,2,1,2,-8.764726328312669,484.8286876973848,-0.623251280782349
9,1373,2,0,2,-1.53565384476972,461.5887284315356,-0.6300840498404277
9,1374,1,2,1,471.2633271085024,-1.5657700518764335,-0.5649019525675409
9,1375,2,1,2,-8.764726328312669,483.1008883113881,-0.623251280782349
9,1376,1,2,1,472.2639823404796,-1.5657700518764335,-0.5649019525675409
9,1377,2,1,2,-8.764726328312669,481.74493373195673,-0.623251280782349
9,1378,1,2,1,470.8322980847193,-1.5657700518764335,-0.5649019525675409
9,1379,2,2,3,-1.854459596569739,-2.0529514251836596,459.19161549482067
9,1380,1,2,1,469.7090382102346,-1.5657700518764335,-0.5649019525675409
9,1381,2,2,3,-1.854459596569739,-2.0529514251836596,460.86520238480233
9,1382,2,1,2,-8.764726328312669,479.49609539485647,-0.623251280782349
9,1383,2,2,3,-1.854459596569739,-2.0529514251836596,462.1487955904129
9,1384,2,1,2,-8.764726328312669,477.6992166188217,-0.623251280782349
9,1385,2,2,3,-1.854459596569739,-2.0529514251836596,461.58664679482246
9,1386,2,2,3,-1.854459596569739,-2.0529514251836596,461.02506014802765
9,1387,2,2,3,-1.854459596569739,-2.0529514251836596,461.3237489160381
9,1388,1,2,1,469.00918553189894,-1.5657700518764335,-0.5649019525675409
9,1389,2,2,3,-1.854459596569739,-2.0529514251836596,462.38359646969764
9,1390,2,1,2,-8.764726328312669,476.2052710074396,-0.623251280782349
9,1391,2,2,3,-1.854459596569739,-2.0529514251836596,461.8212128732279
9,1392,2,2,3,-1.854459596569739,-2.0529514251836596,461.2593916603547
9,1393,2,2,3,-1.854459596569739,-2.0529514251836596,461.4653618619772
9,1394,1,2,1,468.49333780304477,-1.5657700518764335,-0.5649019525675409
9,1395,2,2,3,-1.854459596569739,-2.0529514251836596,461.59966611828094
9,1396,1,2,1,468.1423709684501,-1.5657700518764335,-0.5649019525675409
9,1397,2,2,3,-1.854459596569739,-2.0529514251836596,461.6857942323294
9,1398,1,2,1,477.1914272535762,-1.5657700518764335,-0.5649019525675409
9,1399,0,2,1,465.0900729523867,-1.9014646570958402,-0.6663679920857718
9,1400,1,2,1,476.8142358263226,-1.5657700518764335,-0.5649019525675409
9,1401,1,2,1,476.47713407342684,-1.5657700518764335,-0.5649019525675409
9,1402,2,1,2,-8.764726328312669,476.3559801799649,-0.623251280782349
9,1403,1,2,1,476.2886627039007,-1.5657700518764335,-0.5649019525675409
9,1404,2,1,2,-8.764726328312669,476.5729597696546,-0.623251280782349
9,1405,1,2,1,476.2405194507064,-1.5657700518764335,-0.5649019525675409
9,1406,2,1,2,-8.764726328312669,475.4225574216897,-0.623251280782349
9,1407,2,2,3,-1.854459596569739,-2.0529514251836596,462.4840479938437
9,1408,2,1,2,-8.764726328312669,483.47758579424277,-0.623251280782349
9,1409,2,0,2,-1.53565384476972,463.29413658201213,-0.6300840498404277
9,1410,2,1,2,-8.764726328312669,481.015747966209,-0.623251280782349
9,1411,2,2,3,-1.854459596569739,-2.0529514251836596,463.2834546200793
9,1412,1,2,1,474.98152951302364,-1.5657700518764335,-0.5649019525675409
9,1413,2,2,3,-1.854459596569739,-2.0529514251836596,463.8782805798607
9,1414,1,2,1,474.0073263391275,-1.5657700518764335,-0.5649019525675409
9,1415,2,2,3,-1.854459596569739,-2.0529514251836596,465.0110115705293
9,1416,2,1,2,-8.764726328312669,479.1502633150705,-0.623251280782349
9,1417,2,2,3,-1.854459596569739,-2.0529514251836596,465.84578648166837
9,1418,2,1,2,-8.764726328312669,477.65396984524864,-0.623251280782349
9,1419,2,2,3,-1.854459596569739,-2.0529514251836596,466.44895084818114
9,1420,2,1,2,-8.764726328312669,476.4670189946937,-0.623251280782349
9,1421,2,2,3,-1.854459596569739,-2.0529514251836596,465.882501897333
9,1422,2,2,3,-1.854459596569739,-2.0529514251836596,465.3166193954356
9,1423,2,2,3,-1.854459596569739,-2.0529514251836596,465.8551923363667
9,1424,2,1,2,-8.764726328312669,475.43998113652464,-0.623251280782349
9,1425,2,2,3,-1.854459596569739,-2.0529514251836596,466.23823123524596
9,1426,2,1,2,-8.764726328312669,474.65356791516155,-0.623251280782349
9,1427,2,2,3,-1.854459596569739,-2.0529514251836596,465.6719930040107
9,1428,2,2,3,-1.854459596569739,-2.0529514251836596,465.1063210110067
9,1429,2,2,3,-1.854459596569739,-2.0529514251836596,465.486392133507
9,1430,2,1,2,-8.764726328312669,473.97136394486256,-0.623251280782349
9,1431,2,2,3,-1.854459596569739,-2.0529514251836596,465.7609179506977
9,1432,2,1,2,-8.764726328312669,473.48455842749536,-0.623251280782349
9,1433,2,2,3,-1.854459596569739,-2.0529514251836596,466.01155146320156
9,1434,1,2,1,473.4417373000717,-1.5657700518764335,-0.5649019525675409
9,1435,2,2,3,-1.854459596569739,-2.0529514251836596,465.44553991173836
9,1436,2,2,3,-1.854459596569739,-2.0529514251836596,464.8800943718266
9,1437,2,2,3,-1.854459596569739,-2.0529514251836596,464.3152142774548
9,1438,2,2,3,-1.854459596569739,-2.0529514251836596,463.75089906317737
9,1439,2,2,3,-1.854459596569739,-2.0529514251836596,463.1871481641142
9,1440,2,2,3,-1.854459596569739,-2.0529514251836596,462.6239610159501
9,1441,2,2,3,-1.854459596569739,-2.0529514251836596,463.1365361986771
9,1442,2,1,2,-8.764726328312669,481.902222106365,-0.623251280782349
9,1443,2,0,2,-1.53565384476972,463.835454916518,-0.6300840498404277
9,1444,1,2,1,474.60588355859466,-1.5657700518764335,-0.5649019525675409
9,1445,2,1,2,-8.764726328312669,481.52031988425864,-0.623251280782349
9,1446,2,1,2,-8.764726328312669,481.2387995643744,-0.623251280782349
9,1447,2,1,2,-8.764726328312669,479.265436691606,-0.623251280782349
9,1448,2,2,3,-1.854459596569739,-2.0529514251836596,464.1701608112784
9,1449,2,1,2,-8.764726328312669,479.18617125491437,-0.623251280782349
9,1450,2,1,2,-8.764726328312669,479.20698508365945,-0.623251280782349
9,1451,2,1,2,-8.764726328312669,479.3277780985758,-0.623251280782349
9,1452,2,1,2,-8.764726328312669,479.5484503204772,-0.623251280782349
9,1453,2,1,2,-8.764726328312669,479.3795877607303,-0.623251280782349
9,1454,1,2,1,483.08921242502146,-1.5657700518764335,-0.5649019525675409
9,1455,0,2,1,466.0396448454604,-1.9014646570958402,-0.6663679920857718
9,1456,2,1,2,-8.764726328312669,487.2613390213926,-0.623251280782349
9,1457,2,0,2,-1.53565384476972,465.27774145494334,-0.6300840498404277
9,1458,1,2,1,482.7061232125964,-1.5657700518764335,-0.5649019525675409
9,1459,1,2,1,482.4234170893838,-1.5657700518764335,-0.5649019525675409
9,1460,1,2,1,482.2409936722944,-1.5657700518764335,-0.5649019525675409
9,1461,1,2,1,480.3697402253815,-1.5657700518764335,-0.5649019525675409
9,1462,2,2,3,-1.854459596569739,-2.0529514251836596,463.6059906504671
9,1463,2,2,3,-1.854459596569739,-2.0529514251836596,463.04238465981666
9,1464,2,2,3,-1.854459596569739,-2.0529514251836596,464.19475047614776
9,1465,1,2,1,478.788046499982,-1.5657700518764335,-0.5649019525675409
9,1466,2,2,3,-1.854459596569739,-2.0529514251836596,465.0752920320312
9,1467,1,2,1,477.55169576115486,-1.5657700518764335,-0.5649019525675409
9,1468,2,2,3,-1.854459596569739,-2.0529514251836596,466.70663539194595
9,1469,2,1,2,-8.764726328312669,484.83916202305596,-0.623251280782349
9,1470,2,2,3,-1.854459596569739,-2.0529514251836596,466.139928756554
9,1471,2,2,3,-1.854459596569739,-2.0529514251836596,465.57378882779744
9,1472,2,2,3,-1.854459596569739,-2.0529514251836596,466.194027825372
9,1473,1,2,1,476.6497349397512,-1.5657700518764335,-0.5649019525675409
9,1474,2,2,3,-1.854459596569739,-2.0529514251836596,467.47370208311736
9,1475,2,1,2,-8.764726328312669,482.835142326979,-0.623251280782349
9,1476,2,2,3,-1.854459596569739,-2.0529514251836596,466.9062283810342
9,1477,2,2,3,-1.854459596569739,-2.0529514251836596,466.3393221526532
9,1478,2,2,3,-1.854459596569739,-2.0529514251836596,467.4060690277588
9,1479,2,1,2,-8.764726328312669,481.1248289280292,-0.623251280782349
9,1480,2,2,3,-1.854459596569739,-2.0529514251836596,467.75378588401827
9,1481,1,2,1,476.0923862482939,-1.5657700518764335,-0.5649019525675409
9,1482,2,2,3,-1.854459596569739,-2.0529514251836596,468.5097653594913
9,1483,2,1,2,-8.764726328312669,479.7948128058159,-0.623251280782349
9,1484,2,2,3,-1.854459596569739,-2.0529514251836596,467.9412555941318
9,1485,2,2,3,-1.854459596569739,-2.0529514251836596,467.3733143385377
9,1486,2,2,3,-1.854459596569739,-2.0529514251836596,467.669129143265
9,1487,1,2,1,484.52107246316507,-1.5657700518764335,-0.5649019525675409
9,1488,0,2,1,465.73492414609757,-1.9014646570958402,-0.6663679920857718
9,1489,2,2,3,-1.854459596569739,-2.0529514251836596,468.76980240279187
9,1490,1,2,1,482.57717565472495,-1.5657700518764335,-0.5649019525675409
9,1491,2,2,3,-1.854459596569739,-2.0529514251836596,469.56796255233047
9,1492,1,2,1,482.01914455702826,-1.5657700518764335,-0.5649019525675409
9,1493,2,1,2,-8.764726328312669,480.0352268363801,-0.623251280782349
9,1494,1,2,1,481.64071755812705,-1.5657700518764335,-0.5649019525675409
9,1495,2,1,2,-8.764726328312669,480.3141351909967,-0.623251280782349
9,1496,1,2,1,481.42774518622304,-1.5657700518764335,-0.5649019525675409
9,1497,2,1,2,-8.764726328312669,479.4699499645777,-0.623251280782349
9,1498,2,2,3,-1.854459596569739,-2.0529514251836596,468.9983945897781
9,1499,2,2,3,-1.854459596569739,-2.0529514251836596,468.42939619518836
9,1500,2,2,3,-1.854459596569739,-2.0529514251836596,469.14780334910563
9,1501,1,2,1,480.2306031991622,-1.5657700518764335,-0.5649019525675409
9,1502,2,2,3,-1.854459596569739,-2.0529514251836596,468.57865554575653
9,1503,2,2,3,-1.854459596569739,-2.0529514251836596,468.01007689021077
9,1504,2,2,3,-1.854459596569739,-2.0529514251836596,467.44206681332054
9,1505,2,2,3,-1.854459596569739,-2.0529514251836596,466.8746247465072
9,1506,2,2,3,-1.854459596569739,-2.0529514251836596,467.6299919885735
9,1507,1,2,1,479.10291208611477,-1.5657700518764335,-0.5649019525675409
9,1508,2,2,3,-1.854459596569739,-2.0529514251836596,468.19818108624156
9,1509,1,2,1,478.2442408050412,-1.5657700518764335,-0.5649019525675409
9,1510,2,2,3,-1.854459596569739,-2.0529514251836596,467.6299829051553
9,1511,2,2,3,-1.854459596569739,-2.0529514251836596,467.06235292225017
9,1512,2,2,3,-1.854459596569739,-2.0529514251836596,466.49529056932795
9,1513,2,2,3,-1.854459596569739,-2.0529514251836596,465.9287952787586
9,1514,2,2,3,-1.854459596569739,-2.0529514251836596,466.58209559058184
9,1515,1,2,1,477.4114441880047,-1.5657700518764335,-0.5649019525675409
9,1516,2,2,3,-1.854459596569739,-2.0529514251836596,467.29141107801684
9,1517,2,1,2,-8.764726328312669,478.5848046648436,-0.623251280782349
9,1518,2,2,3,-1.854459596569739,-2.0529514251836596,467.7260029448276
9,1519,1,2,1,485.67805725966787,-1.5657700518764335,-0.5649019525675409
9,1520,0,2,1,467.24355940019495,-1.9014646570958402,-0.6663679920857718
9,1521,1,2,1,485.2923792024082,-1.5657700518764335,-0.5649019525675409
9,1522,1,2,1,484.3430369439869,-1.5657700518764335,-0.5649019525675409
9,1523,2,1,2,-8.764726328312669,477.7040667541318,-0.623251280782349
9,1524,1,0,1,383.4328832746992,8.926262106749988,17.78679373987269
9,1525,2,0,2,-1.53565384476972,466.6999279669037,-0.6300840498404277
9,1526,1,2,1,484.25869390704287,-1.5657700518764335,-0.5649019525675409
9,1527,1,2,1,484.2744352131358,-1.5657700518764335,-0.5649019525675409
9,1528,1,2,1,482.7518659833602,-1.5657700518764335,-0.5649019525675409
9,1529,2,2,3,-1.854459596569739,-2.0529514251836596,468.6458373826975
9,1530,1,2,1,481.57261728591124,-1.5657700518764335,-0.5649019525675409
9,1531,2,2,3,-1.854459596569739,-2.0529514251836596,469.356942755733
9,1532,1,2,1,481.89104466862534,-1.5657700518764335,-0.5649019525675409
9,1533,1,2,1,489.8590525823821,-1.5657700518764335,-0.5649019525675409
9,1534,0,2,1,466.985540792993,-1.9014646570958402,-0.6663679920857718
9,1535,2,2,3,-1.854459596569739,-2.0529514251836596,470.8172946858155
9,1536,1,2,1,488.26584993280295,-1.5657700518764335,-0.5649019525675409
9,1537,2,1,2,-8.764726328312669,476.64457225261435,-0.623251280782349
9,1538,2,2,3,-1.854459596569739,-2.0529514251836596,470.2464773911297
9,1539,2,2,3,-1.854459596569739,-2.0529514251836596,469.67623091373855
9,1540,2,2,3,-1.854459596569739,-2.0529514251836596,470.9469269657122
9,1541,1,2,1,486.26301070912814,-1.5657700518764335,-0.5649019525675409
9,1542,2,2,3,-1.854459596569739,-2.0529514251836596,470.9400469221498
9,1543,2,1,2,-8.764726328312669,475.80317967264574,-0.623251280782349
9,1544,2,2,3,-1.854459596569739,-2.0529514251836596,471.8860802901385
9,1545,1,2,1,484.65343158693906,-1.5657700518764335,-0.5649019525675409
9,1546,2,2,3,-1.854459596569739,-2.0529514251836596,472.5781619882316
9,1547,1,2,1,483.3733264650801,-1.5657700518764335,-0.5649019525675409
9,1548,2,2,3,-1.854459596569739,-2.0529514251836596,472.3248605770004
9,1549,2,1,2,-8.764726328312669,475.28302290250423,-0.623251280782349
9,1550,2,2,3,-1.854459596569739,-2.0529514251836596,472.8463338393433
9,1551,1,2,1,482.3477808686671,-1.5657700518764335,-0.5649019525675409
9,1552,2,2,3,-1.854459596569739,-2.0529514251836596,472.27348750550397
9,1553,2,2,3,-1.854459596569739,-2.0529514251836596,471.70121401799844
9,1554,2,2,3,-1.854459596569739,-2.0529514251836596,471.12951280398045
9,1555,2,2,3,-1.854459596569739,-2.0529514251836596,470.5583832911765
9,1556,2,2,3,-1.854459596569739,-2.0529514251836596,470.4555642294068
9,1557,2,1,2,-8.764726328312669,474.7298214709651,-0.623251280782349
9,1558,2,2,3,-1.854459596569739,-2.0529514251836596,469.88510866517737
9,1559,2,2,3,-1.854459596569739,-2.0529514251836596,469.3152235565122
9,1560,2,2,3,-1.854459596569739,-2.0529514251836596,470.036131506859
9,1561,1,2,1,481.2465798009794,-1.5657700518764335,-0.5649019525675409
9,1562,2,2,3,-1.854459596569739,-2.0529514251836596,470.5759297564701
9,1563,1,2,1,480.408938866772,-1.5657700518764335,-0.5649019525675409
9,1564,2,2,3,-1.854459596569739,-2.0529514251836596,470.4165891064486
9,1565,2,1,2,-8.764726328312669,474.328081645407,-0.623251280782349
9,1566,2,2,3,-1.854459596569739,-2.0529514251836596,470.23341027869907
9,1567,2,1,2,-8.764726328312669,474.0483810984575,-0.623251280782349
9,1568,2,2,3,-1.854459596569739,-2.0529514251836596,470.6705541986396
9,1569,1,2,1,479.7644298457601,-1.5657700518764335,-0.5649019525675409
9,1570,2,2,3,-1.854459596569739,-2.0529514251836596,471.00017733350586
9,1571,1,2,1,487.9195553996904,-1.5657700518764335,-0.5649019525675409
9,1572,0,2,1,468.59102269826303,-1.9014646570958402,-0.6663679920857718
9,1573,1,2,1,487.5316358442907,-1.5657700518764335,-0.5649019525675409
9,1574,1,2,1,485.90926198860893,-1.5657700518764335,-0.5649019525675409
9,1575,2,1,2,-8.764726328312669,475.44855992548406,-0.623251280782349
9,1576,1,2,1,485.7233527266203,-1.5657700518764335,-0.5649019525675409
9,1577,1,2,1,485.6376293738937,-1.5657700518764335,-0.5649019525675409
9,1578,1,2,1,485.65199174451976,-1.5657700518764335,-0.5649019525675409
9,1579,1,2,1,485.76633975277525,-1.5657700518764335,-0.5649019525675409
9,1580,1,2,1,484.9591132101207,-1.5657700518764335,-0.5649019525675409
9,1581,2,1,2,-8.764726328312669,475.33272148895276,-0.623251280782349
9,1582,2,2,3,-1.854459596569739,-2.0529514251836596,470.42917715617233
9,1583,2,2,3,-1.854459596569739,-2.0529514251836596,469.85874797901613
9,1584,2,2,3,-1.854459596569739,-2.0529514251836596,469.83081260852083
9,1585,2,1,2,-8.764726328312669,483.902742208781,-0.623251280782349
9,1586,2,0,2,-1.53565384476972,466.5431856184569,-0.6300840498404277
9,1587,2,2,3,-1.854459596569739,-2.0529514251836596,470.6541028263381
9,1588,2,1,2,-8.764726328312669,483.5188394665722,-0.623251280782349
9,1589,2,1,2,-8.764726328312669,481.96171169972246,-0.623251280782349
9,1590,2,2,3,-1.854459596569739,-2.0529514251836596,470.08344872351176
9,1591,2,2,3,-1.854459596569739,-2.0529514251836596,469.51336527478827
9,1592,2,2,3,-1.854459596569739,-2.0529514251836596,470.17623820558197
9,1593,2,1,2,-8.764726328312669,480.6129881121028,-0.623251280782349
9,1594,2,2,3,-1.854459596569739,-2.0529514251836596,471.0695665928257
9,1595,1,2,1,483.89908898179834,-1.5657700518764335,-0.5649019525675409
9,1596,2,2,3,-1.854459596569739,-2.0529514251836596,470.4984970262329
9,1597,2,2,3,-1.854459596569739,-2.0529514251836596,469.92799852920666
9,1598,2,2,3,-1.854459596569739,-2.0529514251836596,470.74120848548404
9,1599,1,2,1,491.79969133074655,-1.5657700518764335,-0.5649019525675409
9,1600,0,2,1,468.33530006849963,-1.9014646570958402,-0.6663679920857718
9,1601,2,2,3,-1.854459596569739,-2.0529514251836596,472.25525707867956
9,1602,1,2,1,490.3004080207701,-1.5657700518764335,-0.5649019525675409
9,1603,2,1,2,-8.764726328312669,481.49142969494875,-0.623251280782349
9,1604,1,2,1,488.22363766948234,-1.5657700518764335,-0.5649019525675409
9,1605,2,2,3,-1.854459596569739,-2.0529514251836596,471.6830018216009
9,1606,2,2,3,-1.854459596569739,-2.0529514251836596,472.74884176871956
9,1607,1,2,1,486.50340923763736,-1.5657700518764335,-0.5649019525675409
9,1608,2,2,3,-1.854459596569739,-2.0529514251836596,472.17609292695084
9,1609,2,2,3,-1.854459596569739,-2.0529514251836596,471.6039168340239
9,1610,2,2,3,-1.854459596569739,-2.0529514251836596,472.5073626651476
9,1611,1,2,1,485.03129721772325,-1.5657700518764335,-0.5649019525675409
9,1612,2,2,3,-1.854459596569739,-2.0529514251836596,472.8242779384328
9,1613,2,1,2,-8.764726328312669,480.6518902413587,-0.623251280782349
9,1614,2,2,3,-1.854459596569739,-2.0529514251836596,473.4599485691441
9,1615,1,2,1,483.90070240429617,-1.5657700518764335,-0.5649019525675409
9,1616,2,2,3,-1.854459596569739,-2.0529514251836596,473.5984908461242
9,1617,2,1,2,-8.764726328312669,480.07295181098914,-0.623251280782349
9,1618,2,2,3,-1.854459596569739,-2.0529514251836596,473.6658639907997
9,1619,2,1,2,-8.764726328312669,479.6585771649794,-0.623251280782349
9,1620,2,2,3,-1.854459596569739,-2.0529514251836596,473.6854767310527
9,1621,2,1,2,-8.764726328312669,479.3875816448557,-0.623251280782349
9,1622,2,2,3,-1.854459596569739,-2.0529514251836596,474.12309859597275
9,1623,1,2,1,483.0488189248679,-1.5657700518764335,-0.5649019525675409
9,1624,2,2,3,-1.854459596569739,-2.0529514251836596,474.4326218099374
9,1625,1,2,1,482.4127665915649,-1.5657700518764335,-0.5649019525675409
9,1626,2,2,3,-1.854459596569739,-2.0529514251836596,474.6482235215086
9,1627,1,2,1,481.96166406103777,-1.5657700518764335,-0.5649019525675409
9,1628,2,2,3,-1.854459596569739,-2.0529514251836596,474.54277175219846
9,1629,2,1,2,-8.764726328312669,487.5365988565973,-0.623251280782349
9,1630,2,0,2,-1.53565384476972,467.60307179865396,-0.6300840498404277
9,1631,1,2,1,481.99874768649244,-1.5657700518764335,-0.5649019525675409
9,1632,0,1,2,2.7914631950699156,394.94928590276743,3.2914969809938084
9,1633,0,2,1,469.7678933484528,-1.9014646570958402,-0.6663679920857718
9,1634,2,1,2,-8.764726328312669,487.2490622577407,-0.623251280782349
9,1635,2,1,2,-8.764726328312669,487.06181319548296,-0.623251280782349
9,1636,2,1,2,-8.764726328312669,486.9747513822875,-0.623251280782349
9,1637,2,1,2,-8.764726328312669,485.7570106475264,-0.623251280782349
9,1638,2,2,3,-1.854459596569739,-2.0529514251836596,474.7063705979414
9,1639,1,2,1,480.89480360703936,-1.5657700518764335,-0.5649019525675409
9,1640,2,2,3,-1.854459596569739,-2.0529514251836596,474.13166422734344
9,1641,2,2,3,-1.854459596569739,-2.0529514251836596,473.55753256311607
9,1642,2,2,3,-1.854459596569739,-2.0529514251836596,472.983975030553
9,1643,2,2,3,-1.854459596569739,-2.0529514251836596,472.41099105552246
9,1644,2,2,3,-1.854459596569739,-2.0529514251836596,472.6784775070671
9,1645,1,2,1,479.80049251953506,-1.5657700518764335,-0.5649019525675409
9,1646,2,2,3,-1.854459596569739,-2.0529514251836596,472.81087851579434
9,1647,1,2,1,478.9287202406452,-1.5657700518764335,-0.5649019525675409
9,1648,2,2,3,-1.854459596569739,-2.0529514251836596,472.8437339680388
9,1649,1,2,1,478.2473778794165,-1.5657700518764335,-0.5649019525675409
9,1650,2,2,3,-1.854459596569739,-2.0529514251836596,473.54930462534
9,1651,2,1,2,-8.764726328312669,484.6626907406824,-0.623251280782349
9,1652,2,2,3,-1.854459596569739,-2.0529514251836596,472.9757553207147
9,1653,2,2,3,-1.854459596569739,-2.0529514251836596,472.402779565394
9,1654,2,2,3,-1.854459596569739,-2.0529514251836596,473.04410799218215
9,1655,2,1,2,-8.764726328312669,483.7277883578402,-0.623251280782349
9,1656,2,2,3,-1.854459596569739,-2.0529514251836596,473.5287482403901
9,1657,2,1,2,-8.764726328312669,483.0343555978548,-0.623251280782349
9,1658,2,2,3,-1.854459596569739,-2.0529514251836596,473.8962746205387
9,1659,2,1,2,-8.764726328312669,490.9236241461361,-0.623251280782349
9,1660,2,0,2,-1.53565384476972,468.18925502885077,-0.6300840498404277
9,1661,1,2,1,479.52407888194233,-1.5657700518764335,-0.5649019525675409
9,1662,2,1,2,-8.764726328312669,488.84699291895583,-0.623251280782349
9,1663,2,2,3,-1.854459596569739,-2.0529514251836596,474.80249945746147
9,1664,2,1,2,-8.764726328312669,488.5581459260369,-0.623251280782349
9,1665,2,1,2,-8.764726328312669,488.36958778011086,-0.623251280782349
9,1666,2,1,2,-8.764726328312669,488.28121819233075,-0.623251280782349
9,1667,2,1,2,-8.764726328312669,486.95854381938636,-0.623251280782349
9,1668,2,2,3,-1.854459596569739,-2.0529514251836596,475.43114534983454
9,1669,2,1,2,-8.764726328312669,485.9303728270813,-0.623251280782349
9,1670,2,2,3,-1.854459596569739,-2.0529514251836596,475.2609146241634
9,1671,1,2,1,479.2225015415403,-1.5657700518764335,-0.5649019525675409
9,1672,2,2,3,-1.854459596569739,-2.0529514251836596,474.6856537095392
9,1673,2,2,3,-1.854459596569739,-2.0529514251836596,474.1109680558297
9,1674,2,2,3,-1.854459596569739,-2.0529514251836596,474.0428989028592
9,1675,1,2,1,478.9304983787693,-1.5657700518764335,-0.5649019525675409
9,1676,2,2,3,-1.854459596569739,-2.0529514251836596,474.6457159224543
9,1677,2,1,2,-8.764726328312669,485.02726142069616,-0.623251280782349
9,1678,2,2,3,-1.854459596569739,-2.0529514251836596,474.0710702065319
9,1679,2,2,3,-1.854459596569739,-2.0529514251836596,473.49699913632537
9,1680,2,2,3,-1.854459596569739,-2.0529514251836596,473.461418562191
9,1681,1,2,1,478.7101289785493,-1.5657700518764335,-0.5649019525675409
9,1682,2,2,3,-1.854459596569739,-2.0529514251836596,472.8879571436288
9,1683,2,2,3,-1.854459596569739,-2.0529514251836596,472.3150691864852
9,1684,2,2,3,-1.854459596569739,-2.0529514251836596,472.37586503671304
9,1685,1,2,1,487.2461375221912,-1.5657700518764335,-0.5649019525675409
9,1686,0,2,1,470.8088028942564,-1.9014646570958402,-0.6663679920857718
9,1687,2,1,2,-8.764726328312669,485.56190289332346,-0.623251280782349
9,1688,1,2,1,486.6921521564111,-1.5657700518764335,-0.5649019525675409
9,1689,2,1,2,-8.764726328312669,484.86556804818633,-0.623251280782349
9,1690,1,0,1,383.2494503914245,8.926262106749988,17.78679373987269
9,1691,1,0,1,383.1662009410331,8.926262106749988,17.78679373987269
9,1692,1,0,1,391.600317094786,8.926262106749988,17.78679373987269
9,1693,2,0,2,-1.53565384476972,469.55285258945037,-0.6300840498404277
9,1694,1,2,1,486.5246281775404,-1.5657700518764335,-0.5649019525675409
9,1695,2,1,2,-8.764726328312669,483.2442218820023,-0.623251280782349
9,1696,2,2,3,-1.854459596569739,-2.0529514251836596,472.87945649935995
9,1697,2,1,2,-8.764726328312669,481.9348658872387,-0.623251280782349
9,1698,2,2,3,-1.854459596569739,-2.0529514251836596,473.2030625722606
9,1699,2,1,2,-8.764726328312669,480.8884824931686,-0.623251280782349
9,1700,2,2,3,-1.854459596569739,-2.0529514251836596,473.948694504611
9,1701,1,2,1,485.39308611574285,-1.5657700518764335,-0.5649019525675409
9,1702,2,2,3,-1.854459596569739,-2.0529514251836596,474.5077405796085
9,1703,1,2,1,484.5300438215498,-1.5657700518764335,-0.5649019525675409
9,1704,2,2,3,-1.854459596569739,-2.0529514251836596,473.93323283902885
9,1705,2,2,3,-1.854459596569739,-2.0529514251836596,473.35929960618984
9,1706,2,2,3,-1.854459596569739,-2.0529514251836596,473.53132941239454
9,1707,2,1,2,-8.764726328312669,480.0792358556788,-0.623251280782349
9,1708,2,2,3,-1.854459596569739,-2.0529514251836596,473.6060408208673
9,1709,2,1,2,-8.764726328312669,479.4583103113768,-0.623251280782349
9,1710,2,2,3,-1.854459596569739,-2.0529514251836596,474.113911077114
9,1711,1,2,1,483.8143166360291,-1.5657700518764335,-0.5649019525675409
9,1712,2,2,3,-1.854459596569739,-2.0529514251836596,473.53979716603686
9,1713,2,2,3,-1.854459596569739,-2.0529514251836596,472.96625736887086
9,1714,2,2,3,-1.854459596569739,-2.0529514251836596,473.46724897895064
9,1715,1,2,1,491.9429564589576,-1.5657700518764335,-0.5649019525675409
9,1716,0,2,1,472.4302752942676,-1.9014646570958402,-0.6663679920857718
9,1717,1,2,1,491.5510135024987,-1.5657700518764335,-0.5649019525675409
9,1718,1,2,1,491.2594624889962,-1.5657700518764335,-0.5649019525675409
9,1719,1,2,1,491.0682030265072,-1.5657700518764335,-0.5649019525675409
9,1720,1,2,1,490.9771348234807,-1.5657700518764335,-0.5649019525675409
9,1721,1,2,1,490.9861576886572,-1.5657700518764335,-0.5649019525675409
9,1722,1,2,1,489.3607995687076,-1.5657700518764335,-0.5649019525675409
9,1723,2,2,3,-1.854459596569739,-2.0529514251836596,473.48689680188187
9,1724,2,1,2,-8.764726328312669,478.9876820636254,-0.623251280782349
9,1725,2,2,3,-1.854459596569739,-2.0529514251836596,474.4849262789957
9,1726,1,2,1,488.0987273134574,-1.5657700518764335,-0.5649019525675409
9,1727,2,2,3,-1.854459596569739,-2.0529514251836596,474.35621417539505
9,1728,2,1,2,-8.764726328312669,478.750179060627,-0.623251280782349
9,1729,2,2,3,-1.854459596569739,-2.0529514251836596,475.14236676188784
9,1730,1,2,1,487.12794889153855,-1.5657700518764335,-0.5649019525675409
9,1731,2,2,3,-1.854459596569739,-2.0529514251836596,474.92439781270116
9,1732,2,1,2,-8.764726328312669,478.6926765380217,-0.623251280782349
9,1733,2,2,3,-1.854459596569739,-2.0529514251836596,474.7225330086952
9,1734,2,1,2,-8.764726328312669,487.20914129057513,-0.623251280782349
9,1735,2,0,2,-1.53565384476972,470.82323427076767,-0.6300840498404277
9,1736,1,2,1,487.41513330675866,-1.5657700518764335,-0.5649019525675409
9,1737,0,1,2,2.7914631950699156,394.65433661686467,3.2914969809938084
9,1738,0,1,2,2.7914631950699156,394.4596822802478,3.2914969809938084
9,1739,0,1,2,2.7914631950699156,402.0843113063555,3.2914969809938084
9,1740,0,2,1,472.18477853270167,-1.9014646570958402,-0.6663679920857718
9,1741,2,2,3,-1.854459596569739,-2.0529514251836596,475.38398469559263
9,1742,2,1,2,-8.764726328312669,485.9512416463813,-0.623251280782349
9,1743,2,2,3,-1.854459596569739,-2.0529514251836596,475.99968442340247
9,1744,1,2,1,485.89758873399967,-1.5657700518764335,-0.5649019525675409
9,1745,2,2,3,-1.854459596569739,-2.0529514251836596,476.4035772657282
9,1746,1,2,1,484.6717840099068,-1.5657700518764335,-0.5649019525675409
9,1747,2,2,3,-1.854459596569739,-2.0529514251836596,475.82717368846244
9,1748,2,2,3,-1.854459596569739,-2.0529514251836596,475.25134651477396
9,1749,2,2,3,-1.854459596569739,-2.0529514251836596,474.67609516825917
9,1750,2,2,3,-1.854459596569739,-2.0529514251836596,474.10141907309094
9,1751,2,2,3,-1.854459596569739,-2.0529514251836596,473.52731765401785
9,1752,2,2,3,-1.854459596569739,-2.0529514251836596,472.95379033636385
9,1753,2,2,3,-1.854459596569739,-2.0529514251836596,473.54091791970825
9,1754,1,2,1,483.3851564829672,-1.5657700518764335,-0.5649019525675409
9,1755,2,2,3,-1.854459596569739,-2.0529514251836596,473.9419566195512
9,1756,1,2,1,482.36689454000606,-1.5657700518764335,-0.5649019525675409
9,1757,2,2,3,-1.854459596569739,-2.0529514251836596,473.36801466293167
9,1758,2,2,3,-1.854459596569739,-2.0529514251836596,472.7946466482687
9,1759,2,2,3,-1.854459596569739,-2.0529514251836596,472.22185200162045
9,1760,2,2,3,-1.854459596569739,-2.0529514251836596,471.6496301496188
9,1761,2,2,3,-1.854459596569739,-2.0529514251836596,472.4938400576487
9,1762,2,1,2,-8.764726328312669,484.63300764745037,-0.623251280782349
9,1763,2,2,3,-1.854459596569739,-2.0529514251836596,472.8987786113444
9,1764,1,2,1,481.44718416852857,-1.5657700518764335,-0.5649019525675409
9,1765,2,2,3,-1.854459596569739,-2.0529514251836596,472.3258798327331
9,1766,2,2,3,-1.854459596569739,-2.0529514251836596,471.75355395290035
9,1767,2,2,3,-1.854459596569739,-2.0529514251836596,472.14146979029465
9,1768,1,2,1,480.6444712609149,-1.5657700518764335,-0.5649019525675409
9,1769,2,2,3,-1.854459596569739,-2.0529514251836596,472.80599056836274
9,1770,2,1,2,-8.764726328312669,483.57749994897324,-0.623251280782349
9,1771,2,2,3,-1.854459596569739,-2.0529514251836596,473.009194166357
9,1772,1,2,1,480.1079343572927,-1.5657700518764335,-0.5649019525675409
9,1773,2,2,3,-1.854459596569739,-2.0529514251836596,472.43618497219063
9,1774,2,2,3,-1.854459596569739,-2.0529514251836596,471.86374878721847
9,1775,2,2,3,-1.854459596569739,-2.0529514251836596,471.29188503843125
9,1776,2,2,3,-1.854459596569739,-2.0529514251836596,470.7205931533928
9,1777,2,2,3,-1.854459596569739,-2.0529514251836596,471.07921933942555
9,1778,1,2,1,479.53398363616657,-1.5657700518764335,-0.5649019525675409
9,1779,2,2,3,-1.854459596569739,-2.0529514251836596,470.5081401200861
9,1780,2,2,3,-1.854459596569739,-2.0529514251836596,469.93763197996606
9,1781,2,2,3,-1.854459596569739,-2.0529514251836596,469.3676943479861
9,1782,2,2,3,-1.854459596569739,-2.0529514251836596,468.7983266536381
9,1783,2,2,3,-1.854459596569739,-2.0529514251836596,469.69266648322264
9,1784,2,1,2,-8.764726328312669,482.419323935915,-0.623251280782349
9,1785,2,2,3,-1.854459596569739,-2.0529514251836596,469.12297381673943
9,1786,2,2,3,-1.854459596569739,-2.0529514251836596,468.5538508429227
9,1787,2,2,3,-1.854459596569739,-2.0529514251836596,469.07233013861094
9,1788,1,2,1,488.22687834728737,-1.5657700518764335,-0.5649019525675409
9,1789,0,2,1,472.7258137490871,-1.9014646570958402,-0.6663679920857718
9,1790,2,1,2,-8.764726328312669,483.3118524987049,-0.623251280782349
9,1791,1,2,1,487.8386514689401,-1.5657700518764335,-0.5649019525675409
9,1792,1,2,1,487.5508128174712,-1.5657700518764335,-0.5649019525675409
9,1793,1,2,1,486.94360493309586,-1.5657700518764335,-0.5649019525675409
9,1794,2,1,2,-8.764726328312669,483.64909864121825,-0.623251280782349
9,1795,1,0,1,391.60871677769126,8.926262106749988,17.78679373987269
9,1796,1,0,1,391.7171080609136,8.926262106749988,17.78679373987269
9,1797,1,0,1,399.7568974476282,8.926262106749988,17.78679373987269
9,1798,2,0,2,-1.53565384476972,471.9483277320674,-0.6300840498404277
9,1799,1,2,1,485.38740512350876,-1.5657700518764335,-0.5649019525675409
9,1800,2,2,3,-1.854459596569739,-2.0529514251836596,470.1184502319772
9,1801,1,2,1,485.70201771838526,-1.5657700518764335,-0.5649019525675409
9,1802,1,2,1,493.83167150770635,-1.5657700518764335,-0.5649019525675409
9,1803,0,2,1,471.99495894714414,-1.9014646570958402,-0.6663679920857718
9,1804,2,2,3,-1.854459596569739,-2.0529514251836596,471.8959406880424
9,1805,1,2,1,493.43783983619863,-1.5657700518764335,-0.5649019525675409
9,1806,1,2,1,493.14440199636243,-1.5657700518764335,-0.5649019525675409
9,1807,1,2,1,490.8476599248424,-1.5657700518764335,-0.5649019525675409
9,1808,2,2,3,-1.854459596569739,-2.0529514251836596,473.2002649517976
9,1809,1,2,1,489.0097201625861,-1.5657700518764335,-0.5649019525675409
9,1810,2,2,3,-1.854459596569739,-2.0529514251836596,474.19220075271386
9,1811,1,2,1,488.4900089118081,-1.5657700518764335,-0.5649019525675409
9,1812,2,1,2,-8.764726328312669,482.32921665161507,-0.623251280782349
9,1813,2,2,3,-1.854459596569739,-2.0529514251836596,475.0334915597115
9,1814,1,2,1,487.2693236850387,-1.5657700518764335,-0.5649019525675409
9,1815,2,2,3,-1.854459596569739,-2.0529514251836596,475.66980544855915
9,1816,1,2,1,486.33370205594224,-1.5657700518764335,-0.5649019525675409
9,1817,2,2,3,-1.854459596569739,-2.0529514251836596,475.7534173522131
9,1818,2,1,2,-8.764726328312669,481.39588330432264,-0.623251280782349
9,1819,2,2,3,-1.854459596569739,-2.0529514251836596,476.22511212053007
9,1820,1,2,1,485.6466179502805,-1.5657700518764335,-0.5649019525675409
9,1821,2,2,3,-1.854459596569739,-2.0529514251836596,476.160793355605
9,1822,2,1,2,-8.764726328312669,480.69621351609527,-0.623251280782349
9,1823,2,2,3,-1.854459596569739,-2.0529514251836596,475.5846325622494
9,1824,2,2,3,-1.854459596569739,-2.0529514251836596,475.00904792968714
9,1825,2,2,3,-1.854459596569739,-2.0529514251836596,474.43403888175743
9,1826,2,2,3,-1.854459596569739,-2.0529514251836596,473.8596048428757
9,1827,2,2,3,-1.854459596569739,-2.0529514251836596,474.4526595356659
9,1828,1,2,1,493.70945709101966,-1.5657700518764335,-0.5649019525675409
9,1829,0,2,1,473.6726993044407,-1.9014646570958402,-0.6663679920857718
9,1830,1,2,1,493.31574763392865,-1.5657700518764335,-0.5649019525675409
9,1831,1,2,1,491.77309800862923,-1.5657700518764335,-0.5649019525675409
9,1832,2,1,2,-8.764726328312669,481.71212886734,-0.623251280782349
9,1833,1,2,1,489.8666015017972,-1.5657700518764335,-0.5649019525675409
9,1834,2,2,3,-1.854459596569739,-2.0529514251836596,475.4041871307772
9,1835,1,2,1,489.7767349002954,-1.5657700518764335,-0.5649019525675409
9,1836,1,2,1,489.7869581653951,-1.5657700518764335,-0.5649019525675409
9,1837,1,2,1,488.47327687480254,-1.5657700518764335,-0.5649019525675409
9,1838,2,2,3,-1.854459596569739,-2.0529514251836596,476.12262282830494
9,1839,1,2,1,487.4620888473245,-1.5657700518764335,-0.5649019525675409
9,1840,2,2,3,-1.854459596569739,-2.0529514251836596,475.5465002054766
9,1841,2,2,3,-1.854459596569739,-2.0529514251836596,476.15059698081404
9,1842,1,2,1,486.65478906369265,-1.5657700518764335,-0.5649019525675409
9,1843,2,2,3,-1.854459596569739,-2.0529514251836596,476.6143614000382
9,1844,1,2,1,494.782907388463,-1.5657700518764335,-0.5649019525675409
9,1845,0,2,1,473.4902511526004,-1.9014646570958402,-0.6663679920857718
9,1846,2,2,3,-1.854459596569739,-2.0529514251836596,477.8364330914922
9,1847,1,2,1,494.38812448107456,-1.5657700518764335,-0.5649019525675409
9,1848,1,2,1,494.09373635659347,-1.5657700518764335,-0.5649019525675409
9,1849,1,2,1,492.6738634788008,-1.5657700518764335,-0.5649019525675409
9,1850,2,1,2,-8.764726328312669,481.34672285666375,-0.623251280782349
9,1851,2,2,3,-1.854459596569739,-2.0529514251836596,477.25859665840073
9,1852,2,2,3,-1.854459596569739,-2.0529514251836596,476.68133806174234
9,1853,2,2,3,-1.854459596569739,-2.0529514251836596,476.56652981837783
9,1854,2,1,2,-8.764726328312669,480.99213702301677,-0.623251280782349
9,1855,2,2,3,-1.854459596569739,-2.0529514251836596,475.98996328855947
9,1856,2,2,3,-1.854459596569739,-2.0529514251836596,475.4139733252709
9,1857,2,2,3,-1.854459596569739,-2.0529514251836596,474.8385593519456
9,1858,2,2,3,-1.854459596569739,-2.0529514251836596,474.26372079259363
9,1859,2,2,3,-1.854459596569739,-2.0529514251836596,473.68945707180103
9,1860,2,2,3,-1.854459596569739,-2.0529514251836596,473.11576761472924
9,1861,2,2,3,-1.854459596569739,-2.0529514251836596,474.4789033376576
9,1862,1,2,1,490.7798885613488,-1.5657700518764335,-0.5649019525675409
9,1863,2,2,3,-1.854459596569739,-2.0529514251836596,473.90442443431994
9,1864,2,2,3,-1.854459596569739,-2.0529514251836596,473.3305200098856
9,1865,2,2,3,-1.854459596569739,-2.0529514251836596,473.5156895741757
9,1866,2,1,2,-8.764726328312669,480.47097658855847,-0.623251280782349
9,1867,2,2,3,-1.854459596569739,-2.0529514251836596,472.9421738846016
9,1868,2,2,3,-1.854459596569739,-2.0529514251836596,472.369231710717
9,1869,2,2,3,-1.854459596569739,-2.0529514251836596,473.6195175072188
9,1870,1,2,1,489.0902319384286,-1.5657700518764335,-0.5649019525675409
9,1871,2,2,3,-1.854459596569739,-2.0529514251836596,474.57749871840133
9,1872,1,2,1,487.76438111770744,-1.5657700518764335,-0.5649019525675409
9,1873,2,2,3,-1.854459596569739,-2.0529514251836596,474.00292121968295
9,1874,2,2,3,-1.854459596569739,-2.0529514251836596,473.42891829846326
9,1875,2,2,3,-1.854459596569739,-2.0529514251836596,474.27470019927
9,1876,1,2,1,486.64113832566443,-1.5657700518764335,-0.5649019525675409
9,1877,2,2,3,-1.854459596569739,-2.0529514251836596,473.7004254990707
9,1878,2,2,3,-1.854459596569739,-2.0529514251836596,473.12672507357166
9,1879,2,2,3,-1.854459596569739,-2.0529514251836596,473.28067924848176
9,1880,2,1,2,-8.764726328312669,480.0786661753023,-0.623251280782349
9,1881,2,2,3,-1.854459596569739,-2.0529514251836596,473.3803992749885
9,1882,2,1,2,-8.764726328312669,488.69368400324674,-0.623251280782349
9,1883,2,0,2,-1.53565384476972,473.1341696751821,-0.6300840498404277
9,1884,2,1,2,-8.764726328312669,488.3049903192435,-0.623251280782349
9,1885,2,1,2,-8.764726328312669,488.0166853289242,-0.623251280782349
9,1886,2,1,2,-8.764726328312669,487.8286686435953,-0.623251280782349
9,1887,2,1,2,-8.764726328312669,486.3104613074596,-0.623251280782349
9,1888,2,2,3,-1.854459596569739,-2.0529514251836596,474.0870950169282
9,1889,2,1,2,-8.764726328312669,485.1140375833895,-0.623251280782349
9,1890,2,2,3,-1.854459596569739,-2.0529514251836596,474.6046752359909
9,1891,2,1,2,-8.764726328312669,484.1884966734137,-0.623251280782349
9,1892,2,2,3,-1.854459596569739,-2.0529514251836596,474.97886888305976
9,1893,2,1,2,-8.764726328312669,483.4925550254952,-0.623251280782349
9,1894,2,2,3,-1.854459596569739,-2.0529514251836596,475.2467449422778
9,1895,2,1,2,-8.764726328312669,484.12077221718647,-0.623251280782349
9,1896,1,2,1,486.70498094259943,-1.5657700518764335,-0.5649019525675409
9,1897,2,1,2,-8.764726328312669,485.184627842783,-0.623251280782349
9,1898,1,0,1,393.771565188672,8.926262106749988,17.78679373987269
10,1,0,0,2,0.009317174468442126,257.9005057812078,-0.6122225467830142
10,2,0,1,2,2.7914631950699156,408.85141503982743,3.2914969809938084
10,3,0,2,1,473.1906537866259,-1.9014646570958402,-0.6663679920857718
10,4,2,2,3,-1.854459596569739,-2.0529514251836596,474.67149819733555
10,5,2,2,3,-1.854459596569739,-2.0529514251836596,474.0968266991382
10,6,2,2,3,-1.854459596569739,-2.0529514251836596,473.5227298724391
10,7,2,2,3,-1.854459596569739,-2.0529514251836596,472.94920714256665
10,8,2,2,3,-1.854459596569739,-2.0529514251836596,473.5875645847455
10,9,2,1,2,-8.764726328312669,483.75133395239453,-0.623251280782349
10,10,2,2,3,-1.854459596569739,-2.0529514251836596,473.0139770201608
10,11,2,2,3,-1.854459596569739,-2.0529514251836596,472.44096304314064
10,12,2,2,3,-1.854459596569739,-2.0529514251836596,472.98824880011364
10,13,2,1,2,-8.764726328312669,482.50203718836633,-0.623251280782349
10,14,2,2,3,-1.854459596569739,-2.0529514251836596,472.4152605513135
10,15,2,2,3,-1.854459596569739,-2.0529514251836596,471.84284529076217
10,16,2,2,3,-1.854459596569739,-2.0529514251836596,472.3262624433342
10,17,2,1,2,-8.764726328312669,481.4121334514198,-0.623251280782349
10,18,2,2,3,-1.854459596569739,-2.0529514251836596,471.7539361808909
10,19,2,2,3,-1.854459596569739,-2.0529514251836596,471.18218224471
10,20,2,2,3,-1.854459596569739,-2.0529514251836596,471.62376523192955
10,21,2,1,2,-8.764726328312669,480.46167286423884,-0.623251280782349
10,22,2,2,3,-1.854459596569739,-2.0529514251836596,472.54518182205396
10,23,1,2,1,484.9164558487228,-1.5657700518764335,-0.5649019525675409
10,24,2,2,3,-1.854459596569739,-2.0529514251836596,472.7563692534082
10,25,2,1,2,-8.764726328312669,479.8183861339024,-0.623251280782349
10,26,2,2,3,-1.854459596569739,-2.0529514251836596,472.8827525553237
10,27,2,1,2,-8.764726328312669,479.3519400234892,-0.623251280782349
10,28,2,2,3,-1.854459596569739,-2.0529514251836596,472.9503193621168
10,29,2,1,2,-8.764726328312669,479.0388276379898,-0.623251280782349
10,30,2,2,3,-1.854459596569739,-2.0529514251836596,473.5620165549287
10,31,1,2,1,483.5074499027885,-1.5657700518764335,-0.5649019525675409
10,32,2,2,3,-1.854459596569739,-2.0529514251836596,472.98845453837373
10,33,2,2,3,-1.854459596569739,-2.0529514251836596,472.4154660838353
10,34,2,2,3,-1.854459596569739,-2.0529514251836596,472.4987634116128
10,35,2,1,2,-8.764726328312669,487.8752276720339,-0.623251280782349
10,36,2,0,2,-1.53565384476972,472.59813028541356,-0.6300840498404277
10,37,2,2,3,-1.854459596569739,-2.0529514251836596,473.44853460998286
10,38,2,1,2,-8.764726328312669,487.05494244520656,-0.623251280782349
10,39,1,2,1,483.6751442145851,-1.5657700518764335,-0.5649019525675409
10,40,2,1,2,-8.764726328312669,486.4332874779298,-0.623251280782349
10,41,1,2,1,483.8645252534416,-1.5657700518764335,-0.5649019525675409
10,42,2,1,2,-8.764726328312669,486.24685419045187,-0.623251280782349
10,43,2,1,2,-8.764726328312669,486.1606073362614,-0.623251280782349
10,44,2,1,2,-8.764726328312669,484.9159515290236,-0.623251280782349
10,45,2,2,3,-1.854459596569739,-2.0529514251836596,474.0103603503579
10,46,2,1,2,-8.764726328312669,483.95138205080667,-0.623251280782349
10,47,2,2,3,-1.854459596569739,-2.0529514251836596,474.420511138352
10,48,2,1,2,-8.764726328312669,483.22387444842286,-0.623251280782349
10,49,2,2,3,-1.854459596569739,-2.0529514251836596,473.8460906272137
10,50,2,2,3,-1.854459596569739,-2.0529514251836596,474.26406956458305
10,51,1,2,1,482.9302156149912,-1.5657700518764335,-0.5649019525675409
10,52,2,2,3,-1.854459596569739,-2.0529514251836596,474.5477539540089
10,53,1,2,1,482.21742169493893,-1.5657700518764335,-0.5649019525675409
10,54,2,2,3,-1.854459596569739,-2.0529514251836596,474.83214212900185
10,55,2,1,2,-8.764726328312669,482.7098690743518,-0.623251280782349
10,56,2,2,3,-1.854459596569739,-2.0529514251836596,474.2573099868728
10,57,2,2,3,-1.854459596569739,-2.0529514251836596,473.68305267688595
10,58,2,2,3,-1.854459596569739,-2.0529514251836596,474.0030244475582
10,59,2,1,2,-8.764726328312669,491.12609706517253,-0.623251280782349
10,60,2,0,2,-1.53565384476972,473.07784200467114,-0.6300840498404277
10,61,1,2,1,483.3171631348971,-1.5657700518764335,-0.5649019525675409
10,62,2,1,2,-8.764726328312669,490.73497096810735,-0.623251280782349
10,63,2,1,2,-8.764726328312669,490.44423599713923,-0.623251280782349
10,64,2,1,2,-8.764726328312669,489.5482115477801,-0.623251280782349
10,65,1,2,1,484.2507197646376,-1.5657700518764335,-0.5649019525675409
10,66,2,1,2,-8.764726328312669,488.93421164970124,-0.623251280782349
10,67,1,2,1,486.20193787711673,-1.5657700518764335,-0.5649019525675409
10,68,0,1,2,2.7914631950699156,415.3121482607206,3.2914969809938084
10,69,0,2,1,474.27607536128374,-1.9014646570958402,-0.6663679920857718
10,70,2,1,2,-8.764726328312669,487.5670899050394,-0.623251280782349
10,71,2,2,3,-1.854459596569739,-2.0529514251836596,474.63671385263694
10,72,1,2,1,484.6707787608161,-1.5657700518764335,-0.5649019525675409
10,73,2,2,3,-1.854459596569739,-2.0529514251836596,475.34218436797215
10,74,2,1,2,-8.764726328312669,486.5692571669647,-0.623251280782349
10,75,2,2,3,-1.854459596569739,-2.0529514251836596,475.87832239070445
10,76,2,1,2,-8.764726328312669,485.82428536694795,-0.623251280782349
10,77,2,2,3,-1.854459596569739,-2.0529514251836596,476.2870944029619
10,78,2,1,2,-8.764726328312669,493.9765631887156,-0.623251280782349
10,79,2,0,2,-1.53565384476972,472.9224801500973,-0.6300840498404277
10,80,2,2,3,-1.854459596569739,-2.0529514251836596,477.46206471834853
10,81,2,1,2,-8.764726328312669,491.9476512769605,-0.623251280782349
10,82,2,2,3,-1.854459596569739,-2.0529514251836596,476.88460265363017
10,83,2,2,3,-1.854459596569739,-2.0529514251836596,476.3077180509765
10,84,2,2,3,-1.854459596569739,-2.0529514251836596,475.7314103329255
10,85,2,2,3,-1.854459596569739,-2.0529514251836596,475.1556789225926
10,86,2,2,3,-1.854459596569739,-2.0529514251836596,474.58052324367
10,87,2,2,3,-1.854459596569739,-2.0529514251836596,474.00594272042633
10,88,2,2,3,-1.854459596569739,-2.0529514251836596,475.2081659248028
10,89,2,1,2,-8.764726328312669,489.99849457581996,-0.623251280782349
10,90,2,2,3,-1.854459596569739,-2.0529514251836596,476.0972002953287
10,91,2,1,2,-8.764726328312669,488.4322679474755,-0.623251280782349
10,92,2,2,3,-1.854459596569739,-2.0529514251836596,475.52110309503337
10,93,2,2,3,-1.854459596569739,-2.0529514251836596,474.94558199193835
10,94,2,2,3,-1.854459596569739,-2.0529514251836596,475.3334308900653
10,95,1,2,1,483.461710542851,-1.5657700518764335,-0.5649019525675409
10,96,2,2,3,-1.854459596569739,-2.0529514251836596,476.0548823278589
10,97,2,1,2,-8.764726328312669,487.118474503186,-0.623251280782349
10,98,2,2,3,-1.854459596569739,-2.0529514251836596,475.478827445531
10,99,2,2,3,-1.854459596569739,-2.0529514251836596,474.9033486180855
10,100,2,2,3,-1.854459596569739,-2.0529514251836596,475.1757231000192
10,101,1,2,1,482.4579360754678,-1.5657700518764335,-0.5649019525675409
10,102,2,2,3,-1.854459596569739,-2.0529514251836596,474.60054737691917
10,103,2,2,3,-1.854459596569739,-2.0529514251836596,474.02594682954225
10,104,2,2,3,-1.854459596569739,-2.0529514251836596,474.28668781805936
10,105,1,2,1,481.56652456190886,-1.5657700518764335,-0.5649019525675409
10,106,2,2,3,-1.854459596569739,-2.0529514251836596,474.4331049678824
10,107,1,2,1,480.87874949753837,-1.5657700518764335,-0.5649019525675409
10,108,2,2,3,-1.854459596569739,-2.0529514251836596,475.1145234469096
10,109,2,1,2,-8.764726328312669,485.94296487411145,-0.623251280782349
10,110,2,2,3,-1.854459596569739,-2.0529514251836596,475.11006730247493
10,111,1,2,1,480.42677121072956,-1.5657700518764335,-0.5649019525675409
10,112,2,2,3,-1.854459596569739,-2.0529514251836596,475.60741409476447
10,113,2,1,2,-8.764726328312669,485.033802382082,-0.623251280782349
10,114,2,2,3,-1.854459596569739,-2.0529514251836596,475.96501912111415
10,115,2,1,2,-8.764726328312669,484.3509590368641,-0.623251280782349
10,116,2,2,3,-1.854459596569739,-2.0529514251836596,475.38905410199305
10,117,2,2,3,-1.854459596569739,-2.0529514251836596,474.81366504789105
10,118,2,2,3,-1.854459596569739,-2.0529514251836596,475.1830434877515
10,119,2,1,2,-8.764726328312669,483.75898443846506,-0.623251280782349
10,120,2,2,3,-1.854459596569739,-2.0529514251836596,475.4568785983844
10,121,2,1,2,-8.764726328312669,492.10241152947816,-0.623251280782349
10,122,2,0,2,-1.53565384476972,473.1924824849498,-0.6300840498404277
10,123,1,2,1,481.80223283107495,-1.5657700518764335,-0.5649019525675409
10,124,2,1,2,-8.764726328312669,490.0624013577704,-0.623251280782349
10,125,2,2,3,-1.854459596569739,-2.0529514251836596,476.3273684729652
10,126,2,1,2,-8.764726328312669,488.4125707008169,-0.623251280782349
10,127,2,2,3,-1.854459596569739,-2.0529514251836596,476.94747612504955
10,128,2,1,2,-8.764726328312669,488.22415813011605,-0.623251280782349
10,129,2,1,2,-8.764726328312669,488.13593397198593,-0.623251280782349
10,130,2,1,2,-8.764726328312669,487.0401407111672,-0.623251280782349
10,131,2,2,3,-1.854459596569739,-2.0529514251836596,477.36970244295014
10,132,2,1,2,-8.764726328312669,486.19572718190256,-0.623251280782349
10,133,2,2,3,-1.854459596569739,-2.0529514251836596,477.6661091896635
10,134,2,1,2,-8.764726328312669,486.40953145472065,-0.623251280782349
10,135,2,1,2,-8.764726328312669,486.7231219232659,-0.623251280782349
10,136,2,1,2,-8.764726328312669,486.93419468461786,-0.623251280782349
10,137,1,0,1,402.04046443581484,8.926262106749988,17.78679373987269
10,138,2,0,2,-1.53565384476972,473.1621790462315,-0.6300840498404277
10,139,2,2,3,-1.854459596569739,-2.0529514251836596,478.0059835444743
10,140,2,1,2,-8.764726328312669,486.54726048993325,-0.623251280782349
10,141,2,1,2,-8.764726328312669,486.2607132294433,-0.623251280782349
10,142,2,1,2,-8.764726328312669,485.25723427740195,-0.623251280782349
10,143,2,2,3,-1.854459596569739,-2.0529514251836596,478.1458513834897
10,144,2,1,2,-8.764726328312669,484.4679501366272,-0.623251280782349
10,145,2,2,3,-1.854459596569739,-2.0529514251836596,477.5677055321062
10,146,2,2,3,-1.854459596569739,-2.0529514251836596,477.67326204242164
10,147,2,1,2,-8.764726328312669,483.8108080651642,-0.623251280782349
10,148,2,2,3,-1.854459596569739,-2.0529514251836596,477.5043568884559
10,149,1,2,1,490.4753410087345,-1.5657700518764335,-0.5649019525675409
10,150,0,2,1,475.4055265850201,-1.9014646570958402,-0.6663679920857718
10,151,1,2,1,490.0848656677258,-1.5657700518764335,-0.5649019525675409
10,152,1,2,1,488.5493104329104,-1.5657700518764335,-0.5649019525675409
10,153,2,2,3,-1.854459596569739,-2.0529514251836596,478.02030293246844
10,154,1,2,1,487.8916493880706,-1.5657700518764335,-0.5649019525675409
10,155,2,1,2,-8.764726328312669,483.35373724896215,-0.623251280782349
10,156,2,2,3,-1.854459596569739,-2.0529514251836596,477.44228262953595
10,157,2,2,3,-1.854459596569739,-2.0529514251836596,476.8648403469064
10,158,2,2,3,-1.854459596569739,-2.0529514251836596,476.93037629986304
10,159,2,1,2,-8.764726328312669,482.9344707777524,-0.623251280782349
10,160,2,2,3,-1.854459596569739,-2.0529514251836596,476.94785127687425
10,161,2,1,2,-8.764726328312669,482.6588609763877,-0.623251280782349
10,162,2,2,3,-1.854459596569739,-2.0529514251836596,476.9362933858492
10,163,2,1,2,-8.764726328312669,491.13603060432587,-0.623251280782349
10,164,2,0,2,-1.53565384476972,473.0626541868074,-0.6300840498404277
10,165,2,2,3,-1.854459596569739,-2.0529514251836596,477.7651310770925
10,166,2,1,2,-8.764726328312669,490.4237008333123,-0.623251280782349
10,167,1,2,1,486.8012324258957,-1.5657700518764335,-0.5649019525675409
10,168,2,2,3,-1.854459596569739,-2.0529514251836596,478.44056435188116
10,169,2,1,2,-8.764726328312669,488.9469466208173,-0.623251280782349
10,170,2,2,3,-1.854459596569739,-2.0529514251836596,477.8621237875293
10,171,2,2,3,-1.854459596569739,-2.0529514251836596,477.28426166374174
10,172,2,2,3,-1.854459596569739,-2.0529514251836596,477.64915750753124
10,173,1,2,1,485.90837577655174,-1.5657700518764335,-0.5649019525675409
10,174,2,2,3,-1.854459596569739,-2.0529514251836596,477.88917095865673
10,175,1,2,1,485.2285661238036,-1.5657700518764335,-0.5649019525675409
10,176,2,2,3,-1.854459596569739,-2.0529514251836596,477.3112817876981
10,177,2,2,3,-1.854459596569739,-2.0529514251836596,476.7339705059104
10,178,2,2,3,-1.854459596569739,-2.0529514251836596,476.9982015015759
10,179,1,2,1,484.6285314600793,-1.5657700518764335,-0.5649019525675409
10,180,2,2,3,-1.854459596569739,-2.0529514251836596,477.60412906687924
10,181,2,1,2,-8.764726328312669,487.6350607363566,-0.623251280782349
10,182,2,2,3,-1.854459596569739,-2.0529514251836596,478.0195871730906
10,183,2,1,2,-8.764726328312669,486.5954937928569,-0.623251280782349
10,184,2,2,3,-1.854459596569739,-2.0529514251836596,478.0958530703294
10,185,1,2,1,484.29716776803394,-1.5657700518764335,-0.5649019525675409
10,186,2,2,3,-1.854459596569739,-2.0529514251836596,478.3592216487893
10,187,2,1,2,-8.764726328312669,485.7935073568014,-0.623251280782349
10,188,2,2,3,-1.854459596569739,-2.0529514251836596,478.5168567122337
10,189,2,1,2,-8.764726328312669,485.1873254356324,-0.623251280782349
10,190,2,2,3,-1.854459596569739,-2.0529514251836596,478.5105906500457
10,191,1,2,1,492.83259812314753,-1.5657700518764335,-0.5649019525675409
10,192,0,2,1,475.89851914464566,-1.9014646570958402,-0.6663679920857718
10,193,2,1,2,-8.764726328312669,486.15902010626075,-0.623251280782349
10,194,1,2,1,491.7790813013526,-1.5657700518764335,-0.5649019525675409
10,195,2,1,2,-8.764726328312669,487.02924714446857,-0.623251280782349
10,196,1,2,1,491.4873022200513,-1.5657700518764335,-0.5649019525675409
10,197,1,2,1,490.01112047240065,-1.5657700518764335,-0.5649019525675409
10,198,2,2,3,-1.854459596569739,-2.0529514251836596,477.9320800593956
10,199,2,2,3,-1.854459596569739,-2.0529514251836596,477.35414797933623
10,200,2,2,3,-1.854459596569739,-2.0529514251836596,477.734628648705
10,201,2,1,2,-8.764726328312669,495.05952519451563,-0.623251280782349
10,202,2,0,2,-1.53565384476972,473.0521170043484,-0.6300840498404277
10,203,2,2,3,-1.854459596569739,-2.0529514251836596,478.8720587780915
10,204,2,1,2,-8.764726328312669,493.0619064940951,-0.623251280782349
10,205,2,2,3,-1.854459596569739,-2.0529514251836596,478.29318671931344
10,206,2,2,3,-1.854459596569739,-2.0529514251836596,478.87496897414974
10,207,1,2,1,488.8186303536014,-1.5657700518764335,-0.5649019525675409
10,208,2,2,3,-1.854459596569739,-2.0529514251836596,479.2805164817413
10,209,1,2,1,487.8855384499337,-1.5657700518764335,-0.5649019525675409
10,210,2,2,3,-1.854459596569739,-2.0529514251836596,478.70123596525957
10,211,2,2,3,-1.854459596569739,-2.0529514251836596,478.12253472929433
10,212,2,2,3,-1.854459596569739,-2.0529514251836596,477.54441219456504
10,213,2,2,3,-1.854459596569739,-2.0529514251836596,476.96686778237046
10,214,2,2,3,-1.854459596569739,-2.0529514251836596,476.3899009145881
10,215,2,2,3,-1.854459596569739,-2.0529514251836596,475.8135110136735
10,216,2,2,3,-1.854459596569739,-2.0529514251836596,476.9452886552216
10,217,2,1,2,-8.764726328312669,491.17329942155254,-0.623251280782349
10,218,2,2,3,-1.854459596569739,-2.0529514251836596,477.77691643243315
10,219,2,1,2,-8.764726328312669,489.65588420620816,-0.623251280782349
10,220,2,2,3,-1.854459596569739,-2.0529514251836596,477.19913951600074
10,221,2,2,3,-1.854459596569739,-2.0529514251836596,476.62194037648476
10,222,2,2,3,-1.854459596569739,-2.0529514251836596,476.0453184361083
10,223,2,2,3,-1.854459596569739,-2.0529514251836596,475.4692731176722
10,224,2,2,3,-1.854459596569739,-2.0529514251836596,474.8938038445545
10,225,2,2,3,-1.854459596569739,-2.0529514251836596,474.31891004070997
10,226,2,2,3,-1.854459596569739,-2.0529514251836596,473.7445911306693
10,227,2,2,3,-1.854459596569739,-2.0529514251836596,473.1708465395386
10,228,2,2,3,-1.854459596569739,-2.0529514251836596,474.05443019212817
10,229,1,2,1,486.628373193961,-1.5657700518764335,-0.5649019525675409
10,230,2,2,3,-1.854459596569739,-2.0529514251836596,475.02491970932994
10,231,2,1,2,-8.764726328312669,488.117762836811,-0.623251280782349
10,232,2,2,3,-1.854459596569739,-2.0529514251836596,475.7460862592412
10,233,2,1,2,-8.764726328312669,486.90484909279473,-0.623251280782349
10,234,2,2,3,-1.854459596569739,-2.0529514251836596,476.27505769350375
10,235,2,1,2,-8.764726328312669,485.9655948951721,-0.623251280782349
10,236,2,2,3,-1.854459596569739,-2.0529514251836596,476.72376087035553
10,237,1,2,1,485.8611882007301,-1.5657700518764335,-0.5649019525675409
10,238,2,2,3,-1.854459596569739,-2.0529514251836596,477.061978677942
10,239,2,1,2,-8.764726328312669,485.2981712947711,-0.623251280782349
10,240,2,2,3,-1.854459596569739,-2.0529514251836596,477.3560384420201
10,241,1,2,1,485.3333171864171,-1.5657700518764335,-0.5649019525675409
10,242,2,2,3,-1.854459596569739,-2.0529514251836596,477.56495355600043
10,243,2,1,2,-8.764726328312669,484.8472845673381,-0.623251280782349
10,244,2,2,3,-1.854459596569739,-2.0529514251836596,476.9873886024444
10,245,2,2,3,-1.854459596569739,-2.0529514251836596,476.41040121384196
10,246,2,2,3,-1.854459596569739,-2.0529514251836596,475.83399081262814
10,247,2,2,3,-1.854459596569739,-2.0529514251836596,475.25815682181553
10,248,2,2,3,-1.854459596569739,-2.0529514251836596,474.68289866499373
10,249,2,2,3,-1.854459596569739,-2.0529514251836596,474.1082157663287
10,250,2,2,3,-1.854459596569739,-2.0529514251836596,473.5341075505624
10,251,2,2,3,-1.854459596569739,-2.0529514251836596,472.9605734430118
10,252,2,2,3,-1.854459596569739,-2.0529514251836596,472.3876128695688
10,253,2,2,3,-1.854459596569739,-2.0529514251836596,471.8152252566992
10,254,2,2,3,-1.854459596569739,-2.0529514251836596,472.58170113248457
10,255,1,2,1,493.8139388630953,-1.5657700518764335,-0.5649019525675409
10,256,0,2,1,475.09425564229707,-1.9014646570958402,-0.6663679920857718
10,257,2,2,3,-1.854459596569739,-2.0529514251836596,474.11111096668253
10,258,1,2,1,493.4201249242322,-1.5657700518764335,-0.5649019525675409
10,259,1,2,1,493.12670479930796,-1.5657700518764335,-0.5649019525675409
10,260,1,2,1,492.11391549154365,-1.5657700518764335,-0.5649019525675409
10,261,2,1,2,-8.764726328312669,486.0645620897499,-0.623251280782349
10,262,1,0,1,409.0685775756638,8.926262106749988,17.78679373987269
10,263,2,0,2,-1.53565384476972,474.4661829375764,-0.6300840498404277
10,264,1,2,1,490.33952392809084,-1.5657700518764335,-0.5649019525675409
10,265,2,2,3,-1.854459596569739,-2.0529514251836596,475.1436127388953
10,266,1,2,1,488.9447891964324,-1.5657700518764335,-0.5649019525675409
10,267,2,2,3,-1.854459596569739,-2.0529514251836596,475.9347855954526
10,268,1,2,1,488.8707019236744,-1.5657700518764335,-0.5649019525675409
10,269,2,1,2,-8.764726328312669,485.9563053712187,-0.623251280782349
10,270,1,2,1,488.8933059630576,-1.5657700518764335,-0.5649019525675409
10,271,2,1,2,-8.764726328312669,485.9611121244395,-0.623251280782349
10,272,1,2,1,496.9383066753393,-1.5657700518764335,-0.5649019525675409
10,273,0,2,1,476.78172243892595,-1.9014646570958402,-0.6663679920857718
10,274,1,2,1,495.45462610812484,-1.5657700518764335,-0.5649019525675409
10,275,2,1,2,-8.764726328312669,486.71500889669994,-0.623251280782349
10,276,1,2,1,495.15917148201675,-1.5657700518764335,-0.5649019525675409
10,277,1,2,1,494.9640123105347,-1.5657700518764335,-0.5649019525675409
10,278,1,2,1,494.8690482982242,-1.5657700518764335,-0.5649019525675409
10,279,1,2,1,494.874179249926,-1.5657700518764335,-0.5649019525675409
10,280,1,2,1,493.1043050988832,-1.5657700518764335,-0.5649019525675409
10,281,2,2,3,-1.854459596569739,-2.0529514251836596,477.05863324069674
10,282,1,2,1,493.3112007937843,-1.5657700518764335,-0.5649019525675409
10,283,1,2,1,492.0088854052348,-1.5657700518764335,-0.5649019525675409
10,284,2,2,3,-1.854459596569739,-2.0529514251836596,476.481574607456
10,285,2,2,3,-1.854459596569739,-2.0529514251836596,475.9050930328486
10,286,2,2,3,-1.854459596569739,-2.0529514251836596,476.92346338468195
10,287,1,2,1,499.909387386165,-1.5657700518764335,-0.5649019525675409
10,288,0,2,1,478.5945795462637,-1.9014646570958402,-0.6663679920857718
10,289,1,2,1,499.50947799877883,-1.5657700518764335,-0.5649019525675409
10,290,1,2,1,497.9433160796742,-1.5657700518764335,-0.5649019525675409
10,291,2,1,2,-8.764726328312669,487.7398962989177,-0.623251280782349
10,292,1,2,1,495.6644073467903,-1.5657700518764335,-0.5649019525675409
10,293,2,2,3,-1.854459596569739,-2.0529514251836596,478.201893373546
10,294,1,2,1,495.5687429394435,-1.5657700518764335,-0.5649019525675409
10,295,1,2,1,495.57317419650406,-1.5657700518764335,-0.5649019525675409
10,296,1,2,1,495.67760102230756,-1.5657700518764335,-0.5649019525675409
10,297,1,2,1,494.15182836405785,-1.5657700518764335,-0.5649019525675409
10,298,2,2,3,-1.854459596569739,-2.0529514251836596,477.62369148017245
10,299,2,2,3,-1.854459596569739,-2.0529514251836596,477.04606778869226
10,300,2,2,3,-1.854459596569739,-2.0529514251836596,477.52771074341587
10,301,2,1,2,-8.764726328312669,486.7411500326241,-0.623251280782349
10,302,2,2,3,-1.854459596569739,-2.0529514251836596,477.8623135223041
10,303,2,1,2,-8.764726328312669,485.9754040680698,-0.623251280782349
10,304,2,2,3,-1.854459596569739,-2.0529514251836596,478.0876471728126
10,305,2,1,2,-8.764726328312669,485.40854073137126,-0.623251280782349
10,306,2,2,3,-1.854459596569739,-2.0529514251836596,477.50955952563976
10,307,2,2,3,-1.854459596569739,-2.0529514251836596,476.9320499661141
10,308,2,2,3,-1.854459596569739,-2.0529514251836596,478.05987597754444
10,309,1,2,1,492.864573249429,-1.5657700518764335,-0.5649019525675409
10,310,2,2,3,-1.854459596569739,-2.0529514251836596,477.4818161015669
10,311,2,2,3,-1.854459596569739,-2.0529514251836596,476.9043342854653
10,312,2,2,3,-1.854459596569739,-2.0529514251836596,477.1693463893246
10,313,2,1,2,-8.764726328312669,484.9074519507773,-0.623251280782349
10,314,2,2,3,-1.854459596569739,-2.0529514251836596,476.59217704293525
10,315,2,2,3,-1.854459596569739,-2.0529514251836596,476.0155848658923
10,316,2,2,3,-1.854459596569739,-2.0529514251836596,475.4395692810264
10,317,2,2,3,-1.854459596569739,-2.0529514251836596,474.8641297117454
10,318,2,2,3,-1.854459596569739,-2.0529514251836596,475.2835544836978
10,319,2,1,2,-8.764726328312669,493.2888588665196,-0.623251280782349
10,320,2,0,2,-1.53565384476972,474.07263653770485,-0.6300840498404277
10,321,2,2,3,-1.854459596569739,-2.0529514251836596,476.49079606311346
10,322,2,1,2,-8.764726328312669,491.2325617901159,-0.623251280782349
10,323,2,2,3,-1.854459596569739,-2.0529514251836596,477.3737400740236
10,324,2,1,2,-8.764726328312669,489.5693058784326,-0.623251280782349
10,325,2,2,3,-1.854459596569739,-2.0529514251836596,478.00372734858604
10,326,2,1,2,-8.764726328312669,489.7059680422828,-0.623251280782349
10,327,1,2,1,494.5940186022974,-1.5657700518764335,-0.5649019525675409
10,328,0,1,2,2.7914631950699156,415.2968361124599,3.2914969809938084
10,329,0,1,2,2.7914631950699156,415.38153927634744,3.2914969809938084
10,330,0,1,2,2.7914631950699156,415.5661577370711,3.2914969809938084
10,331,0,1,2,2.7914631950699156,422.0904053384441,3.2914969809938084
10,332,0,2,1,479.69992943326474,-1.9014646570958402,-0.6663679920857718
10,333,1,2,1,494.19942458369513,-1.5657700518764335,-0.5649019525675409
10,334,1,2,1,492.3018511328356,-1.5657700518764335,-0.5649019525675409
10,335,2,2,3,-1.854459596569739,-2.0529514251836596,478.84123787587816
10,336,1,2,1,490.776948569264,-1.5657700518764335,-0.5649019525675409
10,337,2,2,3,-1.854459596569739,-2.0529514251836596,478.2623966380023
10,338,2,2,3,-1.854459596569739,-2.0529514251836596,477.6841342413643
10,339,2,2,3,-1.854459596569739,-2.0529514251836596,477.1064501071229
10,340,2,2,3,-1.854459596569739,-2.0529514251836596,477.88272300476774
10,341,1,2,1,489.4096432898096,-1.5657700518764335,-0.5649019525675409
10,342,2,2,3,-1.854459596569739,-2.0529514251836596,478.47534154047696
10,343,2,1,2,-8.764726328312669,488.9044300505617,-0.623251280782349
10,344,2,2,3,-1.854459596569739,-2.0529514251836596,478.9793620721204
10,345,1,2,1,488.38763580596856,-1.5657700518764335,-0.5649019525675409
10,346,2,2,3,-1.854459596569739,-2.0529514251836596,479.38296443991396
10,347,2,1,2,-8.764726328312669,496.8471780627383,-0.623251280782349
10,348,2,0,2,-1.53565384476972,474.12428636348585,-0.6300840498404277
10,349,2,2,3,-1.854459596569739,-2.0529514251836596,480.5325386241337
10,350,2,1,2,-8.764726328312669,495.61283620125533,-0.623251280782349
10,351,1,2,1,489.214543009296,-1.5657700518764335,-0.5649019525675409
10,352,2,1,2,-8.764726328312669,494.6837923390501,-0.623251280782349
10,353,1,2,1,488.56581003215564,-1.5657700518764335,-0.5649019525675409
10,354,2,2,3,-1.854459596569739,-2.0529514251836596,480.7472999549037
10,355,1,2,1,488.10321172447556,-1.5657700518764335,-0.5649019525675409
10,356,2,2,3,-1.854459596569739,-2.0529514251836596,480.8947879201364
10,357,1,2,1,496.68318356592124,-1.5657700518764335,-0.5649019525675409
10,358,0,2,1,479.3385204940318,-1.9014646570958402,-0.6663679920857718
10,359,2,2,3,-1.854459596569739,-2.0529514251836596,480.31389313221626
10,360,2,2,3,-1.854459596569739,-2.0529514251836596,479.73357923908407
10,361,2,2,3,-1.854459596569739,-2.0529514251836596,480.6339167567416
10,362,2,1,2,-8.764726328312669,493.0981708640625,-0.623251280782349
10,363,2,2,3,-1.854459596569739,-2.0529514251836596,480.05328283998483
10,364,2,2,3,-1.854459596569739,-2.0529514251836596,479.47322955714486
10,365,2,2,3,-1.854459596569739,-2.0529514251836596,478.8937563275877
10,366,2,2,3,-1.854459596569739,-2.0529514251836596,478.3148625712601
10,367,2,2,3,-1.854459596569739,-2.0529514251836596,479.20009522967626
10,368,2,1,2,-8.764726328312669,491.6291632053942,-0.623251280782349
10,369,2,2,3,-1.854459596569739,-2.0529514251836596,480.35172087973484
10,370,1,2,1,494.66968557642286,-1.5657700518764335,-0.5649019525675409
10,371,2,2,3,-1.854459596569739,-2.0529514251836596,480.8878359490954
10,372,2,1,2,-8.764726328312669,490.5741426438152,-0.623251280782349
10,373,2,2,3,-1.854459596569739,-2.0529514251836596,481.2658924759236
10,374,2,1,2,-8.764726328312669,489.76205173455014,-0.623251280782349
10,375,2,2,3,-1.854459596569739,-2.0529514251836596,481.5257463500517
10,376,2,1,2,-8.764726328312669,489.15689544975027,-0.623251280782349
10,377,2,2,3,-1.854459596569739,-2.0529514251836596,481.6997043645718
10,378,2,1,2,-8.764726328312669,488.72947663686784,-0.623251280782349
10,379,2,2,3,-1.854459596569739,-2.0529514251836596,482.4020328001805
10,380,1,2,1,493.16051826599846,-1.5657700518764335,-0.5649019525675409
10,381,2,2,3,-1.854459596569739,-2.0529514251836596,482.8847208284963
10,382,1,2,1,491.95005380141976,-1.5657700518764335,-0.5649019525675409
10,383,2,2,3,-1.854459596569739,-2.0529514251836596,482.8804669326966
10,384,2,1,2,-8.764726328312669,496.69483332316616,-0.623251280782349
10,385,2,0,2,-1.53565384476972,475.41491305347785,-0.6300840498404277
10,386,1,2,1,492.32783692027124,-1.5657700518764335,-0.5649019525675409
10,387,2,1,2,-8.764726328312669,496.298138489843,-0.623251280782349
10,388,2,1,2,-8.764726328312669,496.00184035135317,-0.623251280782349
10,389,2,1,2,-8.764726328312669,495.4421121713247,-0.623251280782349
10,390,1,2,1,492.64382233320526,-1.5657700518764335,-0.5649019525675409
10,391,2,1,2,-8.764726328312669,495.3466700591534,-0.623251280782349
10,392,2,1,2,-8.764726328312669,495.08374146422534,-0.623251280782349
10,393,1,2,1,492.99273050484305,-1.5657700518764335,-0.5649019525675409
10,394,2,1,2,-8.764726328312669,495.1886577227611,-0.623251280782349
10,395,2,1,2,-8.764726328312669,494.174958176822,-0.623251280782349
10,396,2,2,3,-1.854459596569739,-2.0529514251836596,483.4157410989323
10,397,2,1,2,-8.764726328312669,493.4156207279341,-0.623251280782349
10,398,2,2,3,-1.854459596569739,-2.0529514251836596,483.82231344110454
10,399,2,1,2,-8.764726328312669,501.040135047435,-0.623251280782349
10,400,2,0,2,-1.53565384476972,477.47639511782614,-0.6300840498404277
10,401,2,1,2,-8.764726328312669,498.93453057336086,-0.623251280782349
10,402,2,2,3,-1.854459596569739,-2.0529514251836596,484.14636241697355
10,403,1,2,1,492.3239473336391,-1.5657700518764335,-0.5649019525675409
10,404,2,2,3,-1.854459596569739,-2.0529514251836596,483.5622160545566
10,405,2,2,3,-1.854459596569739,-2.0529514251836596,482.97865383850205
10,406,2,2,3,-1.854459596569739,-2.0529514251836596,483.3208592406821
10,407,1,2,1,491.74031766510274,-1.5657700518764335,-0.5649019525675409
10,408,2,2,3,-1.854459596569739,-2.0529514251836596,483.5710647654591
10,409,1,2,1,499.9207994275016,-1.5657700518764335,-0.5649019525675409
10,410,0,2,1,480.79918697139135,-1.9014646570958402,-0.6663679920857718
10,411,2,1,2,-8.764726328312669,498.7332366593474,-0.623251280782349
10,412,1,2,1,499.5208786280741,-1.5657700518764335,-0.5649019525675409
10,413,1,2,1,499.22135774944604,-1.5657700518764335,-0.5649019525675409
10,414,1,2,1,498.97381240377683,-1.5657700518764335,-0.5649019525675409
10,415,2,1,2,-8.764726328312669,498.5583204213866,-0.623251280782349
10,416,1,2,1,498.8748385913731,-1.5657700518764335,-0.5649019525675409
10,417,1,2,1,498.87596375278173,-1.5657700518764335,-0.5649019525675409
10,418,1,2,1,497.461902789284,-1.5657700518764335,-0.5649019525675409
10,419,2,2,3,-1.854459596569739,-2.0529514251836596,482.9874937006936
10,420,2,2,3,-1.854459596569739,-2.0529514251836596,482.40450620699295
10,421,2,2,3,-1.854459596569739,-2.0529514251836596,483.4213293080109
10,422,2,1,2,-8.764726328312669,496.961199980741,-0.623251280782349
10,423,2,2,3,-1.854459596569739,-2.0529514251836596,482.8379079787029
10,424,2,2,3,-1.854459596569739,-2.0529514251836596,482.2550700707242
10,425,2,2,3,-1.854459596569739,-2.0529514251836596,481.67281500065343
10,426,2,2,3,-1.854459596569739,-2.0529514251836596,481.09114218565276
10,427,2,2,3,-1.854459596569739,-2.0529514251836596,482.1307563432266
10,428,1,2,1,496.14665738833503,-1.5657700518764335,-0.5649019525675409
10,429,2,2,3,-1.854459596569739,-2.0529514251836596,481.54862558688336
10,430,2,2,3,-1.854459596569739,-2.0529514251836596,480.96707696129647
10,431,2,2,3,-1.854459596569739,-2.0529514251836596,481.888888346612
10,432,1,2,1,495.0389915958161,-1.5657700518764335,-0.5649019525675409
10,433,2,2,3,-1.854459596569739,-2.0529514251836596,482.6088596799366
10,434,1,2,1,503.03421194640225,-1.5657700518764335,-0.5649019525675409
10,435,0,2,1,480.49754538256593,-1.9014646570958402,-0.6663679920857718
10,436,2,2,3,-1.854459596569739,-2.0529514251836596,484.04836069463676
10,437,1,2,1,502.63117773445583,-1.5657700518764335,-0.5649019525675409
10,438,1,2,1,502.3285465567214,-1.5657700518764335,-0.5649019525675409
10,439,1,2,1,500.3164796098183,-1.5657700518764335,-0.5649019525675409
10,440,2,2,3,-1.854459596569739,-2.0529514251836596,485.0748561065451
10,441,1,2,1,499.88399044692983,-1.5657700518764335,-0.5649019525675409
10,442,2,1,2,-8.764726328312669,497.25359503691294,-0.623251280782349
10,443,1,2,1,498.41800215678484,-1.5657700518764335,-0.5649019525675409
10,444,2,2,3,-1.854459596569739,-2.0529514251836596,484.48978125043857
10,445,2,2,3,-1.854459596569739,-2.0529514251836596,483.9052914691881
10,446,2,2,3,-1.854459596569739,-2.0529514251836596,483.3213861777189
10,447,2,2,3,-1.854459596569739,-2.0529514251836596,484.2326297734687
10,448,1,2,1,497.11523228867975,-1.5657700518764335,-0.5649019525675409
10,449,2,2,3,-1.854459596569739,-2.0529514251836596,484.9237747927011
10,450,1,2,1,496.1111627642892,-1.5657700518764335,-0.5649019525675409
10,451,2,2,3,-1.854459596569739,-2.0529514251836596,484.33885101790844
10,452,2,2,3,-1.854459596569739,-2.0529514251836596,483.75451216689055
10,453,2,2,3,-1.854459596569739,-2.0529514251836596,483.1707576547237
10,454,2,2,3,-1.854459596569739,-2.0529514251836596,482.58758689706895
10,455,2,2,3,-1.854459596569739,-2.0529514251836596,482.00499931017185
10,456,2,2,3,-1.854459596569739,-2.0529514251836596,481.42299431086167
10,457,2,2,3,-1.854459596569739,-2.0529514251836596,482.40880078842986
10,458,2,1,2,-8.764726328312669,495.8867068112762,-0.623251280782349
10,459,2,2,3,-1.854459596569739,-2.0529514251836596,481.82639198764144
10,460,2,2,3,-1.854459596569739,-2.0529514251836596,481.2445655956538
10,461,2,2,3,-1.854459596569739,-2.0529514251836596,482.1128930104048
10,462,2,1,2,-8.764726328312669,494.72721253817866,-0.623251280782349
10,463,2,2,3,-1.854459596569739,-2.0529514251836596,482.779597750644
10,464,2,1,2,-8.764726328312669,493.8496714616746,-0.623251280782349
10,465,2,2,3,-1.854459596569739,-2.0529514251836596,483.29275545028537
10,466,2,1,2,-8.764726328312669,501.6348674321719,-0.623251280782349
10,467,2,0,2,-1.53565384476972,478.84376071970814,-0.6300840498404277
10,468,1,2,1,496.9618983636453,-1.5657700518764335,-0.5649019525675409
10,469,2,1,2,-8.764726328312669,501.23323256473975,-0.623251280782349
10,470,2,1,2,-8.764726328312669,500.931999332175,-0.623251280782349
10,471,2,1,2,-8.764726328312669,498.98478218853575,-0.623251280782349
10,472,2,2,3,-1.854459596569739,-2.0529514251836596,484.26297334192185
10,473,2,1,2,-8.764726328312669,498.68553190768307,-0.623251280782349
10,474,1,2,1,498.9526586557867,-1.5657700518764335,-0.5649019525675409
10,475,0,1,2,2.7914631950699156,427.95062179747373,3.2914969809938084
10,476,0,2,1,481.81765850317,-1.9014646570958402,-0.6663679920857718
10,477,2,1,2,-8.764726328312669,498.7868463757754,-0.623251280782349
10,478,2,1,2,-8.764726328312669,498.9880595293996,-0.623251280782349
10,479,2,1,2,-8.764726328312669,497.8312879373099,-0.623251280782349
10,480,2,2,3,-1.854459596569739,-2.0529514251836596,485.02197351352333
10,481,2,1,2,-8.764726328312669,505.35369145483,-0.623251280782349
10,482,2,0,2,-1.53565384476972,478.97656002557613,-0.6300840498404277
10,483,2,2,3,-1.854459596569739,-2.0529514251836596,484.43695154000983
10,484,2,2,3,-1.854459596569739,-2.0529514251836596,483.85251458846983
10,485,2,2,3,-1.854459596569739,-2.0529514251836596,485.39727858365103
10,486,2,1,2,-8.764726328312669,502.9726528891285,-0.623251280782349
10,487,2,2,3,-1.854459596569739,-2.0529514251836596,484.8118813050674
10,488,2,2,3,-1.854459596569739,-2.0529514251836596,484.2270694237623
10,489,2,2,3,-1.854459596569739,-2.0529514251836596,485.10067568830897
10,490,1,2,1,497.1823596833506,-1.5657700518764335,-0.5649019525675409
10,491,2,2,3,-1.854459596569739,-2.0529514251836596,484.5155750126207
10,492,2,2,3,-1.854459596569739,-2.0529514251836596,483.93105943760804
10,493,2,2,3,-1.854459596569739,-2.0529514251836596,483.34712837817045
10,494,2,2,3,-1.854459596569739,-2.0529514251836596,482.76378124979226
10,495,2,2,3,-1.854459596569739,-2.0529514251836596,482.18101746854245
10,496,2,2,3,-1.854459596569739,-2.0529514251836596,481.5988364510739
10,497,2,2,3,-1.854459596569739,-2.0529514251836596,481.01723761462284
10,498,2,2,3,-1.854459596569739,-2.0529514251836596,480.4362203770082
10,499,2,2,3,-1.854459596569739,-2.0529514251836596,482.08689097533113
10,500,2,1,2,-8.764726328312669,500.6019898067734,-0.623251280782349
10,501,2,2,3,-1.854459596569739,-2.0529514251836596,483.3377988686686
10,502,2,1,2,-8.764726328312669,498.6922329140943,-0.623251280782349
10,503,2,2,3,-1.854459596569739,-2.0529514251836596,482.7544610697999
10,504,2,2,3,-1.854459596569739,-2.0529514251836596,482.1717066087301
10,505,2,2,3,-1.854459596569739,-2.0529514251836596,481.5895349021214
10,506,2,2,3,-1.854459596569739,-2.0529514251836596,481.00794536721924
10,507,2,2,3,-1.854459596569739,-2.0529514251836596,482.028204439149
10,508,1,2,1,495.3849159544913,-1.5657700518764335,-0.5649019525675409
10,509,2,2,3,-1.854459596569739,-2.0529514251836596,481.44617623470987
10,510,2,2,3,-1.854459596569739,-2.0529514251836596,480.8647300584752
10,511,2,2,3,-1.854459596569739,-2.0529514251836596,481.7213637321223
10,512,1,2,1,493.8368393685223,-1.5657700518764335,-0.5649019525675409
10,513,2,2,3,-1.854459596569739,-2.0529514251836596,482.8197584174054
10,514,2,1,2,-8.764726328312669,497.02216570600797,-0.623251280782349
10,515,2,2,3,-1.854459596569739,-2.0529514251836596,482.236938658988
10,516,2,2,3,-1.854459596569739,-2.0529514251836596,481.654701720329
10,517,2,2,3,-1.854459596569739,-2.0529514251836596,482.2790786457798
10,518,1,2,1,492.59878421760226,-1.5657700518764335,-0.5649019525675409
10,519,2,2,3,-1.854459596569739,-2.0529514251836596,481.696799567134
10,520,2,2,3,-1.854459596569739,-2.0529514251836596,481.1151027675669
10,521,2,2,3,-1.854459596569739,-2.0529514251836596,481.6708721283528
10,522,1,2,1,491.52432213654896,-1.5657700518764335,-0.5649019525675409
10,523,2,2,3,-1.854459596569739,-2.0529514251836596,482.0646928070359
10,524,1,2,1,490.6962945107906,-1.5657700518764335,-0.5649019525675409
10,525,2,2,3,-1.854459596569739,-2.0529514251836596,482.96341793122707
10,526,2,1,2,-8.764726328312669,495.63332751059863,-0.623251280782349
10,527,2,2,3,-1.854459596569739,-2.0529514251836596,482.38045451329583
10,528,2,2,3,-1.854459596569739,-2.0529514251836596,481.7980740587825
10,529,2,2,3,-1.854459596569739,-2.0529514251836596,482.0971998094725
10,530,1,2,1,490.0542878408493,-1.5657700518764335,-0.5649019525675409
10,531,2,2,3,-1.854459596569739,-2.0529514251836596,482.8551792520745
10,532,2,1,2,-8.764726328312669,494.47265750549417,-0.623251280782349
10,533,2,2,3,-1.854459596569739,-2.0529514251836596,482.9850358231111
10,534,1,2,1,489.6643776032524,-1.5657700518764335,-0.5649019525675409
10,535,2,2,3,-1.854459596569739,-2.0529514251836596,482.402050787288
10,536,2,2,3,-1.854459596569739,-2.0529514251836596,481.8196487365007
10,537,2,2,3,-1.854459596569739,-2.0529514251836596,482.49047695589456
10,538,2,1,2,-8.764726328312669,493.4919489735783,-0.623251280782349
10,539,2,2,3,-1.854459596569739,-2.0529514251836596,482.9971322086894
10,540,2,1,2,-8.764726328312669,492.7594701648807,-0.623251280782349
10,541,2,2,3,-1.854459596569739,-2.0529514251836596,483.3806065341436
10,542,2,1,2,-8.764726328312669,500.8022025909247,-0.623251280782349
10,543,2,0,2,-1.53565384476972,479.5556774057405,-0.6300840498404277
10,544,1,2,1,492.96505140087703,-1.5657700518764335,-0.5649019525675409
10,545,0,1,2,2.7914631950699156,427.62267117567626,3.2914969809938084
10,546,0,1,2,2.7914631950699156,427.3950485045006,3.2914969809938084
10,547,0,1,2,2.7914631950699156,432.6554918458644,3.2914969809938084
10,548,0,2,1,483.2153107093545,-1.9014646570958402,-0.6663679920857718
10,549,2,1,2,-8.764726328312669,499.9255224205191,-0.623251280782349
10,550,1,2,1,493.2611729804207,-1.5657700518764335,-0.5649019525675409
10,551,2,1,2,-8.764726328312669,499.26582630352885,-0.623251280782349
10,552,1,2,1,493.562372486428,-1.5657700518764335,-0.5649019525675409
10,553,2,1,2,-8.764726328312669,499.36656047722533,-0.623251280782349
10,554,2,1,2,-8.764726328312669,499.5671939167481,-0.623251280782349
10,555,2,1,2,-8.764726328312669,499.86762672283135,-0.623251280782349
10,556,2,1,2,-8.764726328312669,507.25687611371654,-0.623251280782349
10,557,2,0,2,-1.53565384476972,479.45478971204665,-0.6300840498404277
10,558,2,2,3,-1.854459596569739,-2.0529514251836596,485.1609766159872
10,559,2,1,2,-8.764726328312669,504.6621251873276,-0.623251280782349
10,560,2,2,3,-1.854459596569739,-2.0529514251836596,486.5064293479339
10,561,2,1,2,-8.764726328312669,502.5600491740403,-0.623251280782349
10,562,2,2,3,-1.854459596569739,-2.0529514251836596,487.5092312813705
10,563,2,1,2,-8.764726328312669,502.3574891248662,-0.623251280782349
10,564,2,1,2,-8.764726328312669,502.25513163574135,-0.623251280782349
10,565,2,1,2,-8.764726328312669,502.2528765041056,-0.623251280782349
10,566,2,1,2,-8.764726328312669,502.35062362760146,-0.623251280782349
10,567,2,1,2,-8.764726328312669,501.078975161697,-0.623251280782349
10,568,2,2,3,-1.854459596569739,-2.0529514251836596,488.2651266942414
10,569,2,1,2,-8.764726328312669,500.1093251882572,-0.623251280782349
10,570,2,2,3,-1.854459596569739,-2.0529514251836596,488.84943721845474
10,571,2,1,2,-8.764726328312669,507.46441685092407,-0.623251280782349
10,572,2,0,2,-1.53565384476972,479.905405025469,-0.6300840498404277
10,573,2,2,3,-1.854459596569739,-2.0529514251836596,488.26058778123627
10,574,2,2,3,-1.854459596569739,-2.0529514251836596,487.67232719345503
10,575,2,2,3,-1.854459596569739,-2.0529514251836596,487.66776935026587
10,576,1,2,1,492.7852444034615,-1.5657700518764335,-0.5649019525675409
10,577,2,2,3,-1.854459596569739,-2.0529514251836596,487.58673161118196
10,578,1,2,1,492.17780639262236,-1.5657700518764335,-0.5649019525675409
10,579,2,2,3,-1.854459596569739,-2.0529514251836596,487.45366128293335
10,580,1,2,1,491.7179382203705,-1.5657700518764335,-0.5649019525675409
10,581,2,2,3,-1.854459596569739,-2.0529514251836596,486.8662076216504
10,582,2,2,3,-1.854459596569739,-2.0529514251836596,486.27934141402875
10,583,2,2,3,-1.854459596569739,-2.0529514251836596,485.69306207261474
10,584,2,2,3,-1.854459596569739,-2.0529514251836596,485.10736901054213
10,585,2,2,3,-1.854459596569739,-2.0529514251836596,486.7356093777294
10,586,2,1,2,-8.764726328312669,505.00480049422686,-0.623251280782349
10,587,2,2,3,-1.854459596569739,-2.0529514251836596,486.1488737683517
10,588,2,2,3,-1.854459596569739,-2.0529514251836596,485.5627248945833
10,589,2,2,3,-1.854459596569739,-2.0529514251836596,485.5865282889417
10,590,1,2,1,491.2192106989387,-1.5657700518764335,-0.5649019525675409
10,591,2,2,3,-1.854459596569739,-2.0529514251836596,485.55857731924243
10,592,1,2,1,490.8675887836498,-1.5657700518764335,-0.5649019525675409
10,593,2,2,3,-1.854459596569739,-2.0529514251836596,484.97301874192317
10,594,2,2,3,-1.854459596569739,-2.0529514251836596,484.3880457231812
10,595,2,2,3,-1.854459596569739,-2.0529514251836596,485.84471639979154
10,596,2,1,2,-8.764726328312669,502.8029473683835,-0.623251280782349
10,597,2,2,3,-1.854459596569739,-2.0529514251836596,485.25887168339176
10,598,2,2,3,-1.854459596569739,-2.0529514251836596,484.6736128117084
10,599,2,2,3,-1.854459596569739,-2.0529514251836596,484.70214282011887
10,600,1,2,1,490.5663420444766,-1.5657700518764335,-0.5649019525675409
10,601,2,2,3,-1.854459596569739,-2.0529514251836596,484.69799640051014
10,602,1,2,1,499.248023600255,-1.5657700518764335,-0.5649019525675409
10,603,0,2,1,484.3193339748443,-1.9014646570958402,-0.6663679920857718
10,604,1,2,1,498.84877557665476,-1.5657700518764335,-0.5649019525675409
10,605,1,2,1,498.94138980845923,-1.5657700518764335,-0.5649019525675409
10,606,2,1,2,-8.764726328312669,502.2178502225826,-0.623251280782349
10,607,1,2,1,498.7424484186508,-1.5657700518764335,-0.5649019525675409
10,608,1,2,1,498.64370597023213,-1.5657700518764335,-0.5649019525675409
10,609,1,2,1,498.6450622642619,-1.5657700518764335,-0.5649019525675409
10,610,1,2,1,498.74641720199764,-1.5657700518764335,-0.5649019525675409
10,611,1,2,1,499.29134265383357,-1.5657700518764335,-0.5649019525675409
10,612,2,1,2,-8.764726328312669,501.82590812305386,-0.623251280782349
10,613,1,2,1,498.14731003210073,-1.5657700518764335,-0.5649019525675409
10,614,2,2,3,-1.854459596569739,-2.0529514251836596,485.4447804536371
10,615,1,2,1,506.18019309240026,-1.5657700518764335,-0.5649019525675409
10,616,0,2,1,485.9992396935075,-1.9014646570958402,-0.6663679920857718
10,617,1,2,1,505.7740128993079,-1.5657700518764335,-0.5649019525675409
10,618,1,2,1,505.4682388864086,-1.5657700518764335,-0.5649019525675409
10,619,1,2,1,505.2627706475222,-1.5657700518764335,-0.5649019525675409
10,620,1,2,1,505.15750787687466,-1.5657700518764335,-0.5649019525675409
10,621,1,2,1,503.20079035409725,-1.5657700518764335,-0.5649019525675409
10,622,2,2,3,-1.854459596569739,-2.0529514251836596,486.61718065332906
10,623,1,2,1,503.29758956374314,-1.5657700518764335,-0.5649019525675409
10,624,1,2,1,501.8429314920484,-1.5657700518764335,-0.5649019525675409
10,625,2,2,3,-1.854459596569739,-2.0529514251836596,487.53622749217845
10,626,2,1,2,-8.764726328312669,500.40940383247414,-0.623251280782349
10,627,2,2,3,-1.854459596569739,-2.0529514251836596,486.94869126468626
10,628,2,2,3,-1.854459596569739,-2.0529514251836596,486.36174257342157
10,629,2,2,3,-1.854459596569739,-2.0529514251836596,487.3080185337922
10,630,1,2,1,500.702132177689,-1.5657700518764335,-0.5649019525675409
10,631,2,2,3,-1.854459596569739,-2.0529514251836596,488.0467277660042
10,632,1,2,1,508.64584368957736,-1.5657700518764335,-0.5649019525675409
10,633,0,2,1,485.7159417729912,-1.9014646570958402,-0.6663679920857718
10,634,2,2,3,-1.854459596569739,-2.0529514251836596,489.497993514672
10,635,1,2,1,508.2371978458878,-1.5657700518764335,-0.5649019525675409
10,636,1,2,1,507.92896064804194,-1.5657700518764335,-0.5649019525675409
10,637,1,2,1,506.9765955626527,-1.5657700518764335,-0.5649019525675409
10,638,2,1,2,-8.764726328312669,499.4287648071793,-0.623251280782349
10,639,2,2,3,-1.854459596569739,-2.0529514251836596,490.6388771239074
10,640,1,2,1,505.25218484165424,-1.5657700518764335,-0.5649019525675409
10,641,2,2,3,-1.854459596569739,-2.0529514251836596,491.49495571084043
10,642,1,2,1,503.884966972862,-1.5657700518764335,-0.5649019525675409
10,643,2,2,3,-1.854459596569739,-2.0529514251836596,490.9034607551296
10,644,2,2,3,-1.854459596569739,-2.0529514251836596,490.3125572943744
10,645,2,2,3,-1.854459596569739,-2.0529514251836596,490.6247492808477
10,646,2,1,2,-8.764726328312669,498.75773850526525,-0.623251280782349
10,647,2,2,3,-1.854459596569739,-2.0529514251836596,491.3468860830763
10,648,1,2,1,502.73981199780036,-1.5657700518764335,-0.5649019525675409
10,649,2,2,3,-1.854459596569739,-2.0529514251836596,491.8834388625509
10,650,1,2,1,501.86229124541285,-1.5657700518764335,-0.5649019525675409
10,651,2,2,3,-1.854459596569739,-2.0529514251836596,491.9721110883171
10,652,2,1,2,-8.764726328312669,498.3872036524821,-0.623251280782349
10,653,2,2,3,-1.854459596569739,-2.0529514251836596,492.35926681278124
10,654,1,2,1,501.21962953533694,-1.5657700518764335,-0.5649019525675409
10,655,2,2,3,-1.854459596569739,-2.0529514251836596,492.3636732930988
10,656,2,1,2,-8.764726328312669,505.95911838475536,-0.623251280782349
10,657,2,0,2,-1.53565384476972,481.53560784692047,-0.6300840498404277
10,658,1,2,1,503.8305602745438,-1.5657700518764335,-0.5649019525675409
10,659,0,1,2,2.7914631950699156,437.5758208968041,3.2914969809938084
10,660,0,2,1,487.23430031578283,-1.9014646570958402,-0.6663679920857718
10,661,2,1,2,-8.764726328312669,505.44243201345967,-0.623251280782349
10,662,1,2,1,503.58630501642193,-1.5657700518764335,-0.5649019525675409
10,663,2,1,2,-8.764726328312669,505.0532330087395,-0.623251280782349
10,664,1,2,1,503.2827187114055,-1.5657700518764335,-0.5649019525675409
10,665,1,2,1,503.0794359926941,-1.5657700518764335,-0.5649019525675409
10,666,1,2,1,501.91549604944146,-1.5657700518764335,-0.5649019525675409
10,667,2,2,3,-1.854459596569739,-2.0529514251836596,492.71694007268366
10,668,1,2,1,501.002923511693,-1.5657700518764335,-0.5649019525675409
10,669,2,2,3,-1.854459596569739,-2.0529514251836596,493.3455161332805
10,670,2,1,2,-8.764726328312669,503.7891158050603,-0.623251280782349
10,671,2,2,3,-1.854459596569739,-2.0529514251836596,492.7521706171472
10,672,2,2,3,-1.854459596569739,-2.0529514251836596,492.1594184465301
10,673,2,2,3,-1.854459596569739,-2.0529514251836596,492.71859906657807
10,674,2,1,2,-8.764726328312669,502.6893455321455,-0.623251280782349
10,675,2,2,3,-1.854459596569739,-2.0529514251836596,492.94602858757787
10,676,1,2,1,500.30428799069387,-1.5657700518764335,-0.5649019525675409
10,677,2,2,3,-1.854459596569739,-2.0529514251836596,493.0815502398988
10,678,1,2,1,499.78893266537443,-1.5657700518764335,-0.5649019525675409
10,679,2,2,3,-1.854459596569739,-2.0529514251836596,493.4396404235913
10,680,2,1,2,-8.764726328312669,501.8709353808665,-0.623251280782349
10,681,2,2,3,-1.854459596569739,-2.0529514251836596,493.68089898393794
10,682,2,1,2,-8.764726328312669,501.25825084218974,-0.623251280782349
10,683,2,2,3,-1.854459596569739,-2.0529514251836596,493.087218084954
10,684,2,2,3,-1.854459596569739,-2.0529514251836596,492.494130866869
10,685,2,2,3,-1.854459596569739,-2.0529514251836596,491.90163673600216
10,686,2,2,3,-1.854459596569739,-2.0529514251836596,491.30973509926616
10,687,2,2,3,-1.854459596569739,-2.0529514251836596,491.55786592321164
10,688,1,2,1,499.2742681252349,-1.5657700518764335,-0.5649019525675409
10,689,2,2,3,-1.854459596569739,-2.0529514251836596,491.92664616426725
10,690,2,1,2,-8.764726328312669,500.6331637282332,-0.623251280782349
10,691,2,2,3,-1.854459596569739,-2.0529514251836596,492.1966647569356
10,692,2,1,2,-8.764726328312669,508.14187253225504,-0.623251280782349
10,693,2,0,2,-1.53565384476972,482.10951687316503,-0.6300840498404277
10,694,2,2,3,-1.854459596569739,-2.0529514251836596,493.1830436619353
10,695,2,1,2,-8.764726328312669,507.73373065972277,-0.623251280782349
10,696,2,1,2,-8.764726328312669,507.42599692906305,-0.623251280782349
10,697,2,1,2,-8.764726328312669,507.21857093213396,-0.623251280782349
10,698,2,1,2,-8.764726328312669,507.11135236120185,-0.623251280782349
10,699,2,1,2,-8.764726328312669,505.72533844761324,-0.623251280782349
10,700,2,2,3,-1.854459596569739,-2.0529514251836596,492.58986061827335
10,701,2,2,3,-1.854459596569739,-2.0529514251836596,491.9972707576551
10,702,2,2,3,-1.854459596569739,-2.0529514251836596,491.40527348689744
10,703,2,2,3,-1.854459596569739,-2.0529514251836596,492.2315546445214
10,704,2,1,2,-8.764726328312669,504.4837285126595,-0.623251280782349
10,705,2,2,3,-1.854459596569739,-2.0529514251836596,491.6393230898769
10,706,2,2,3,-1.854459596569739,-2.0529514251836596,491.04768376678703
10,707,2,2,3,-1.854459596569739,-2.0529514251836596,491.78680451286164
10,708,2,1,2,-8.764726328312669,503.4222493081669,-0.623251280782349
10,709,2,2,3,-1.854459596569739,-2.0529514251836596,492.346926743084
10,710,2,1,2,-8.764726328312669,502.6223701249155,-0.623251280782349
10,711,2,2,3,-1.854459596569739,-2.0529514251836596,492.44038661317387
10,712,1,2,1,507.4830370439739,-1.5657700518764335,-0.5649019525675409
10,713,0,2,1,488.27048492657116,-1.9014646570958402,-0.6663679920857718
10,714,2,1,2,-8.764726328312669,502.75792229241466,-0.623251280782349
10,715,1,0,1,408.75950899808817,8.926262106749988,17.78679373987269
10,716,1,0,1,408.5507494890901,8.926262106749988,17.78679373987269
10,717,1,0,1,408.442198739601,8.926262106749988,17.78679373987269
10,718,1,0,1,408.4337565408614,8.926262106749988,17.78679373987269
10,719,1,0,1,408.5253227843205,8.926262106749988,17.78679373987269
10,720,1,0,1,416.0016326763318,8.926262106749988,17.78679373987269
10,721,2,0,2,-1.53565384476972,482.65016346055273,-0.6300840498404277
10,722,2,2,3,-1.854459596569739,-2.0529514251836596,491.8479462265607
10,723,2,2,3,-1.854459596569739,-2.0529514251836596,491.25609828033413
10,724,2,2,3,-1.854459596569739,-2.0529514251836596,492.2713091196541
10,725,1,2,1,506.1695929424223,-1.5657700518764335,-0.5649019525675409
10,726,2,2,3,-1.854459596569739,-2.0529514251836596,492.71721251463777
10,727,2,1,2,-8.764726328312669,501.3611341021223,-0.623251280782349
10,728,2,2,3,-1.854459596569739,-2.0529514251836596,493.4562809644738
10,729,1,2,1,505.204805463663,-1.5657700518764335,-0.5649019525675409
10,730,2,2,3,-1.854459596569739,-2.0529514251836596,492.86282468350936
10,731,2,2,3,-1.854459596569739,-2.0529514251836596,492.26996185882587
10,732,2,2,3,-1.854459596569739,-2.0529514251836596,492.5777179490534
10,733,2,1,2,-8.764726328312669,500.1902147688664,-0.623251280782349
10,734,2,2,3,-1.854459596569739,-2.0529514251836596,492.73877741626586
10,735,2,1,2,-8.764726328312669,499.2523322561901,-0.623251280782349
10,736,2,2,3,-1.854459596569739,-2.0529514251836596,493.3801754155419
10,737,1,2,1,512.9231029250273,-1.5657700518764335,-0.5649019525675409
10,738,0,2,1,490.22282362349176,-1.9014646570958402,-0.6663679920857718
10,739,1,2,1,512.5101798221023,-1.5657700518764335,-0.5649019525675409
10,740,1,2,1,512.1976696422802,-1.5657700518764335,-0.5649019525675409
10,741,1,2,1,511.9854719726379,-1.5657700518764335,-0.5649019525675409
10,742,1,2,1,510.61290566873697,-1.5657700518764335,-0.5649019525675409
10,743,2,1,2,-8.764726328312669,498.5717363967097,-0.623251280782349
10,744,2,2,3,-1.854459596569739,-2.0529514251836596,492.78679524012637
10,745,2,2,3,-1.854459596569739,-2.0529514251836596,492.19400844488626
10,746,2,2,3,-1.854459596569739,-2.0529514251836596,491.6018144364414
10,747,2,2,3,-1.854459596569739,-2.0529514251836596,491.01021262200493
10,748,2,2,3,-1.854459596569739,-2.0529514251836596,492.3598690210094
10,749,1,2,1,508.7952421349432,-1.5657700518764335,-0.5649019525675409
10,750,2,2,3,-1.854459596569739,-2.0529514251836596,493.3946110902678
10,751,1,2,1,507.36178441938534,-1.5657700518764335,-0.5649019525675409
10,752,2,2,3,-1.854459596569739,-2.0529514251836596,494.1839666387602
10,753,1,2,1,506.2498186746841,-1.5657700518764335,-0.5649019525675409
10,754,2,2,3,-1.854459596569739,-2.0529514251836596,493.58978267212143
10,755,2,2,3,-1.854459596569739,-2.0529514251836596,492.99619288944933
10,756,2,2,3,-1.854459596569739,-2.0529514251836596,493.7153056492981
10,757,1,2,1,505.3026520664962,-1.5657700518764335,-0.5649019525675409
10,758,2,2,3,-1.854459596569739,-2.0529514251836596,493.1215903436488
10,759,2,2,3,-1.854459596569739,-2.0529514251836596,492.52846875330516
10,760,2,2,3,-1.854459596569739,-2.0529514251836596,493.2005844325578
10,761,1,2,1,513.2044463985723,-1.5657700518764335,-0.5649019525675409
10,762,0,2,1,492.00778145460123,-1.9014646570958402,-0.6663679920857718
10,763,1,2,1,512.7912419521737,-1.5657700518764335,-0.5649019525675409
10,764,1,2,1,510.5389756157795,-1.5657700518764335,-0.5649019525675409
10,765,2,2,3,-1.854459596569739,-2.0529514251836596,494.3238845752642
10,766,1,2,1,508.7231426271527,-1.5657700518764335,-0.5649019525675409
10,767,2,2,3,-1.854459596569739,-2.0529514251836596,495.15508723782585
10,768,1,2,1,508.61441948452557,-1.5657700518764335,-0.5649019525675409
10,769,1,2,1,508.60580506504107,-1.5657700518764335,-0.5649019525675409
10,770,1,2,1,507.3655781950817,-1.5657700518764335,-0.5649019525675409
10,771,2,2,3,-1.854459596569739,-2.0529514251836596,494.559932150588
10,772,2,2,3,-1.854459596569739,-2.0529514251836596,494.36254083880345
10,773,2,1,2,-8.764726328312669,498.15645430008027,-0.623251280782349
10,774,2,2,3,-1.854459596569739,-2.0529514251836596,495.0554789962362
10,775,1,2,1,506.3395127962009,-1.5657700518764335,-0.5649019525675409
10,776,2,2,3,-1.854459596569739,-2.0529514251836596,494.76742007232053
10,777,2,1,2,-8.764726328312669,497.92278345723196,-0.623251280782349
10,778,2,2,3,-1.854459596569739,-2.0529514251836596,495.31828983191235
10,779,1,2,1,505.5420722099401,-1.5657700518764335,-0.5649019525675409
10,780,2,2,3,-1.854459596569739,-2.0529514251836596,494.9808164109871
10,781,2,1,2,-8.764726328312669,497.8336059361965,-0.623251280782349
10,782,2,2,3,-1.854459596569739,-2.0529514251836596,494.38583559457606
10,783,2,2,3,-1.854459596569739,-2.0529514251836596,493.79144975898146
10,784,2,2,3,-1.854459596569739,-2.0529514251836596,493.19765830922245
10,785,2,2,3,-1.854459596569739,-2.0529514251836596,492.6044606509132
10,786,2,2,3,-1.854459596569739,-2.0529514251836596,493.29267973460594
10,787,1,2,1,513.5966353529516,-1.5657700518764335,-0.5649019525675409
10,788,0,2,1,493.6530702090833,-1.9014646570958402,-0.6663679920857718
10,789,1,2,1,513.1830387175986,-1.5657700518764335,-0.5649019525675409
10,790,1,2,1,510.90071013956475,-1.5657700518764335,-0.5649019525675409
10,791,2,2,3,-1.854459596569739,-2.0529514251836596,494.44258206496227
10,792,1,2,1,509.3961661132917,-1.5657700518764335,-0.5649019525675409
10,793,2,1,2,-8.764726328312669,499.2804657877927,-0.623251280782349
10,794,1,2,1,509.2867699471784,-1.5657700518764335,-0.5649019525675409
10,795,1,2,1,509.27748317723126,-1.5657700518764335,-0.5649019525675409
10,796,1,2,1,507.8995504839394,-1.5657700518764335,-0.5649019525675409
10,797,2,2,3,-1.854459596569739,-2.0529514251836596,493.8481394828973
10,798,2,2,3,-1.854459596569739,-2.0529514251836596,493.2542913434144
10,799,2,2,3,-1.854459596569739,-2.0529514251836596,492.66103705207104
10,800,2,2,3,-1.854459596569739,-2.0529514251836596,493.57698884477395
10,801,1,2,1,506.67371733117807,-1.5657700518764335,-0.5649019525675409
10,802,2,2,3,-1.854459596569739,-2.0529514251836596,493.548056073288
10,803,2,1,2,-8.764726328312669,507.0347853916082,-0.623251280782349
10,804,2,0,2,-1.53565384476972,484.5815908682667,-0.6300840498404277
10,805,2,1,2,-8.764726328312669,506.6277506062166,-0.623251280782349
10,806,2,1,2,-8.764726328312669,506.32567356138156,-0.623251280782349
10,807,1,2,1,506.93258728063705,-1.5657700518764335,-0.5649019525675409
10,808,2,1,2,-8.764726328312669,506.1794323460265,-0.623251280782349
10,809,1,2,1,515.0109825032725,-1.5657700518764335,-0.5649019525675409
10,810,0,2,1,493.14902073943045,-1.9014646570958402,-0.6663679920857718
10,811,2,2,3,-1.854459596569739,-2.0529514251836596,494.20501426821585
10,812,2,1,2,-8.764726328312669,504.8877855239772,-0.623251280782349
10,813,2,2,3,-1.854459596569739,-2.0529514251836596,493.61080925394765
10,814,2,2,3,-1.854459596569739,-2.0529514251836596,493.0171984446937
10,815,2,2,3,-1.854459596569739,-2.0529514251836596,493.59936936709806
10,816,2,1,2,-8.764726328312669,503.7653445389222,-0.623251280782349
10,817,2,2,3,-1.854459596569739,-2.0529514251836596,495.12551969821226
10,818,1,2,1,512.6273107030684,-1.5657700518764335,-0.5649019525675409
10,819,2,2,3,-1.854459596569739,-2.0529514251836596,496.2630714879948
10,820,1,2,1,510.694623710073,-1.5657700518764335,-0.5649019525675409
10,821,2,2,3,-1.854459596569739,-2.0529514251836596,496.40953344854864
10,822,2,1,2,-8.764726328312669,503.1333538964363,-0.623251280782349
10,823,2,2,3,-1.854459596569739,-2.0529514251836596,495.8131239151001
10,824,2,2,3,-1.854459596569739,-2.0529514251836596,495.217310791185
10,825,2,2,3,-1.854459596569739,-2.0529514251836596,496.15434745936375
10,826,1,2,1,509.04444173754274,-1.5657700518764335,-0.5649019525675409
10,827,2,2,3,-1.854459596569739,-2.0529514251836596,496.24911474917457
10,828,2,1,2,-8.764726328312669,502.64868086696094,-0.623251280782349
10,829,2,2,3,-1.854459596569739,-2.0529514251836596,496.2864226800862
10,830,2,1,2,-8.764726328312669,502.3161686255934,-0.623251280782349
10,831,2,2,3,-1.854459596569739,-2.0529514251836596,495.69013625740615
10,832,2,2,3,-1.854459596569739,-2.0529514251836596,495.09444612114874
10,833,2,2,3,-1.854459596569739,-2.0529514251836596,495.8804012410506
10,834,1,2,1,507.6321572866525,-1.5657700518764335,-0.5649019525675409
10,835,2,2,3,-1.854459596569739,-2.0529514251836596,495.9216618108793
10,836,2,1,2,-8.764726328312669,509.9581292589924,-0.623251280782349
10,837,2,0,2,-1.53565384476972,485.2196763007171,-0.6300840498404277
10,838,2,2,3,-1.854459596569739,-2.0529514251836596,496.7153504264316
10,839,2,1,2,-8.764726328312669,509.3178999044718,-0.623251280782349
10,840,1,2,1,507.79141364852995,-1.5657700518764335,-0.5649019525675409
10,841,2,1,2,-8.764726328312669,507.76092960624135,-0.623251280782349
10,842,2,2,3,-1.854459596569739,-2.0529514251836596,497.21214741480634
10,843,2,1,2,-8.764726328312669,506.508839239683,-0.623251280782349
10,844,2,2,3,-1.854459596569739,-2.0529514251836596,496.6149352673915
10,845,2,2,3,-1.854459596569739,-2.0529514251836596,497.12479169185684
10,846,1,2,1,506.82762666117077,-1.5657700518764335,-0.5649019525675409
10,847,2,2,3,-1.854459596569739,-2.0529514251836596,497.48824756212707
10,848,1,2,1,506.09620050370427,-1.5657700518764335,-0.5649019525675409
10,849,2,2,3,-1.854459596569739,-2.0529514251836596,497.783797890643
10,850,2,1,2,-8.764726328312669,505.5385513068884,-0.623251280782349
10,851,2,2,3,-1.854459596569739,-2.0529514251836596,498.0089419514454
10,852,1,2,1,505.58946570652694,-1.5657700518764335,-0.5649019525675409
10,853,2,2,3,-1.854459596569739,-2.0529514251836596,497.410933009494
10,854,2,2,3,-1.854459596569739,-2.0529514251836596,496.8135220764845
10,855,2,2,3,-1.854459596569739,-2.0529514251836596,496.216708554408
10,856,2,2,3,-1.854459596569739,-2.0529514251836596,495.6204918458536
10,857,2,2,3,-1.854459596569739,-2.0529514251836596,496.01179976621444
10,858,1,2,1,513.7522721890779,-1.5657700518764335,-0.5649019525675409
10,859,0,2,1,494.6955936122061,-1.9014646570958402,-0.6663679920857718
10,860,1,2,1,513.3385199168888,-1.5657700518764335,-0.5649019525675409
10,861,1,2,1,513.0251813969719,-1.5657700518764335,-0.5649019525675409
10,862,1,2,1,512.812156215575,-1.5657700518764335,-0.5649019525675409
10,863,1,2,1,512.6993440593594,-1.5657700518764335,-0.5649019525675409
10,864,1,2,1,512.6866447153001,-1.5657700518764335,-0.5649019525675409
10,865,1,2,1,511.1231484206253,-1.5657700518764335,-0.5649019525675409
10,866,2,2,3,-1.854459596569739,-2.0529514251836596,496.9118114832349
10,867,1,2,1,510.7591501579447,-1.5657700518764335,-0.5649019525675409
10,868,2,1,2,-8.764726328312669,504.6789655130398,-0.623251280782349
10,869,2,2,3,-1.854459596569739,-2.0529514251836596,497.6857862005479
10,870,1,2,1,509.7541279760045,-1.5657700518764335,-0.5649019525675409
10,871,2,2,3,-1.854459596569739,-2.0529514251836596,497.7804251662841
10,872,2,1,2,-8.764726328312669,504.09133105319796,-0.623251280782349
10,873,2,2,3,-1.854459596569739,-2.0529514251836596,497.80742442392227
10,874,2,1,2,-8.764726328312669,503.66513296584645,-0.623251280782349
10,875,2,2,3,-1.854459596569739,-2.0529514251836596,497.78953014514883
10,876,2,1,2,-8.764726328312669,503.37978315363154,-0.623251280782349
10,877,2,2,3,-1.854459596569739,-2.0529514251836596,498.37623580025837
10,878,1,2,1,517.6535789460124,-1.5657700518764335,-0.5649019525675409
10,879,0,2,1,494.56528159521105,-1.9014646570958402,-0.6663679920857718
10,880,2,2,3,-1.854459596569739,-2.0529514251836596,498.2732107524421
10,881,2,1,2,-8.764726328312669,510.97855279203935,-0.623251280782349
10,882,2,0,2,-1.53565384476972,487.9454129863006,-0.6300840498404277
10,883,1,2,1,516.5750977778231,-1.5657700518764335,-0.5649019525675409
10,884,2,1,2,-8.764726328312669,511.1216321928399,-0.623251280782349
10,885,1,2,1,516.2585226800453,-1.5657700518764335,-0.5649019525675409
10,886,1,2,1,516.0422641573653,-1.5657700518764335,-0.5649019525675409
10,887,1,2,1,514.1670856061205,-1.5657700518764335,-0.5649019525675409
10,888,2,2,3,-1.854459596569739,-2.0529514251836596,498.94693126428905
10,889,2,1,2,-8.764726328312669,509.6052151687205,-0.623251280782349
10,890,2,2,3,-1.854459596569739,-2.0529514251836596,499.8547796128661
10,891,1,2,1,512.7360002271822,-1.5657700518764335,-0.5649019525675409
10,892,2,2,3,-1.854459596569739,-2.0529514251836596,500.2202179532828
10,893,2,1,2,-8.764726328312669,508.4664952292235,-0.623251280782349
10,894,2,2,3,-1.854459596569739,-2.0529514251836596,499.61999773532955
10,895,2,2,3,-1.854459596569739,-2.0529514251836596,499.02037773759423
10,896,2,2,3,-1.854459596569739,-2.0529514251836596,498.42135735985664
10,897,2,2,3,-1.854459596569739,-2.0529514251836596,497.82293600249676
10,898,2,2,3,-1.854459596569739,-2.0529514251836596,498.7015064247381
10,899,1,2,1,511.43384934051306,-1.5657700518764335,-0.5649019525675409
10,900,2,2,3,-1.854459596569739,-2.0529514251836596,498.1028049183134
10,901,2,2,3,-1.854459596569739,-2.0529514251836596,497.50470211339507
10,902,2,2,3,-1.854459596569739,-2.0529514251836596,497.9924149297487
10,903,2,1,2,-8.764726328312669,507.32109478434626,-0.623251280782349
10,904,2,2,3,-1.854459596569739,-2.0529514251836596,497.3944225148189
10,905,2,2,3,-1.854459596569739,-2.0529514251836596,496.7970280923041
10,906,2,2,3,-1.854459596569739,-2.0529514251836596,497.242113666724
10,907,2,1,2,-8.764726328312669,506.3159545589173,-0.623251280782349
10,908,2,2,3,-1.854459596569739,-2.0529514251836596,498.0498533847624
10,909,1,2,1,510.29739989155325,-1.5657700518764335,-0.5649019525675409
10,910,2,2,3,-1.854459596569739,-2.0529514251836596,497.45180353137766
10,911,2,2,3,-1.854459596569739,-2.0529514251836596,496.8543517278463
10,912,2,2,3,-1.854459596569739,-2.0529514251836596,497.19419605639445
10,913,2,1,2,-8.764726328312669,505.50658451260864,-0.623251280782349
10,914,2,2,3,-1.854459596569739,-2.0529514251836596,496.5970018603381
10,915,2,2,3,-1.854459596569739,-2.0529514251836596,496.00040485847774
10,916,2,2,3,-1.854459596569739,-2.0529514251836596,496.81980696189373
10,917,1,2,1,509.2528207916254,-1.5657700518764335,-0.5649019525675409
10,918,2,2,3,-1.854459596569739,-2.0529514251836596,497.08297813245264
10,919,2,1,2,-8.764726328312669,504.86714089646057,-0.623251280782349
10,920,2,2,3,-1.854459596569739,-2.0529514251836596,497.256527267957
10,921,2,1,2,-8.764726328312669,504.40882300634223,-0.623251280782349
10,922,2,2,3,-1.854459596569739,-2.0529514251836596,496.659270740689
10,923,2,2,3,-1.854459596569739,-2.0529514251836596,496.0626114699483
10,924,2,2,3,-1.854459596569739,-2.0529514251836596,496.29282380058135
10,925,2,1,2,-8.764726328312669,512.1745365913517,-0.623251280782349
10,926,2,0,2,-1.53565384476972,488.2838612439281,-0.6300840498404277
10,927,2,2,3,-1.854459596569739,-2.0529514251836596,497.268820543067
10,928,2,1,2,-8.764726328312669,511.47311219058747,-0.623251280782349
10,929,1,2,1,511.54754498124646,-1.5657700518764335,-0.5649019525675409
10,930,0,1,2,2.7914631950699156,442.98020168504956,3.2914969809938084
10,931,0,2,1,495.7445915425581,-1.9014646570958402,-0.6663679920857718
10,932,2,1,2,-8.764726328312669,511.2690079246721,-0.623251280782349
10,933,1,2,1,511.10842226766437,-1.5657700518764335,-0.5649019525675409
10,934,2,1,2,-8.764726328312669,511.14184093670366,-0.623251280782349
10,935,1,2,1,510.8006222936316,-1.5657700518764335,-0.5649019525675409
10,936,2,1,2,-8.764726328312669,511.13069909576694,-0.623251280782349
10,937,2,1,2,-8.764726328312669,511.21956839667115,-0.623251280782349
10,938,2,1,2,-8.764726328312669,511.4083488282745,-0.623251280782349
10,939,2,1,2,-8.764726328312669,511.6969404794462,-0.623251280782349
10,940,2,1,2,-8.764726328312669,511.6114080664584,-0.623251280782349
10,941,1,0,1,415.88563104365545,8.926262106749988,17.78679373987269
10,942,1,0,1,423.0371702024388,8.926262106749988,17.78679373987269
10,943,2,0,2,-1.53565384476972,488.6850883532989,-0.6300840498404277
10,944,2,2,3,-1.854459596569739,-2.0529514251836596,498.0914678873397
10,945,2,1,2,-8.764726328312669,509.8613225806592,-0.623251280782349
10,946,2,2,3,-1.854459596569739,-2.0529514251836596,498.658592034091
10,947,2,1,2,-8.764726328312669,508.4423909339683,-0.623251280782349
10,948,2,2,3,-1.854459596569739,-2.0529514251836596,498.0599334420569
10,949,2,2,3,-1.854459596569739,-2.0529514251836596,497.4618735086148
10,950,2,2,3,-1.854459596569739,-2.0529514251836596,496.8644116351062
10,951,2,2,3,-1.854459596569739,-2.0529514251836596,496.26754722347107
10,952,2,2,3,-1.854459596569739,-2.0529514251836596,497.1100541081935
10,953,1,2,1,509.4344554209796,-1.5657700518764335,-0.5649019525675409
10,954,2,2,3,-1.854459596569739,-2.0529514251836596,496.51294405408527
10,955,2,2,3,-1.854459596569739,-2.0529514251836596,495.91643111003117
10,956,2,2,3,-1.854459596569739,-2.0529514251836596,496.56058470149094
10,957,2,1,2,-8.764726328312669,507.05764972601906,-0.623251280782349
10,958,2,2,3,-1.854459596569739,-2.0529514251836596,495.96402411678946
10,959,2,2,3,-1.854459596569739,-2.0529514251836596,495.3680600926727
10,960,2,2,3,-1.854459596569739,-2.0529514251836596,496.1652651700824
10,961,1,2,1,508.2113711307198,-1.5657700518764335,-0.5649019525675409
10,962,2,2,3,-1.854459596569739,-2.0529514251836596,495.5690999049123
10,963,2,2,3,-1.854459596569739,-2.0529514251836596,494.9735308050074
10,964,2,2,3,-1.854459596569739,-2.0529514251836596,495.5748850473825
10,965,2,1,2,-8.764726328312669,505.81379837310806,-0.623251280782349
10,966,2,2,3,-1.854459596569739,-2.0529514251836596,495.99296258158193
10,967,2,1,2,-8.764726328312669,504.83572183137386,-0.623251280782349
10,968,2,2,3,-1.854459596569739,-2.0529514251836596,496.27240278472976
10,969,2,1,2,-8.764726328312669,504.0831175239247,-0.623251280782349
10,970,2,2,3,-1.854459596569739,-2.0529514251836596,495.67613038194503
10,971,2,2,3,-1.854459596569739,-2.0529514251836596,495.0804542515631
10,972,2,2,3,-1.854459596569739,-2.0529514251836596,495.3766374612753
10,973,2,1,2,-8.764726328312669,503.41709288019854,-0.623251280782349
10,974,2,2,3,-1.854459596569739,-2.0529514251836596,494.781260823814
10,975,2,2,3,-1.854459596569739,-2.0529514251836596,494.1864795629902
10,976,2,2,3,-1.854459596569739,-2.0529514251836596,494.98075734863244
10,977,1,2,1,507.09332899516244,-1.5657700518764335,-0.5649019525675409
10,978,2,2,3,-1.854459596569739,-2.0529514251836596,495.5849211842903
10,979,1,2,1,506.2469032928909,-1.5657700518764335,-0.5649019525675409
10,980,2,2,3,-1.854459596569739,-2.0529514251836596,494.989336263106
10,981,2,2,3,-1.854459596569739,-2.0529514251836596,494.3943469268429
10,982,2,2,3,-1.854459596569739,-2.0529514251836596,494.69320442929825
10,983,2,1,2,-8.764726328312669,502.8500108306792,-0.623251280782349
10,984,2,2,3,-1.854459596569739,-2.0529514251836596,494.90603505860565
10,985,2,1,2,-8.764726328312669,510.8448334945879,-0.623251280782349
10,986,2,0,2,-1.53565384476972,488.812276988771,-0.6300840498404277
10,987,2,2,3,-1.854459596569739,-2.0529514251836596,495.8890700687093
10,988,2,1,2,-8.764726328312669,509.97879357112527,-0.623251280782349
10,989,1,2,1,509.3772529304217,-1.5657700518764335,-0.5649019525675409
10,990,0,1,2,2.7914631950699156,442.7372214833645,3.2914969809938084
10,991,0,1,2,2.7914631950699156,442.5944842618812,3.2914969809938084
10,992,0,1,2,2.7914631950699156,447.81375039840634,3.2914969809938084
10,993,0,2,1,496.6580329518437,-1.9014646570958402,-0.6663679920857718
10,994,2,1,2,-8.764726328312669,509.96881477755414,-0.623251280782349
10,995,2,1,2,-8.764726328312669,510.05884596277656,-0.623251280782349
10,996,2,1,2,-8.764726328312669,508.84597930330114,-0.623251280782349
10,997,2,2,3,-1.854459596569739,-2.0529514251836596,496.5759150128652
10,998,2,1,2,-8.764726328312669,509.1897294130828,-0.623251280782349
10,999,1,2,1,508.94931084927475,-1.5657700518764335,-0.5649019525675409
10,1000,2,1,2,-8.764726328312669,516.5631718936628,-0.623251280782349
10,1001,2,0,2,-1.53565384476972,489.0920648761675,-0.6300840498404277
10,1002,2,2,3,-1.854459596569739,-2.0529514251836596,495.97933909785235
10,1003,2,2,3,-1.854459596569739,-2.0529514251836596,496.6673869621453
10,1004,1,2,1,508.64036153842545,-1.5657700518764335,-0.5649019525675409
10,1005,1,2,1,509.2160794020555,-1.5657700518764335,-0.5649019525675409
10,1006,2,1,2,-8.764726328312669,514.176926013549,-0.623251280782349
10,1007,2,2,3,-1.854459596569739,-2.0529514251836596,496.07071957518315
10,1008,2,2,3,-1.854459596569739,-2.0529514251836596,495.47464885560794
10,1009,2,2,3,-1.854459596569739,-2.0529514251836596,494.87917420675234
10,1010,2,2,3,-1.854459596569739,-2.0529514251836596,494.2842950325456
10,1011,2,2,3,-1.854459596569739,-2.0529514251836596,493.69001073751303
10,1012,2,2,3,-1.854459596569739,-2.0529514251836596,494.6334015245652
10,1013,1,2,1,507.66317821278193,-1.5657700518764335,-0.5649019525675409
10,1014,2,2,3,-1.854459596569739,-2.0529514251836596,495.3287160151741
10,1015,1,2,1,506.43440327700597,-1.5657700518764335,-0.5649019525675409
10,1016,2,2,3,-1.854459596569739,-2.0529514251836596,496.599360088998
10,1017,2,1,2,-8.764726328312669,512.1225700610048,-0.623251280782349
10,1018,2,2,3,-1.854459596569739,-2.0529514251836596,497.5395585161377
10,1019,2,1,2,-8.764726328312669,510.46672934800193,-0.623251280782349
10,1020,2,2,3,-1.854459596569739,-2.0529514251836596,496.94201895762154
10,1021,2,2,3,-1.854459596569739,-2.0529514251836596,496.3450769386639
10,1022,2,2,3,-1.854459596569739,-2.0529514251836596,495.7487318617252
10,1023,2,2,3,-1.854459596569739,-2.0529514251836596,495.1529831298635
10,1024,2,2,3,-1.854459596569739,-2.0529514251836596,495.67469074130076
10,1025,1,2,1,505.46275733269414,-1.5657700518764335,-0.5649019525675409
10,1026,2,2,3,-1.854459596569739,-2.0529514251836596,496.5434278726229
10,1027,2,1,2,-8.764726328312669,508.9778557725914,-0.623251280782349
10,1028,2,2,3,-1.854459596569739,-2.0529514251836596,496.8298980612973
10,1029,1,2,1,504.80264150749315,-1.5657700518764335,-0.5649019525675409
10,1030,2,2,3,-1.854459596569739,-2.0529514251836596,496.233068163236
10,1031,2,2,3,-1.854459596569739,-2.0529514251836596,495.63683509507274
10,1032,2,2,3,-1.854459596569739,-2.0529514251836596,495.04119825997765
10,1033,2,2,3,-1.854459596569739,-2.0529514251836596,494.44615706171766
10,1034,2,2,3,-1.854459596569739,-2.0529514251836596,495.29034907703243
10,1035,2,1,2,-8.764726328312669,507.6138147539585,-0.623251280782349
10,1036,2,2,3,-1.854459596569739,-2.0529514251836596,495.9150818299711
10,1037,2,1,2,-8.764726328312669,506.5480263797298,-0.623251280782349
10,1038,2,2,3,-1.854459596569739,-2.0529514251836596,496.37182825856723
10,1039,2,1,2,-8.764726328312669,505.73403473935497,-0.623251280782349
10,1040,2,2,3,-1.854459596569739,-2.0529514251836596,496.6101069419523
10,1041,1,2,1,504.2867779439971,-1.5657700518764335,-0.5649019525675409
10,1042,2,2,3,-1.854459596569739,-2.0529514251836596,496.9167656869532
10,1043,2,1,2,-8.764726328312669,505.15539106842783,-0.623251280782349
10,1044,2,2,3,-1.854459596569739,-2.0529514251836596,497.13547283403227
10,1045,2,1,2,-8.764726328312669,512.9599663843256,-0.623251280782349
10,1046,2,0,2,-1.53565384476972,490.1072494050065,-0.6300840498404277
10,1047,1,2,1,508.0916614390396,-1.5657700518764335,-0.5649019525675409
10,1048,0,1,2,2.7914631950699156,452.3015206207982,3.2914969809938084
10,1049,0,2,1,497.7752663287076,-1.9014646570958402,-0.6663679920857718
10,1050,2,1,2,-8.764726328312669,512.6470064179413,-0.623251280782349
10,1051,2,1,2,-8.764726328312669,512.4343594115234,-0.623251280782349
10,1052,2,1,2,-8.764726328312669,512.3219250521119,-0.623251280782349
10,1053,2,1,2,-8.764726328312669,512.3096031270597,-0.623251280782349
10,1054,2,1,2,-8.764726328312669,510.895054624923,-0.623251280782349
10,1055,2,2,3,-1.854459596569739,-2.0529514251836596,497.90053595849645
10,1056,2,1,2,-8.764726328312669,509.79770222232185,-0.623251280782349
10,1057,2,2,3,-1.854459596569739,-2.0529514251836596,498.48045488265666
10,1058,2,1,2,-8.764726328312669,510.0879045200995,-0.623251280782349
10,1059,2,1,2,-8.764726328312669,517.4997317591852,-0.623251280782349
10,1060,2,0,2,-1.53565384476972,490.44608949788886,-0.6300840498404277
10,1061,2,2,3,-1.854459596569739,-2.0529514251836596,499.7648828385503
10,1062,2,1,2,-8.764726328312669,515.3264819842832,-0.623251280782349
10,1063,2,2,3,-1.854459596569739,-2.0529514251836596,499.16511795571176
10,1064,2,2,3,-1.854459596569739,-2.0529514251836596,498.5659528377561
10,1065,2,2,3,-1.854459596569739,-2.0529514251836596,497.9673868849183
10,1066,2,2,3,-1.854459596569739,-2.0529514251836596,497.3694194980334
10,1067,2,2,3,-1.854459596569739,-2.0529514251836596,496.77205007853536
10,1068,2,2,3,-1.854459596569739,-2.0529514251836596,497.29591955314675
10,1069,1,2,1,506.6147913308972,-1.5657700518764335,-0.5649019525675409
10,1070,2,2,3,-1.854459596569739,-2.0529514251836596,496.69862363359357
10,1071,2,2,3,-1.854459596569739,-2.0529514251836596,496.10192500996
10,1072,2,2,3,-1.854459596569739,-2.0529514251836596,496.54659685072284
10,1073,1,2,1,505.3114252860291,-1.5657700518764335,-0.5649019525675409
10,1074,2,2,3,-1.854459596569739,-2.0529514251836596,496.8177682689674
10,1075,1,2,1,504.26524181605396,-1.5657700518764335,-0.5649019525675409
10,1076,2,2,3,-1.854459596569739,-2.0529514251836596,498.0533131585147
10,1077,2,1,2,-8.764726328312669,513.3011117885478,-0.623251280782349
10,1078,2,2,3,-1.854459596569739,-2.0529514251836596,498.96479190972946
10,1079,2,1,2,-8.764726328312669,511.66851500875623,-0.623251280782349
10,1080,2,2,3,-1.854459596569739,-2.0529514251836596,499.6234957046234
10,1081,2,1,2,-8.764726328312669,510.3643895826383,-0.623251280782349
10,1082,2,2,3,-1.854459596569739,-2.0529514251836596,499.4834050739504
10,1083,1,2,1,503.68757473676965,-1.5657700518764335,-0.5649019525675409
10,1084,2,2,3,-1.854459596569739,-2.0529514251836596,498.88392166887644
10,1085,2,2,3,-1.854459596569739,-2.0529514251836596,498.2850377472076
10,1086,2,2,3,-1.854459596569739,-2.0529514251836596,498.221603871427
10,1087,1,2,1,503.14275604636396,-1.5657700518764335,-0.5649019525675409
10,1088,2,2,3,-1.854459596569739,-2.0529514251836596,498.11057633287436
10,1089,1,2,1,502.7414274986821,-1.5657700518764335,-0.5649019525675409
10,1090,2,2,3,-1.854459596569739,-2.0529514251836596,498.7255932682681
10,1091,2,1,2,-8.764726328312669,509.201784357933,-0.623251280782349
10,1092,2,2,3,-1.854459596569739,-2.0529514251836596,498.1268676749998
10,1093,2,2,3,-1.854459596569739,-2.0529514251836596,497.5287408073248
10,1094,2,2,3,-1.854459596569739,-2.0529514251836596,496.9312120665175
10,1095,2,2,3,-1.854459596569739,-2.0529514251836596,496.334280854451
10,1096,2,2,3,-1.854459596569739,-2.0529514251836596,495.73794657359656
10,1097,2,2,3,-1.854459596569739,-2.0529514251836596,495.14220862702297
10,1098,2,2,3,-1.854459596569739,-2.0529514251836596,494.54706641839596
10,1099,2,2,3,-1.854459596569739,-2.0529514251836596,493.95251935197757
10,1100,2,2,3,-1.854459596569739,-2.0529514251836596,494.2286687391493
10,1101,1,2,1,502.0959229539897,-1.5657700518764335,-0.5649019525675409
10,1102,2,2,3,-1.854459596569739,-2.0529514251836596,493.63444007041016
10,1103,2,2,3,-1.854459596569739,-2.0529514251836596,493.0408056303398
10,1104,2,2,3,-1.854459596569739,-2.0529514251836596,492.44776482470945
10,1105,2,2,3,-1.854459596569739,-2.0529514251836596,491.8553170598847
10,1106,2,2,3,-1.854459596569739,-2.0529514251836596,491.26346174282486
10,1107,2,2,3,-1.854459596569739,-2.0529514251836596,490.67219828108205
10,1108,2,2,3,-1.854459596569739,-2.0529514251836596,490.08152608280096
10,1109,2,2,3,-1.854459596569739,-2.0529514251836596,489.49144455671814
10,1110,2,2,3,-1.854459596569739,-2.0529514251836596,488.90195311216144
10,1111,2,2,3,-1.854459596569739,-2.0529514251836596,488.3130511590493
10,1112,2,2,3,-1.854459596569739,-2.0529514251836596,487.72473810789023
10,1113,2,2,3,-1.854459596569739,-2.0529514251836596,487.1370133697823
10,1114,2,2,3,-1.854459596569739,-2.0529514251836596,486.54987635641254
10,1115,2,2,3,-1.854459596569739,-2.0529514251836596,485.96332648005614
10,1116,2,2,3,-1.854459596569739,-2.0529514251836596,486.9744902044955
10,1117,1,2,1,500.8968051888358,-1.5657700518764335,-0.5649019525675409
10,1118,2,2,3,-1.854459596569739,-2.0529514251836596,487.7658248977407
10,1119,1,2,1,509.98687603649427,-1.5657700518764335,-0.5649019525675409
10,1120,0,2,1,498.40871634727216,-1.9014646570958402,-0.6663679920857718
10,1121,2,1,2,-8.764726328312669,509.3703066497526,-0.623251280782349
10,1122,1,2,1,507.37700509772117,-1.5657700518764335,-0.5649019525675409
10,1123,2,2,3,-1.854459596569739,-2.0529514251836596,489.119565912641
10,1124,1,2,1,507.2669649462746,-1.5657700518764335,-0.5649019525675409
10,1125,2,1,2,-8.764726328312669,509.35270551445853,-0.623251280782349
10,1126,1,2,1,505.2631054769986,-1.5657700518764335,-0.5649019525675409
10,1127,2,2,3,-1.854459596569739,-2.0529514251836596,490.1286567635998
10,1128,1,2,1,505.1578423715216,-1.5657700518764335,-0.5649019525675409
10,1129,1,2,1,505.15268452915006,-1.5657700518764335,-0.5649019525675409
10,1130,1,2,1,503.7601530958314,-1.5657700518764335,-0.5649019525675409
10,1131,2,2,3,-1.854459596569739,-2.0529514251836596,490.8880462437271
10,1132,1,2,1,503.9563929427356,-1.5657700518764335,-0.5649019525675409
10,1133,1,2,1,504.25243654979283,-1.5657700518764335,-0.5649019525675409
10,1134,1,2,1,513.0696558131935,-1.5657700518764335,-0.5649019525675409
10,1135,0,2,1,497.1657612906739,-1.9014646570958402,-0.6663679920857718
10,1136,2,2,3,-1.854459596569739,-2.0529514251836596,492.1251594652858
10,1137,2,1,2,-8.764726328312669,507.93782575007594,-0.623251280782349
10,1138,2,2,3,-1.854459596569739,-2.0529514251836596,493.0984882680147
10,1139,2,1,2,-8.764726328312669,515.5982060353593,-0.623251280782349
10,1140,2,0,2,-1.53565384476972,492.19537647360613,-0.6300840498404277
10,1141,1,2,1,512.9069126293748,-1.5657700518764335,-0.5649019525675409
10,1142,2,1,2,-8.764726328312669,512.9551357703568,-0.623251280782349
10,1143,2,2,3,-1.854459596569739,-2.0529514251836596,494.4711978824786
10,1144,2,1,2,-8.764726328312669,512.6421806345865,-0.623251280782349
10,1145,2,1,2,-8.764726328312669,512.4295384539519,-0.623251280782349
10,1146,2,1,2,-8.764726328312669,512.3643689588648,-0.623251280782349
10,1147,1,2,1,512.540293893365,-1.5657700518764335,-0.5649019525675409
10,1148,2,1,2,-8.764726328312669,512.3694211584215,-0.623251280782349
10,1149,1,2,1,512.3108371987122,-1.5657700518764335,-0.5649019525675409
10,1150,2,1,2,-8.764726328312669,510.68512763294467,-0.623251280782349
10,1151,2,2,3,-1.854459596569739,-2.0529514251836596,495.4819057298922
10,1152,2,1,2,-8.764726328312669,510.8744425053117,-0.623251280782349
10,1153,2,1,2,-8.764726328312669,511.1635680628064,-0.623251280782349
10,1154,2,1,2,-8.764726328312669,518.6745535274127,-0.623251280782349
10,1155,2,0,2,-1.53565384476972,492.02854749350485,-0.6300840498404277
10,1156,2,2,3,-1.854459596569739,-2.0529514251836596,496.5524880395755
10,1157,1,2,1,512.1985263615135,-1.5657700518764335,-0.5649019525675409
10,1158,1,2,1,512.1863278351519,-1.5657700518764335,-0.5649019525675409
10,1159,1,2,1,512.2741415073168,-1.5657700518764335,-0.5649019525675409
10,1160,1,2,1,513.095508155799,-1.5657700518764335,-0.5649019525675409
10,1161,2,1,2,-8.764726328312669,517.7035534820956,-0.623251280782349
10,1162,1,2,1,513.8386091349466,-1.5657700518764335,-0.5649019525675409
10,1163,2,1,2,-8.764726328312669,515.291894449804,-0.623251280782349
10,1164,2,2,3,-1.854459596569739,-2.0529514251836596,495.95593555153596
10,1165,2,2,3,-1.854459596569739,-2.0529514251836596,495.3599796159844
10,1166,2,2,3,-1.854459596569739,-2.0529514251836596,496.5940039587457
10,1167,1,2,1,517.132598762911,-1.5657700518764335,-0.5649019525675409
10,1168,0,1,2,2.7914631950699156,456.5907789264951,3.2914969809938084
10,1169,0,2,1,498.4630827121371,-1.9014646570958402,-0.6663679920857718
10,1170,2,1,2,-8.764726328312669,513.3255113967394,-0.623251280782349
10,1171,2,2,3,-1.854459596569739,-2.0529514251836596,495.997409954787
10,1172,2,2,3,-1.854459596569739,-2.0529514251836596,497.1168945875855
10,1173,2,1,2,-8.764726328312669,511.70753282123644,-0.623251280782349
10,1174,2,2,3,-1.854459596569739,-2.0529514251836596,497.96425087812935
10,1175,2,1,2,-8.764726328312669,510.4352403760476,-0.623251280782349
10,1176,2,2,3,-1.854459596569739,-2.0529514251836596,498.6009145875451
10,1177,2,1,2,-8.764726328312669,509.45320688260983,-0.623251280782349
10,1178,2,2,3,-1.854459596569739,-2.0529514251836596,498.00231367295754
10,1179,2,2,3,-1.854459596569739,-2.0529514251836596,497.4043113592846
10,1180,2,2,3,-1.854459596569739,-2.0529514251836596,496.8069070479253
10,1181,2,2,3,-1.854459596569739,-2.0529514251836596,496.21010014087733
10,1182,2,2,3,-1.854459596569739,-2.0529514251836596,495.61389004073646
10,1183,2,2,3,-1.854459596569739,-2.0529514251836596,495.0182761506957
10,1184,2,2,3,-1.854459596569739,-2.0529514251836596,495.8523160170045
10,1185,2,1,2,-8.764726328312669,508.3972654800323,-0.623251280782349
10,1186,2,2,3,-1.854459596569739,-2.0529514251836596,495.2564637009875
10,1187,2,2,3,-1.854459596569739,-2.0529514251836596,494.66120723728653
10,1188,2,2,3,-1.854459596569739,-2.0529514251836596,496.2912137910861
10,1189,1,2,1,514.6521690519374,-1.5657700518764335,-0.5649019525675409
10,1190,2,2,3,-1.854459596569739,-2.0529514251836596,496.89342169450066
10,1191,2,1,2,-8.764726328312669,516.168365133886,-0.623251280782349
10,1192,2,0,2,-1.53565384476972,493.7762574802962,-0.6300840498404277
10,1193,1,2,1,514.4876202949985,-1.5657700518764335,-0.5649019525675409
10,1194,2,1,2,-8.764726328312669,515.5858030297022,-0.623251280782349
10,1195,1,2,1,514.3818527654391,-1.5657700518764335,-0.5649019525675409
10,1196,2,1,2,-8.764726328312669,513.4196714744876,-0.623251280782349
10,1197,2,2,3,-1.854459596569739,-2.0529514251836596,497.93262700102485
10,1198,2,1,2,-8.764726328312669,513.2062518030131,-0.623251280782349
10,1199,2,1,2,-8.764726328312669,513.09304555121,-0.623251280782349
10,1200,2,1,2,-8.764726328312669,511.5790710691905,-0.623251280782349
10,1201,2,2,3,-1.854459596569739,-2.0529514251836596,498.6856923367722
10,1202,2,1,2,-8.764726328312669,511.6674919981213,-0.623251280782349
10,1203,2,1,2,-8.764726328312669,511.8558245061232,-0.623251280782349
10,1204,2,1,2,-8.764726328312669,510.84012559685135,-0.623251280782349
10,1205,2,2,3,-1.854459596569739,-2.0529514251836596,499.2902955371833
10,1206,2,1,2,-8.764726328312669,518.5399625277155,-0.623251280782349
10,1207,2,0,2,-1.53565384476972,495.7340880225104,-0.6300840498404277
10,1208,2,1,2,-8.764726328312669,517.7097696987224,-0.623251280782349
10,1209,1,2,1,512.7734067470764,-1.5657700518764335,-0.5649019525675409
10,1210,2,2,3,-1.854459596569739,-2.0529514251836596,498.6910052416461
10,1211,2,2,3,-1.854459596569739,-2.0529514251836596,498.0923142364045
10,1212,2,2,3,-1.854459596569739,-2.0529514251836596,499.43635001293757
10,1213,2,1,2,-8.764726328312669,515.582991380131,-0.623251280782349
10,1214,2,2,3,-1.854459596569739,-2.0529514251836596,498.83691366292464
10,1215,2,2,3,-1.854459596569739,-2.0529514251836596,498.2380767492617
10,1216,2,2,3,-1.854459596569739,-2.0529514251836596,497.63983867251244
10,1217,2,2,3,-1.854459596569739,-2.0529514251836596,497.0421988338399
10,1218,2,2,3,-1.854459596569739,-2.0529514251836596,498.00254621841646
10,1219,1,2,1,511.29831814799195,-1.5657700518764335,-0.5649019525675409
10,1220,2,2,3,-1.854459596569739,-2.0529514251836596,499.14500774320777
10,1221,2,1,2,-8.764726328312669,513.7400480086955,-0.623251280782349
10,1222,2,2,3,-1.854459596569739,-2.0529514251836596,499.7490404655382
10,1223,1,2,1,510.24364133928106,-1.5657700518764335,-0.5649019525675409
10,1224,2,2,3,-1.854459596569739,-2.0529514251836596,500.1882569115732
10,1225,1,2,1,509.4379146395987,-1.5657700518764335,-0.5649019525675409
10,1226,2,2,3,-1.854459596569739,-2.0529514251836596,499.58806865466164
10,1227,2,2,3,-1.854459596569739,-2.0529514251836596,498.988480586007
10,1228,2,2,3,-1.854459596569739,-2.0529514251836596,499.4239860767266
10,1229,1,2,1,508.73709779723475,-1.5657700518764335,-0.5649019525675409
10,1230,2,2,3,-1.854459596569739,-2.0529514251836596,498.82456209064986
10,1231,2,2,3,-1.854459596569739,-2.0529514251836596,498.2257375285592
10,1232,2,2,3,-1.854459596569739,-2.0529514251836596,497.62751179103066
10,1233,2,2,3,-1.854459596569739,-2.0529514251836596,497.02988427923964
10,1234,2,2,3,-1.854459596569739,-2.0529514251836596,496.4328543949604
10,1235,2,2,3,-1.854459596569739,-2.0529514251836596,495.8364215405654
10,1236,2,2,3,-1.854459596569739,-2.0529514251836596,497.01304413936975
10,1237,2,1,2,-8.764726328312669,511.97033457762353,-0.623251280782349
10,1238,2,2,3,-1.854459596569739,-2.0529514251836596,497.8968028486175
10,1239,2,1,2,-8.764726328312669,510.56508460187433,-0.623251280782349
10,1240,2,2,3,-1.854459596569739,-2.0529514251836596,498.372095245682
10,1241,1,2,1,517.1112332060129,-1.5657700518764335,-0.5649019525675409
10,1242,0,2,1,499.162717816509,-1.9014646570958402,-0.6663679920857718
10,1243,2,1,2,-8.764726328312669,511.3025882290822,-0.623251280782349
10,1244,1,2,1,516.6941219728069,-1.5657700518764335,-0.5649019525675409
10,1245,1,2,1,516.3774278508341,-1.5657700518764335,-0.5649019525675409
10,1246,1,2,1,515.6586413004298,-1.5657700518764335,-0.5649019525675409
10,1247,2,1,2,-8.764726328312669,511.9225348949165,-0.623251280782349
10,1248,1,2,1,515.5429826591294,-1.5657700518764335,-0.5649019525675409
10,1249,1,2,1,515.5274396764703,-1.5657700518764335,-0.5649019525675409
10,1250,1,2,1,515.6119122367938,-1.5657700518764335,-0.5649019525675409
10,1251,1,2,1,515.796300324557,-1.5657700518764335,-0.5649019525675409
10,1252,1,2,1,515.697001246698,-1.5657700518764335,-0.5649019525675409
10,1253,2,1,2,-8.764726328312669,512.584284528848,-0.623251280782349
10,1254,1,2,1,519.2297882357512,-1.5657700518764335,-0.5649019525675409
10,1255,0,1,2,2.7914631950699156,446.36385110618517,3.2914969809938084
10,1256,0,0,2,0.009317174468442126,281.52756426692144,-0.6122225467830142
10,1257,0,2,1,499.992290203214,-1.9014646570958402,-0.6663679920857718
10,1258,2,1,2,-8.764726328312669,512.8296051113026,-0.623251280782349
10,1259,1,2,1,518.1769403181951,-1.5657700518764335,-0.5649019525675409
10,1260,2,1,2,-8.764726328312669,513.0461616916737,-0.623251280782349
10,1261,1,2,1,517.3508162938513,-1.5657700518764335,-0.5649019525675409
10,1262,2,1,2,-8.764726328312669,511.3803829518288,-0.623251280782349
10,1263,2,2,3,-1.854459596569739,-2.0529514251836596,497.7737231504363
10,1264,2,2,3,-1.854459596569739,-2.0529514251836596,497.17594942728584
10,1265,2,2,3,-1.854459596569739,-2.0529514251836596,498.57608529764855
10,1266,1,2,1,515.2747671089334,-1.5657700518764335,-0.5649019525675409
10,1267,2,2,3,-1.854459596569739,-2.0529514251836596,497.9775092123509
10,1268,2,2,3,-1.854459596569739,-2.0529514251836596,497.3795317031386
10,1269,2,2,3,-1.854459596569739,-2.0529514251836596,498.5537804766091
10,1270,1,2,1,513.5041146652243,-1.5657700518764335,-0.5649019525675409
10,1271,2,2,3,-1.854459596569739,-2.0529514251836596,499.22506034117924
10,1272,2,1,2,-8.764726328312669,510.06562563042263,-0.623251280782349
10,1273,2,2,3,-1.854459596569739,-2.0529514251836596,499.69905124447314
10,1274,2,1,2,-8.764726328312669,509.0292691405832,-0.623251280782349
10,1275,2,2,3,-1.854459596569739,-2.0529514251836596,500.02304376494357
10,1276,2,1,2,-8.764726328312669,508.2286235592543,-0.623251280782349
10,1277,2,2,3,-1.854459596569739,-2.0529514251836596,500.7576467403064
10,1278,1,2,1,512.2287102259922,-1.5657700518764335,-0.5649019525675409
10,1279,2,2,3,-1.854459596569739,-2.0529514251836596,501.29252437864903
10,1280,1,2,1,511.23379911687925,-1.5657700518764335,-0.5649019525675409
10,1281,2,2,3,-1.854459596569739,-2.0529514251836596,500.69123185427037
10,1282,2,2,3,-1.854459596569739,-2.0529514251836596,500.0905406224161
10,1283,2,2,3,-1.854459596569739,-2.0529514251836596,500.29612029254065
10,1284,2,1,2,-8.764726328312669,507.6350771122904,-0.623251280782349
10,1285,2,2,3,-1.854459596569739,-2.0529514251836596,499.6958241722481
10,1286,2,2,3,-1.854459596569739,-2.0529514251836596,499.0961283480758
10,1287,2,2,3,-1.854459596569739,-2.0529514251836596,499.6986616258393
10,1288,1,2,1,510.2805867061494,-1.5657700518764335,-0.5649019525675409
10,1289,2,2,3,-1.854459596569739,-2.0529514251836596,499.09896296421346
10,1290,2,2,3,-1.854459596569739,-2.0529514251836596,498.49986400124925
10,1291,2,2,3,-1.854459596569739,-2.0529514251836596,497.901364137248
10,1292,2,2,3,-1.854459596569739,-2.0529514251836596,497.3034627731107
10,1293,2,2,3,-1.854459596569739,-2.0529514251836596,497.9908945797084
10,1294,1,2,1,509.3536265989256,-1.5657700518764335,-0.5649019525675409
10,1295,2,2,3,-1.854459596569739,-2.0529514251836596,498.3476777558543
10,1296,2,1,2,-8.764726328312669,507.00798949889094,-0.623251280782349
10,1297,2,2,3,-1.854459596569739,-2.0529514251836596,497.74933007809847
10,1298,2,2,3,-1.854459596569739,-2.0529514251836596,497.15158074802036
10,1299,2,2,3,-1.854459596569739,-2.0529514251836596,497.5302136336085
10,1300,2,1,2,-8.764726328312669,515.2848652632304,-0.623251280782349
10,1301,2,0,2,-1.53565384476972,495.41617036998656,-0.6300840498404277
10,1302,2,2,3,-1.854459596569739,-2.0529514251836596,498.6903939313075
10,1303,2,1,2,-8.764726328312669,514.282387770201,-0.623251280782349
10,1304,1,2,1,512.5082851985453,-1.5657700518764335,-0.5649019525675409
10,1305,0,1,2,2.7914631950699156,451.42670272568483,3.2914969809938084
10,1306,0,2,1,500.9070175721425,-1.9014646570958402,-0.6663679920857718
10,1307,2,1,2,-8.764726328312669,513.892469227837,-0.623251280782349
10,1308,1,2,1,512.2328111322466,-1.5657700518764335,-0.5649019525675409
10,1309,2,1,2,-8.764726328312669,513.6142706071457,-0.623251280782349
10,1310,1,2,1,512.0573428091294,-1.5657700518764335,-0.5649019525675409
10,1311,2,1,2,-8.764726328312669,513.446520484535,-0.623251280782349
10,1312,1,2,1,511.9828140561854,-1.5657700518764335,-0.5649019525675409
10,1313,2,1,2,-8.764726328312669,513.3881670276438,-0.623251280782349
10,1314,1,2,1,512.0099611863036,-1.5657700518764335,-0.5649019525675409
10,1315,2,1,2,-8.764726328312669,513.5747788606162,-0.623251280782349
10,1316,2,1,2,-8.764726328312669,513.7062871319987,-0.623251280782349
10,1317,1,2,1,510.6793140668727,-1.5657700518764335,-0.5649019525675409
10,1318,2,2,3,-1.854459596569739,-2.0529514251836596,499.5782769642446
10,1319,2,1,2,-8.764726328312669,521.2818592854275,-0.623251280782349
10,1320,2,0,2,-1.53565384476972,497.4814574022452,-0.6300840498404277
10,1321,2,1,2,-8.764726328312669,519.8109254495051,-0.623251280782349
10,1322,1,2,1,509.6696320796456,-1.5657700518764335,-0.5649019525675409
10,1323,2,2,3,-1.854459596569739,-2.0529514251836596,499.9777428437051
10,1324,1,2,1,508.9004654132079,-1.5657700518764335,-0.5649019525675409
10,1325,2,2,3,-1.854459596569739,-2.0529514251836596,500.26111463524217
10,1326,1,2,1,508.33626922077605,-1.5657700518764335,-0.5649019525675409
10,1327,2,2,3,-1.854459596569739,-2.0529514251836596,500.46029382457476
10,1328,1,2,1,516.9924370383405,-1.5657700518764335,-0.5649019525675409
10,1329,0,2,1,500.36188490356113,-1.9014646570958402,-0.6663679920857718
10,1330,2,2,3,-1.854459596569739,-2.0529514251836596,501.496515708913
10,1331,1,2,1,515.0413483896889,-1.5657700518764335,-0.5649019525675409
10,1332,2,2,3,-1.854459596569739,-2.0529514251836596,502.23595762860094
10,1333,1,2,1,513.4585733559514,-1.5657700518764335,-0.5649019525675409
10,1334,2,2,3,-1.854459596569739,-2.0529514251836596,501.63372167097236
10,1335,2,2,3,-1.854459596569739,-2.0529514251836596,501.0320879493014
10,1336,2,2,3,-1.854459596569739,-2.0529514251836596,500.4310558613521
10,1337,2,2,3,-1.854459596569739,-2.0529514251836596,499.83062480549074
10,1338,2,2,3,-1.854459596569739,-2.0529514251836596,499.2307941806853
10,1339,2,2,3,-1.854459596569739,-2.0529514251836596,498.6315633865046
10,1340,2,2,3,-1.854459596569739,-2.0529514251836596,498.0329318231181
10,1341,2,2,3,-1.854459596569739,-2.0529514251836596,497.43489889129495
10,1342,2,2,3,-1.854459596569739,-2.0529514251836596,498.42380776440467
10,1343,1,2,1,511.7566729890324,-1.5657700518764335,-0.5649019525675409
10,1344,2,2,3,-1.854459596569739,-2.0529514251836596,499.9427086074652
10,1345,2,1,2,-8.764726328312669,517.5241610566936,-0.623251280782349
10,1346,2,2,3,-1.854459596569739,-2.0529514251836596,501.08332969133136
10,1347,2,1,2,-8.764726328312669,515.6789945904661,-0.623251280782349
10,1348,2,2,3,-1.854459596569739,-2.0529514251836596,501.9272171866544
10,1349,2,1,2,-8.764726328312669,514.2018896328983,-0.623251280782349
10,1350,2,2,3,-1.854459596569739,-2.0529514251836596,501.32528996946775
10,1351,2,2,3,-1.854459596569739,-2.0529514251836596,500.7239646794983
10,1352,2,2,3,-1.854459596569739,-2.0529514251836596,500.1232407148188
10,1353,2,2,3,-1.854459596569739,-2.0529514251836596,499.52311747410397
10,1354,2,2,3,-1.854459596569739,-2.0529514251836596,498.92359435662985
10,1355,2,2,3,-1.854459596569739,-2.0529514251836596,498.32467076227323
10,1356,2,2,3,-1.854459596569739,-2.0529514251836596,499.05611431196013
10,1357,1,2,1,510.3875610070132,-1.5657700518764335,-0.5649019525675409
10,1358,2,2,3,-1.854459596569739,-2.0529514251836596,499.95648995442104
10,1359,2,1,2,-8.764726328312669,512.7773931750962,-0.623251280782349
10,1360,2,2,3,-1.854459596569739,-2.0529514251836596,500.62580288331344
10,1361,2,1,2,-8.764726328312669,511.66160834303463,-0.623251280782349
10,1362,2,2,3,-1.854459596569739,-2.0529514251836596,500.9915911346764
10,1363,1,2,1,509.4469724286448,-1.5657700518764335,-0.5649019525675409
10,1364,2,2,3,-1.854459596569739,-2.0529514251836596,501.2276822916446
10,1365,1,2,1,508.7238157326531,-1.5657700518764335,-0.5649019525675409
10,1366,2,2,3,-1.854459596569739,-2.0529514251836596,500.62645460935295
10,1367,2,2,3,-1.854459596569739,-2.0529514251836596,500.0258281547436
10,1368,2,2,3,-1.854459596569739,-2.0529514251836596,500.57774456522964
10,1369,2,1,2,-8.764726328312669,510.7526442206889,-0.623251280782349
10,1370,2,2,3,-1.854459596569739,-2.0529514251836596,499.9771668206644
10,1371,2,2,3,-1.854459596569739,-2.0529514251836596,499.37718965384374
10,1372,2,2,3,-1.854459596569739,-2.0529514251836596,499.9039824663076
10,1373,2,1,2,-8.764726328312669,509.96787406278446,-0.623251280782349
10,1374,2,2,3,-1.854459596569739,-2.0529514251836596,500.3004037518925
10,1375,2,1,2,-8.764726328312669,518.1217509393283,-0.623251280782349
10,1376,2,0,2,-1.53565384476972,499.0273650050142,-0.6300840498404277
10,1377,2,1,2,-8.764726328312669,517.703629188389,-0.623251280782349
10,1378,2,1,2,-8.764726328312669,516.4969240270827,-0.623251280782349
10,1379,1,2,1,509.684629638069,-1.5657700518764335,-0.5649019525675409
10,1380,2,1,2,-8.764726328312669,514.6769715958118,-0.623251280782349
10,1381,2,2,3,-1.854459596569739,-2.0529514251836596,501.1233835646886
10,1382,2,1,2,-8.764726328312669,514.562294624216,-0.623251280782349
10,1383,2,1,2,-8.764726328312669,514.5477323295918,-0.623251280782349
10,1384,2,1,2,-8.764726328312669,514.6331845972622,-0.623251280782349
10,1385,2,1,2,-8.764726328312669,514.818551412665,-0.623251280782349
10,1386,2,1,2,-8.764726328312669,514.5954746055673,-0.623251280782349
10,1387,1,2,1,510.4611186602133,-1.5657700518764335,-0.5649019525675409
10,1388,2,1,2,-8.764726328312669,522.439636280507,-0.623251280782349
10,1389,2,0,2,-1.53565384476972,500.84615249628297,-0.6300840498404277
10,1390,2,1,2,-8.764726328312669,522.0171966442265,-0.623251280782349
10,1391,2,1,2,-8.764726328312669,521.6951794475823,-0.623251280782349
10,1392,2,1,2,-8.764726328312669,520.3613122501852,-0.623251280782349
10,1393,1,2,1,514.0062503640347,-1.5657700518764335,-0.5649019525675409
10,1394,0,1,2,2.7914631950699156,451.37527602295916,3.2914969809938084
10,1395,0,1,2,2.7914631950699156,456.2735750261158,3.2914969809938084
10,1396,0,2,1,501.84146632597333,-1.9014646570958402,-0.6663679920857718
10,1397,2,1,2,-8.764726328312669,519.8117998112061,-0.623251280782349
10,1398,1,2,1,514.1669935089407,-1.5657700518764335,-0.5649019525675409
10,1399,2,1,2,-8.764726328312669,519.9919880113949,-0.623251280782349
10,1400,2,1,2,-8.764726328312669,519.6953215676406,-0.623251280782349
10,1401,1,2,1,512.5615091309508,-1.5657700518764335,-0.5649019525675409
10,1402,2,2,3,-1.854459596569739,-2.0529514251836596,502.36088204341615
10,1403,2,1,2,-8.764726328312669,527.2095585080085,-0.623251280782349
10,1404,2,0,2,-1.53565384476972,501.5051266506188,-0.6300840498404277
10,1405,1,2,1,511.33908554015386,-1.5657700518764335,-0.5649019525675409
10,1406,2,2,3,-1.854459596569739,-2.0529514251836596,501.75852116137276
10,1407,2,2,3,-1.854459596569739,-2.0529514251836596,501.15676264021135
10,1408,2,2,3,-1.854459596569739,-2.0529514251836596,501.56365584466545
10,1409,1,2,1,510.2599789147604,-1.5657700518764335,-0.5649019525675409
10,1410,2,2,3,-1.854459596569739,-2.0529514251836596,501.8230281727602
10,1411,1,2,1,509.4144608123876,-1.5657700518764335,-0.5649019525675409
10,1412,2,2,3,-1.854459596569739,-2.0529514251836596,503.734471647777
10,1413,2,1,2,-8.764726328312669,524.4583153503376,-0.623251280782349
10,1414,2,2,3,-1.854459596569739,-2.0529514251836596,505.18239770268275
10,1415,2,1,2,-8.764726328312669,522.2255411878693,-0.623251280782349
10,1416,2,2,3,-1.854459596569739,-2.0529514251836596,506.2644865100135
10,1417,2,1,2,-8.764726328312669,520.4231712335737,-0.623251280782349
10,1418,2,2,3,-1.854459596569739,-2.0529514251836596,505.6582220235035
10,1419,2,2,3,-1.854459596569739,-2.0529514251836596,505.05256380148
10,1420,2,2,3,-1.854459596569739,-2.0529514251836596,505.9692013734558
10,1421,2,1,2,-8.764726328312669,518.8718050461885,-0.623251280782349
10,1422,2,2,3,-1.854459596569739,-2.0529514251836596,506.6405899356829
10,1423,2,1,2,-8.764726328312669,517.6420429452022,-0.623251280782349
10,1424,2,2,3,-1.854459596569739,-2.0529514251836596,507.1230931936896
10,1425,2,1,2,-8.764726328312669,516.6830248768573,-0.623251280782349
10,1426,2,2,3,-1.854459596569739,-2.0529514251836596,506.5159701004959
10,1427,2,2,3,-1.854459596569739,-2.0529514251836596,505.90945413039543
10,1428,2,2,3,-1.854459596569739,-2.0529514251836596,505.6505403377823
10,1429,1,2,1,509.1324182245893,-1.5657700518764335,-0.5649019525675409
10,1430,2,2,3,-1.854459596569739,-2.0529514251836596,505.3895957082384
10,1431,1,2,1,508.95274637724594,-1.5657700518764335,-0.5649019525675409
10,1432,2,2,3,-1.854459596569739,-2.0529514251836596,505.90225560022344
10,1433,2,1,2,-8.764726328312669,515.7990456935937,-0.623251280782349
10,1434,2,2,3,-1.854459596569739,-2.0529514251836596,505.29635334462324
10,1435,2,2,3,-1.854459596569739,-2.0529514251836596,504.69105699127863
10,1436,2,2,3,-1.854459596569739,-2.0529514251836596,504.08636593428736
10,1437,2,2,3,-1.854459596569739,-2.0529514251836596,503.4822795683531
10,1438,2,2,3,-1.854459596569739,-2.0529514251836596,503.4203735028651
10,1439,1,2,1,508.696088716305,-1.5657700518764335,-0.5649019525675409
10,1440,2,2,3,-1.854459596569739,-2.0529514251836596,503.3392489354928
10,1441,1,2,1,517.4087850109458,-1.5657700518764335,-0.5649019525675409
10,1442,0,2,1,502.8807894094596,-1.9014646570958402,-0.6663679920857718
10,1443,1,2,1,516.9913762259349,-1.5657700518764335,-0.5649019525675409
10,1444,1,2,1,516.674384849709,-1.5657700518764335,-0.5649019525675409
10,1445,1,2,1,516.4577104648592,-1.5657700518764335,-0.5649019525675409
10,1446,1,2,1,516.3412527543944,-1.5657700518764335,-0.5649019525675409
10,1447,1,2,1,516.32491150164,-1.5657700518764335,-0.5649019525675409
10,1448,1,2,1,516.3565258751419,-1.5657700518764335,-0.5649019525675409
10,1449,2,1,2,-8.764726328312669,516.1384371858734,-0.623251280782349
10,1450,1,2,1,516.5185785690292,-1.5657700518764335,-0.5649019525675409
10,1451,2,1,2,-8.764726328312669,516.3052733173275,-0.623251280782349
10,1452,1,0,1,431.1824607206062,8.926262106749988,17.78679373987269
10,1453,2,0,2,-1.53565384476972,501.1851996301707,-0.6300840498404277
10,1454,2,2,3,-1.854459596569739,-2.0529514251836596,504.04066332027736
10,1455,1,2,1,524.5519188636628,-1.5657700518764335,-0.5649019525675409
10,1456,0,2,1,502.49273613722113,-1.9014646570958402,-0.6663679920857718
10,1457,2,2,3,-1.854459596569739,-2.0529514251836596,503.43662265695707
10,1458,2,2,3,-1.854459596569739,-2.0529514251836596,502.8331860343001
10,1459,2,2,3,-1.854459596569739,-2.0529514251836596,502.23035284826585
10,1460,2,2,3,-1.854459596569739,-2.0529514251836596,501.6281224954176
10,1461,2,2,3,-1.854459596569739,-2.0529514251836596,503.29595021337843
10,1462,1,2,1,522.023026048421,-1.5657700518764335,-0.5649019525675409
10,1463,2,2,3,-1.854459596569739,-2.0529514251836596,504.54663477083426
10,1464,1,2,1,519.9708402858915,-1.5657700518764335,-0.5649019525675409
10,1465,2,2,3,-1.854459596569739,-2.0529514251836596,503.94208813606343
10,1466,2,2,3,-1.854459596569739,-2.0529514251836596,503.33814604792735
10,1467,2,2,3,-1.854459596569739,-2.0529514251836596,504.01855350155006
10,1468,2,1,2,-8.764726328312669,514.6725827822482,-0.623251280782349
10,1469,2,2,3,-1.854459596569739,-2.0529514251836596,504.46928384683764
10,1470,2,1,2,-8.764726328312669,513.3477836048603,-0.623251280782349
10,1471,2,2,3,-1.854459596569739,-2.0529514251836596,505.39946865045715
10,1472,1,2,1,518.3083036536976,-1.5657700518764335,-0.5649019525675409
10,1473,2,2,3,-1.854459596569739,-2.0529514251836596,506.0720438471275
10,1474,1,2,1,516.9786056291935,-1.5657700518764335,-0.5649019525675409
10,1475,2,2,3,-1.854459596569739,-2.0529514251836596,505.46597180328035
10,1476,2,2,3,-1.854459596569739,-2.0529514251836596,504.8605058314771
10,1477,2,2,3,-1.854459596569739,-2.0529514251836596,504.2556453256456
10,1478,2,2,3,-1.854459596569739,-2.0529514251836596,503.65138968032
10,1479,2,2,3,-1.854459596569739,-2.0529514251836596,504.36713266957815
10,1480,1,2,1,515.7130912005623,-1.5657700518764335,-0.5649019525675409
10,1481,2,2,3,-1.854459596569739,-2.0529514251836596,504.886015431476
10,1482,1,2,1,514.7254976082222,-1.5657700518764335,-0.5649019525675409
10,1483,2,2,3,-1.854459596569739,-2.0529514251836596,504.2811294160445
10,1484,2,2,3,-1.854459596569739,-2.0529514251836596,503.67684828662846
10,1485,2,2,3,-1.854459596569739,-2.0529514251836596,504.1669877211796
10,1486,1,2,1,513.8654796317968,-1.5657700518764335,-0.5649019525675409
10,1487,2,2,3,-1.854459596569739,-2.0529514251836596,504.47171952594283
10,1488,2,1,2,-8.764726328312669,512.2557054774426,-0.623251280782349
10,1489,2,2,3,-1.854459596569739,-2.0529514251836596,504.7972300568964
10,1490,1,2,1,513.2538574442499,-1.5657700518764335,-0.5649019525675409
10,1491,2,2,3,-1.854459596569739,-2.0529514251836596,504.9308218934736
10,1492,2,1,2,-8.764726328312669,511.4182862971522,-0.623251280782349
10,1493,2,2,3,-1.854459596569739,-2.0529514251836596,504.32589107158014
10,1494,2,2,3,-1.854459596569739,-2.0529514251836596,503.72156518050855
10,1495,2,2,3,-1.854459596569739,-2.0529514251836596,503.11784361532807
10,1496,2,2,3,-1.854459596569739,-2.0529514251836596,502.51472577171273
10,1497,2,2,3,-1.854459596569739,-2.0529514251836596,502.7936635379595
10,1498,2,1,2,-8.764726328312669,510.553030357695,-0.623251280782349
10,1499,2,2,3,-1.854459596569739,-2.0529514251836596,502.95904718957536
10,1500,2,1,2,-8.764726328312669,509.89067299369344,-0.623251280782349
10,1501,2,2,3,-1.854459596569739,-2.0529514251836596,503.0423190969935
10,1502,2,1,2,-8.764726328312669,509.40279528492647,-0.623251280782349
10,1503,2,2,3,-1.854459596569739,-2.0529514251836596,503.45021907427486
10,1504,1,2,1,521.5752525774097,-1.5657700518764335,-0.5649019525675409
10,1505,0,2,1,503.87941252866256,-1.9014646570958402,-0.6663679920857718
10,1506,1,2,1,521.1536773248323,-1.5657700518764335,-0.5649019525675409
10,1507,1,2,1,520.8325236475075,-1.5657700518764335,-0.5649019525675409
10,1508,1,2,1,520.61169112386,-1.5657700518764335,-0.5649019525675409
10,1509,1,2,1,520.4910794327362,-1.5657700518764335,-0.5649019525675409
10,1510,1,2,1,520.4705883533035,-1.5657700518764335,-0.5649019525675409
10,1511,1,2,1,519.4544062511809,-1.5657700518764335,-0.5649019525675409
10,1512,2,1,2,-8.764726328312669,510.6885019753007,-0.623251280782349
10,1513,1,2,1,518.7671273216176,-1.5657700518764335,-0.5649019525675409
10,1514,2,1,2,-8.764726328312669,512.2067153891106,-0.623251280782349
10,1515,1,0,1,431.5512782598856,8.926262106749988,17.78679373987269
10,1516,1,0,1,426.1673792963222,8.926262106749988,17.78679373987269
10,1517,0,0,2,0.009317174468442126,303.2588696805669,-0.6122225467830142
10,1518,0,2,1,504.1999360993183,-1.9014646570958402,-0.6663679920857718
10,1519,2,1,2,-8.764726328312669,512.4439894550397,-0.623251280782349
10,1520,1,2,1,517.7223695455048,-1.5657700518764335,-0.5649019525675409
10,1521,2,1,2,-8.764726328312669,512.1315454655847,-0.623251280782349
10,1522,2,1,2,-8.764726328312669,511.0599626073795,-0.623251280782349
10,1523,2,2,3,-1.854459596569739,-2.0529514251836596,503.60013346497794
10,1524,2,1,2,-8.764726328312669,510.2103795596743,-0.623251280782349
10,1525,2,2,3,-1.854459596569739,-2.0529514251836596,502.996533331513
10,1526,2,2,3,-1.854459596569739,-2.0529514251836596,502.39353679818146
10,1527,2,2,3,-1.854459596569739,-2.0529514251836596,501.7911432613833
10,1528,2,2,3,-1.854459596569739,-2.0529514251836596,501.1893521181219
10,1529,2,2,3,-1.854459596569739,-2.0529514251836596,500.5881627660038
10,1530,2,2,3,-1.854459596569739,-2.0529514251836596,499.9875746032378
10,1531,2,2,3,-1.854459596569739,-2.0529514251836596,500.39964471932177
10,1532,2,1,2,-8.764726328312669,509.2289064309197,-0.623251280782349
10,1533,2,2,3,-1.854459596569739,-2.0529514251836596,501.51419483239454
10,1534,1,2,1,515.8000378793613,-1.5657700518764335,-0.5649019525675409
10,1535,2,2,3,-1.854459596569739,-2.0529514251836596,502.3269790992118
10,1536,1,2,1,514.2504050222472,-1.5657700518764335,-0.5649019525675409
10,1537,2,2,3,-1.854459596569739,-2.0529514251836596,502.9050712864931
10,1538,1,2,1,513.0129665773852,-1.5657700518764335,-0.5649019525675409
10,1539,2,2,3,-1.854459596569739,-2.0529514251836596,502.92822589450486
10,1540,2,1,2,-8.764726328312669,508.6959101513837,-0.623251280782349
10,1541,2,2,3,-1.854459596569739,-2.0529514251836596,503.32368699621554
10,1542,1,2,1,512.0407149322721,-1.5657700518764335,-0.5649019525675409
10,1543,2,2,3,-1.854459596569739,-2.0529514251836596,502.72036330921935
10,1544,2,2,3,-1.854459596569739,-2.0529514251836596,502.1176429459101
10,1545,2,2,3,-1.854459596569739,-2.0529514251836596,502.1667737563061
10,1546,2,1,2,-8.764726328312669,508.24082973811966,-0.623251280782349
10,1547,2,2,3,-1.854459596569739,-2.0529514251836596,502.1659385247493
10,1548,2,1,2,-8.764726328312669,507.9311746782579,-0.623251280782349
10,1549,2,2,3,-1.854459596569739,-2.0529514251836596,501.56377258622456
10,1550,2,2,3,-1.854459596569739,-2.0529514251836596,500.9622088136383
10,1551,2,2,3,-1.854459596569739,-2.0529514251836596,501.051174225422
10,1552,2,1,2,-8.764726328312669,516.655391973819,-0.623251280782349
10,1553,2,0,2,-1.53565384476972,501.75871044544857,-0.6300840498404277
10,1554,1,2,1,512.5855272444529,-1.5657700518764335,-0.5649019525675409
10,1555,2,1,2,-8.764726328312669,514.6939190247539,-0.623251280782349
10,1556,2,2,3,-1.854459596569739,-2.0529514251836596,501.80075478633046
10,1557,2,1,2,-8.764726328312669,514.3792251057291,-0.623251280782349
10,1558,2,1,2,-8.764726328312669,514.1648458806234,-0.623251280782349
10,1559,2,1,2,-8.764726328312669,513.8943284897618,-0.623251280782349
10,1560,1,2,1,512.9025130404941,-1.5657700518764335,-0.5649019525675409
10,1561,2,1,2,-8.764726328312669,513.7822444317945,-0.623251280782349
10,1562,1,2,1,513.2767039351924,-1.5657700518764335,-0.5649019525675409
10,1563,2,1,2,-8.764726328312669,513.8684621873628,-0.623251280782349
10,1564,2,1,2,-8.764726328312669,512.8598906924732,-0.623251280782349
10,1565,2,2,3,-1.854459596569739,-2.0529514251836596,502.3350729972815
10,1566,1,2,1,521.7648272155056,-1.5657700518764335,-0.5649019525675409
10,1567,0,2,1,503.51111471611733,-1.9014646570958402,-0.6663679920857718
10,1568,2,2,3,-1.854459596569739,-2.0529514251836596,502.7746948761082
10,1569,2,1,2,-8.764726328312669,512.1485964159606,-0.623251280782349
10,1570,2,2,3,-1.854459596569739,-2.0529514251836596,504.05194328283244
10,1571,1,2,1,519.5894868789555,-1.5657700518764335,-0.5649019525675409
10,1572,2,2,3,-1.854459596569739,-2.0529514251836596,504.2494599997293
10,1573,2,1,2,-8.764726328312669,520.5078491084639,-0.623251280782349
10,1574,2,0,2,-1.53565384476972,501.50353594087693,-0.6300840498404277
10,1575,2,2,3,-1.854459596569739,-2.0529514251836596,505.2547910614943
10,1576,2,1,2,-8.764726328312669,518.5772885127054,-0.623251280782349
10,1577,2,2,3,-1.854459596569739,-2.0529514251836596,506.06867115636146
10,1578,1,2,1,517.9313366355398,-1.5657700518764335,-0.5649019525675409
10,1579,2,2,3,-1.854459596569739,-2.0529514251836596,505.4626024852051
10,1580,2,2,3,-1.854459596569739,-2.0529514251836596,504.8571398827199
10,1581,2,2,3,-1.854459596569739,-2.0529514251836596,505.61057745720575
10,1582,2,1,2,-8.764726328312669,516.9750068296983,-0.623251280782349
10,1583,2,2,3,-1.854459596569739,-2.0529514251836596,506.2247220384036
10,1584,1,2,1,516.5544504537877,-1.5657700518764335,-0.5649019525675409
10,1585,2,2,3,-1.854459596569739,-2.0529514251836596,506.64114042948825
10,1586,1,2,1,515.4564783109282,-1.5657700518764335,-0.5649019525675409
10,1587,2,2,3,-1.854459596569739,-2.0529514251836596,507.0575520626795
10,1588,2,1,2,-8.764726328312669,515.7762038009337,-0.623251280782349
10,1589,2,2,3,-1.854459596569739,-2.0529514251836596,506.45049451061686
10,1590,2,2,3,-1.854459596569739,-2.0529514251836596,505.84404401610624
10,1591,2,2,3,-1.854459596569739,-2.0529514251836596,506.22148379078806
10,1592,2,1,2,-8.764726328312669,514.7145103161283,-0.623251280782349
10,1593,2,2,3,-1.854459596569739,-2.0529514251836596,505.61526230699724
10,1594,2,2,3,-1.854459596569739,-2.0529514251836596,505.00964704469027
10,1595,2,2,3,-1.854459596569739,-2.0529514251836596,505.43887369300313
10,1596,1,2,1,514.4492789754427,-1.5657700518764335,-0.5649019525675409
10,1597,2,2,3,-1.854459596569739,-2.0529514251836596,504.8334348193101
10,1598,2,2,3,-1.854459596569739,-2.0529514251836596,504.22860138449084
10,1599,2,2,3,-1.854459596569739,-2.0529514251836596,504.63621986461055
10,1600,1,2,1,513.5633368444949,-1.5657700518764335,-0.5649019525675409
10,1601,2,2,3,-1.854459596569739,-2.0529514251836596,504.9153682257545
10,1602,1,2,1,512.8936246143951,-1.5657700518764335,-0.5649019525675409
10,1603,2,2,3,-1.854459596569739,-2.0529514251836596,505.1003002400042
10,1604,1,2,1,512.409191876716,-1.5657700518764335,-0.5649019525675409
10,1605,2,2,3,-1.854459596569739,-2.0529514251836596,505.44700673730046
10,1606,2,1,2,-8.764726328312669,513.7823129515083,-0.623251280782349
10,1607,2,2,3,-1.854459596569739,-2.0529514251836596,504.8415597305632
10,1608,2,2,3,-1.854459596569739,-2.0529514251836596,504.2367181708326
10,1609,2,2,3,-1.854459596569739,-2.0529514251836596,503.63248145266175
10,1610,2,2,3,-1.854459596569739,-2.0529514251836596,503.0288489712091
10,1611,2,2,3,-1.854459596569739,-2.0529514251836596,502.42582012223784
10,1612,2,2,3,-1.854459596569739,-2.0529514251836596,501.8233943021156
10,1613,2,2,3,-1.854459596569739,-2.0529514251836596,502.26956486769893
10,1614,1,2,1,520.9158730459401,-1.5657700518764335,-0.5649019525675409
10,1615,0,2,1,504.7306746760537,-1.9014646570958402,-0.6663679920857718
10,1616,1,2,1,520.4949571728941,-1.5657700518764335,-0.5649019525675409
10,1617,1,2,1,518.3701483775069,-1.5657700518764335,-0.5649019525675409
10,1618,2,2,3,-1.854459596569739,-2.0529514251836596,503.26125307030225
10,1619,1,2,1,516.6559975937162,-1.5657700518764335,-0.5649019525675409
10,1620,2,2,3,-1.854459596569739,-2.0529514251836596,503.9840715250499
10,1621,1,2,1,516.2548468165438,-1.5657700518764335,-0.5649019525675409
10,1622,2,1,2,-8.764726328312669,514.1133114911953,-0.623251280782349
10,1623,1,2,1,515.0237852158693,-1.5657700518764335,-0.5649019525675409
10,1624,2,2,3,-1.854459596569739,-2.0529514251836596,504.473019108916
10,1625,1,2,1,515.1087614306534,-1.5657700518764335,-0.5649019525675409
10,1626,1,2,1,515.2936526692228,-1.5657700518764335,-0.5649019525675409
10,1627,1,2,1,515.4615052399288,-1.5657700518764335,-0.5649019525675409
10,1628,2,1,2,-8.764726328312669,514.4326693608288,-0.623251280782349
10,1629,1,2,1,518.9864386435214,-1.5657700518764335,-0.5649019525675409
10,1630,0,1,2,2.7914631950699156,461.4145543164335,3.2914969809938084
10,1631,0,2,1,505.63726463415696,-1.9014646570958402,-0.6663679920857718
10,1632,1,2,1,518.5674522048779,-1.5657700518764335,-0.5649019525675409
10,1633,1,2,1,516.8535358761728,-1.5657700518764335,-0.5649019525675409
10,1634,2,2,3,-1.854459596569739,-2.0529514251836596,505.0942172497655
10,1635,1,2,1,516.3970165552776,-1.5657700518764335,-0.5649019525675409
10,1636,2,1,2,-8.764726328312669,522.5382524828926,-0.623251280782349
10,1637,2,0,2,-1.53565384476972,501.357509854516,-0.6300840498404277
10,1638,2,2,3,-1.854459596569739,-2.0529514251836596,506.2160825205953
10,1639,2,1,2,-8.764726328312669,520.4998194041423,-0.623251280782349
10,1640,2,2,3,-1.854459596569739,-2.0529514251836596,506.61777890750824
10,1641,1,2,1,515.3124750115932,-1.5657700518764335,-0.5649019525675409
10,1642,2,2,3,-1.854459596569739,-2.0529514251836596,506.87193604290513
10,1643,1,2,1,514.4615491786815,-1.5657700518764335,-0.5649019525675409
10,1644,2,2,3,-1.854459596569739,-2.0529514251836596,507.0164358073041
10,1645,1,2,1,513.8100214057364,-1.5657700518764335,-0.5649019525675409
10,1646,2,2,3,-1.854459596569739,-2.0529514251836596,506.4094193714968
10,1647,2,2,3,-1.854459596569739,-2.0529514251836596,505.8030099521253
10,1648,2,2,3,-1.854459596569739,-2.0529514251836596,506.65219107792285
10,1649,2,1,2,-8.764726328312669,518.8084043804424,-0.623251280782349
10,1650,2,2,3,-1.854459596569739,-2.0529514251836596,506.04553888684495
10,1651,2,2,3,-1.854459596569739,-2.0529514251836596,505.4394933479581
10,1652,2,2,3,-1.854459596569739,-2.0529514251836596,506.1575760468261
10,1653,2,1,2,-8.764726328312669,517.337163971034,-0.623251280782349
10,1654,2,2,3,-1.854459596569739,-2.0529514251836596,506.30901056131137
10,1655,1,2,1,513.2536113107326,-1.5657700518764335,-0.5649019525675409
10,1656,2,2,3,-1.854459596569739,-2.0529514251836596,505.7027015507501
10,1657,2,2,3,-1.854459596569739,-2.0529514251836596,505.09699884919934
10,1658,2,2,3,-1.854459596569739,-2.0529514251836596,505.70367819741176
10,1659,2,1,2,-8.764726328312669,516.0681117154744,-0.623251280782349
10,1660,2,2,3,-1.854459596569739,-2.0529514251836596,505.09797451921435
10,1661,2,2,3,-1.854459596569739,-2.0529514251836596,504.49287654469515
10,1662,2,2,3,-1.854459596569739,-2.0529514251836596,503.8883836681505
10,1663,2,2,3,-1.854459596569739,-2.0529514251836596,503.2844952844823
10,1664,2,2,3,-1.854459596569739,-2.0529514251836596,503.94678881586606
10,1665,2,1,2,-8.764726328312669,514.8520326366977,-0.623251280782349
10,1666,2,2,3,-1.854459596569739,-2.0529514251836596,503.3428420270502
10,1667,2,2,3,-1.854459596569739,-2.0529514251836596,502.73949918502313
10,1668,2,2,3,-1.854459596569739,-2.0529514251836596,502.1367596858381
10,1669,2,2,3,-1.854459596569739,-2.0529514251836596,501.5346229261523
10,1670,2,2,3,-1.854459596569739,-2.0529514251836596,500.9330883032261
10,1671,2,2,3,-1.854459596569739,-2.0529514251836596,500.33215521492286
10,1672,2,2,3,-1.854459596569739,-2.0529514251836596,501.0110472131931
10,1673,1,2,1,512.3283438537654,-1.5657700518764335,-0.5649019525675409
10,1674,2,2,3,-1.854459596569739,-2.0529514251836596,501.78029372290683
10,1675,2,1,2,-8.764726328312669,513.6430784515957,-0.623251280782349
10,1676,2,2,3,-1.854459596569739,-2.0529514251836596,502.35292911732415
10,1677,2,1,2,-8.764726328312669,512.7117105890512,-0.623251280782349
10,1678,2,2,3,-1.854459596569739,-2.0529514251836596,502.7381422471145
10,1679,1,2,1,521.0535986671705,-1.5657700518764335,-0.5649019525675409
10,1680,0,2,1,504.8446142532056,-1.9014646570958402,-0.6663679920857718
10,1681,2,2,3,-1.854459596569739,-2.0529514251836596,503.94863429045296
10,1682,1,2,1,519.8066981487696,-1.5657700518764335,-0.5649019525675409
10,1683,2,1,2,-8.764726328312669,513.7014026468743,-0.623251280782349
10,1684,1,2,1,519.4868914506208,-1.5657700518764335,-0.5649019525675409
10,1685,1,2,1,519.2674045591701,-1.5657700518764335,-0.5649019525675409
10,1686,1,2,1,518.5971029652936,-1.5657700518764335,-0.5649019525675409
10,1687,2,1,2,-8.764726328312669,514.4218329325228,-0.623251280782349
10,1688,1,0,1,433.6850348422871,8.926262106749988,17.78679373987269
10,1689,2,0,2,-1.53565384476972,502.5628720626285,-0.6300840498404277
10,1690,1,2,1,518.6785058623284,-1.5657700518764335,-0.5649019525675409
10,1691,1,2,1,518.8598273564661,-1.5657700518764335,-0.5649019525675409
10,1692,1,2,1,518.7016060811393,-1.5657700518764335,-0.5649019525675409
10,1693,2,1,2,-8.764726328312669,514.4311086413032,-0.623251280782349
10,1694,1,2,1,526.7110622840927,-1.5657700518764335,-0.5649019525675409
10,1695,0,2,1,506.5045479940102,-1.9014646570958402,-0.6663679920857718
10,1696,1,2,1,526.2843512218086,-1.5657700518764335,-0.5649019525675409
10,1697,1,2,1,524.7845958551168,-1.5657700518764335,-0.5649019525675409
10,1698,2,1,2,-8.764726328312669,515.1416727668295,-0.623251280782349
10,1699,1,2,1,523.6051618735212,-1.5657700518764335,-0.5649019525675409
10,1700,2,1,2,-8.764726328312669,515.7644165156252,-0.623251280782349
10,1701,1,2,1,523.4815567116476,-1.5657700518764335,-0.5649019525675409
10,1702,1,2,1,522.6940782755297,-1.5657700518764335,-0.5649019525675409
10,1703,2,1,2,-8.764726328312669,515.6486520991095,-0.623251280782349
10,1704,2,1,2,-8.764726328312669,514.4747016839534,-0.623251280782349
10,1705,2,2,3,-1.854459596569739,-2.0529514251836596,503.3446856561625
10,1706,2,2,3,-1.854459596569739,-2.0529514251836596,502.7413409705063
10,1707,2,2,3,-1.854459596569739,-2.0529514251836596,502.1385996295358
10,1708,2,2,3,-1.854459596569739,-2.0529514251836596,501.53646102990626
10,1709,2,2,3,-1.854459596569739,-2.0529514251836596,503.0295286761931
10,1710,1,2,1,520.8245937869199,-1.5657700518764335,-0.5649019525675409
10,1711,2,2,3,-1.854459596569739,-2.0529514251836596,504.18821059347886
10,1712,1,2,1,519.3567672569823,-1.5657700518764335,-0.5649019525675409
10,1713,2,2,3,-1.854459596569739,-2.0529514251836596,505.0857094925722
10,1714,1,2,1,518.2245757710486,-1.5657700518764335,-0.5649019525675409
10,1715,2,2,3,-1.854459596569739,-2.0529514251836596,505.78137154464883
10,1716,1,2,1,526.4460684453508,-1.5657700518764335,-0.5649019525675409
10,1717,0,2,1,506.7870886613206,-1.9014646570958402,-0.6663679920857718
10,1718,2,1,2,-8.764726328312669,515.7453922916478,-0.623251280782349
10,1719,1,2,1,523.9738173837359,-1.5657700518764335,-0.5649019525675409
10,1720,2,2,3,-1.854459596569739,-2.0529514251836596,506.9766423111738
10,1721,1,2,1,521.9671232341685,-1.5657700518764335,-0.5649019525675409
10,1722,2,2,3,-1.854459596569739,-2.0529514251836596,506.36966566886264
10,1723,2,2,3,-1.854459596569739,-2.0529514251836596,507.30744430215907
10,1724,1,2,1,520.2938478966654,-1.5657700518764335,-0.5649019525675409
10,1725,2,2,3,-1.854459596569739,-2.0529514251836596,506.70013685785693
10,1726,2,2,3,-1.854459596569739,-2.0529514251836596,506.0934367209991
10,1727,2,2,3,-1.854459596569739,-2.0529514251836596,506.4428868857723
10,1728,2,1,2,-8.764726328312669,515.0086988641744,-0.623251280782349
10,1729,2,2,3,-1.854459596569739,-2.0529514251836596,505.8364439988865
10,1730,2,2,3,-1.854459596569739,-2.0529514251836596,505.2306075548876
10,1731,2,2,3,-1.854459596569739,-2.0529514251836596,504.6253769473327
10,1732,2,2,3,-1.854459596569739,-2.0529514251836596,504.02075157038536
10,1733,2,2,3,-1.854459596569739,-2.0529514251836596,505.0277673551167
10,1734,1,2,1,518.6622120751554,-1.5657700518764335,-0.5649019525675409
10,1735,2,2,3,-1.854459596569739,-2.0529514251836596,505.7725496150454
10,1736,1,2,1,517.3674732795293,-1.5657700518764335,-0.5649019525675409
10,1737,2,2,3,-1.854459596569739,-2.0529514251836596,506.08115584109413
10,1738,2,1,2,-8.764726328312669,514.4098634060254,-0.623251280782349
10,1739,2,2,3,-1.854459596569739,-2.0529514251836596,506.2996167341812
10,1740,2,1,2,-8.764726328312669,522.622601399623,-0.623251280782349
10,1741,2,0,2,-1.53565384476972,504.04622239492835,-0.6300840498404277
10,1742,2,1,2,-8.764726328312669,522.1999787982234,-0.623251280782349
10,1743,2,1,2,-8.764726328312669,521.3993607730745,-0.623251280782349
10,1744,1,2,1,517.8492626681108,-1.5657700518764335,-0.5649019525675409
10,1745,2,1,2,-8.764726328312669,519.683086752451,-0.623251280782349
10,1746,2,2,3,-1.854459596569739,-2.0529514251836596,507.0182806492557
10,1747,2,1,2,-8.764726328312669,519.3818550813489,-0.623251280782349
10,1748,1,2,1,518.1831400543532,-1.5657700518764335,-0.5649019525675409
10,1749,2,1,2,-8.764726328312669,518.1384793574904,-0.623251280782349
10,1750,2,2,3,-1.854459596569739,-2.0529514251836596,506.41126236860646
10,1751,2,2,3,-1.854459596569739,-2.0529514251836596,506.97026699712677
10,1752,1,2,1,517.3548824816335,-1.5657700518764335,-0.5649019525675409
10,1753,2,2,3,-1.854459596569739,-2.0529514251836596,507.3913736630958
10,1754,1,2,1,525.6913160109409,-1.5657700518764335,-0.5649019525675409
10,1755,0,2,1,506.340125787835,-1.9014646570958402,-0.6663679920857718
10,1756,2,2,3,-1.854459596569739,-2.0529514251836596,508.5956765818694
10,1757,1,2,1,523.5731563914519,-1.5657700518764335,-0.5649019525675409
10,1758,2,2,3,-1.854459596569739,-2.0529514251836596,507.9870809052875
10,1759,2,2,3,-1.854459596569739,-2.0529514251836596,508.3840822711503
10,1760,2,1,2,-8.764726328312669,517.2546555665853,-0.623251280782349
10,1761,2,2,3,-1.854459596569739,-2.0529514251836596,508.65388494512723
10,1762,2,1,2,-8.764726328312669,516.5859246194943,-0.623251280782349
10,1763,2,2,3,-1.854459596569739,-2.0529514251836596,508.0452310601821
10,1764,2,2,3,-1.854459596569739,-2.0529514251836596,507.4371858291219
10,1765,2,2,3,-1.854459596569739,-2.0529514251836596,507.73547378353965
10,1766,2,1,2,-8.764726328312669,515.9931440621153,-0.623251280782349
10,1767,2,2,3,-1.854459596569739,-2.0529514251836596,508.6956688879394
10,1768,1,2,1,521.7767119722128,-1.5657700518764335,-0.5649019525675409
10,1769,2,2,3,-1.854459596569739,-2.0529514251836596,509.3819964843945
10,1770,1,2,1,520.3278584269465,-1.5657700518764335,-0.5649019525675409
10,1771,2,2,3,-1.854459596569739,-2.0529514251836596,509.8562548202228
10,1772,1,2,1,519.1708418114539,-1.5657700518764335,-0.5649019525675409
10,1773,2,2,3,-1.854459596569739,-2.0529514251836596,509.24639856540256
10,1774,2,2,3,-1.854459596569739,-2.0529514251836596,508.63715216683715
10,1775,2,2,3,-1.854459596569739,-2.0529514251836596,508.02851501467035
10,1776,2,2,3,-1.854459596569739,-2.0529514251836596,507.4204864996557
10,1777,2,2,3,-1.854459596569739,-2.0529514251836596,507.97635118902406
10,1778,1,2,1,518.0434163980219,-1.5657700518764335,-0.5649019525675409
10,1779,2,2,3,-1.854459596569739,-2.0529514251836596,507.36837483783506
10,1780,2,2,3,-1.854459596569739,-2.0529514251836596,506.7610064629972
10,1781,2,2,3,-1.854459596569739,-2.0529514251836596,506.1542454565342
10,1782,2,2,3,-1.854459596569739,-2.0529514251836596,505.5480912110777
10,1783,2,2,3,-1.854459596569739,-2.0529514251836596,505.97660335211935
10,1784,2,1,2,-8.764726328312669,524.1944056730017,-0.623251280782349
10,1785,2,0,2,-1.53565384476972,505.53684631706267,-0.6300840498404277
10,1786,2,1,2,-8.764726328312669,523.7702112673287,-0.623251280782349
10,1787,2,1,2,-8.764726328312669,521.6848738724557,-0.623251280782349
10,1788,2,2,3,-1.854459596569739,-2.0529514251836596,506.92574553028055
10,1789,2,1,2,-8.764726328312669,521.4631889985832,-0.623251280782349
10,1790,2,1,2,-8.764726328312669,521.3417258095845,-0.623251280782349
10,1791,2,1,2,-8.764726328312669,519.8932020361239,-0.623251280782349
10,1792,2,2,3,-1.854459596569739,-2.0529514251836596,507.6025979788288
10,1793,2,1,2,-8.764726328312669,519.7901800559157,-0.623251280782349
10,1794,1,2,1,518.2983025837553,-1.5657700518764335,-0.5649019525675409
10,1795,2,1,2,-8.764726328312669,518.7638192502282,-0.623251280782349
10,1796,2,2,3,-1.854459596569739,-2.0529514251836596,508.0999562867185
10,1797,2,1,2,-8.764726328312669,517.9893329975905,-0.623251280782349
10,1798,2,2,3,-1.854459596569739,-2.0529514251836596,507.4918563304318
10,1799,2,2,3,-1.854459596569739,-2.0529514251836596,507.9542026531804
10,1800,1,2,1,517.4559383880446,-1.5657700518764335,-0.5649019525675409
10,1801,2,2,3,-1.854459596569739,-2.0529514251836596,508.2869202882788
10,1802,1,2,1,516.8307496577797,-1.5657700518764335,-0.5649019525675409
10,1803,2,2,3,-1.854459596569739,-2.0529514251836596,508.6391722262124
10,1804,2,1,2,-8.764726328312669,526.1385474832207,-0.623251280782349
10,1805,2,0,2,-1.53565384476972,507.07087788619526,-0.6300840498404277
10,1806,2,1,2,-8.764726328312669,525.7124089357375,-0.623251280782349
10,1807,2,1,2,-8.764726328312669,523.6964460925587,-0.623251280782349
10,1808,2,2,3,-1.854459596569739,-2.0529514251836596,509.52120316675445
10,1809,2,1,2,-8.764726328312669,523.4727496464661,-0.623251280782349
10,1810,2,1,2,-8.764726328312669,523.3492768968197,-0.623251280782349
10,1811,2,1,2,-8.764726328312669,523.3259276199228,-0.623251280782349
10,1812,2,1,2,-8.764726328312669,522.0359339714392,-0.623251280782349
10,1813,2,2,3,-1.854459596569739,-2.0529514251836596,509.6353270661992
10,1814,1,2,1,525.1753471449974,-1.5657700518764335,-0.5649019525675409
10,1815,0,2,1,507.69847257640623,-1.9014646570958402,-0.6663679920857718
10,1816,1,2,1,524.4393698936701,-1.5657700518764335,-0.5649019525675409
10,1817,2,1,2,-8.764726328312669,520.986237953849,-0.623251280782349
10,1818,2,2,3,-1.854459596569739,-2.0529514251836596,509.025691739133
10,1819,2,2,3,-1.854459596569739,-2.0529514251836596,508.41666604739385
10,1820,2,2,3,-1.854459596569739,-2.0529514251836596,509.3944970621278
10,1821,1,2,1,522.6254881134538,-1.5657700518764335,-0.5649019525675409
10,1822,2,2,3,-1.854459596569739,-2.0529514251836596,509.93268491334607
10,1823,2,1,2,-8.764726328312669,520.1709499648854,-0.623251280782349
10,1824,2,2,3,-1.854459596569739,-2.0529514251836596,509.3227522284327
10,1825,2,2,3,-1.854459596569739,-2.0529514251836596,508.7134294762043
10,1826,2,2,3,-1.854459596569739,-2.0529514251836596,508.1047160467281
10,1827,2,2,3,-1.854459596569739,-2.0529514251836596,507.49661133068133
10,1828,2,2,3,-1.854459596569739,-2.0529514251836596,508.14387424413684
10,1829,2,1,2,-8.764726328312669,528.2538718791302,-0.623251280782349
10,1830,2,0,2,-1.53565384476972,508.6609234136096,-0.6300840498404277
10,1831,2,1,2,-8.764726328312669,527.825618007251,-0.623251280782349
10,1832,2,1,2,-8.764726328312669,527.4977923892437,-0.623251280782349
10,1833,2,1,2,-8.764726328312669,527.2702945968545,-0.623251280782349
10,1834,2,1,2,-8.764726328312669,526.683188460401,-0.623251280782349
10,1835,1,2,1,522.8045749596881,-1.5657700518764335,-0.5649019525675409
10,1836,2,1,2,-8.764726328312669,526.6565052719405,-0.623251280782349
10,1837,2,1,2,-8.764726328312669,524.8970982949161,-0.623251280782349
10,1838,2,2,3,-1.854459596569739,-2.0529514251836596,508.9871397407323
10,1839,1,2,1,521.3138442980518,-1.5657700518764335,-0.5649019525675409
10,1840,2,2,3,-1.854459596569739,-2.0529514251836596,509.95323849785575
10,1841,2,1,2,-8.764726328312669,523.5927590767122,-0.623251280782349
10,1842,2,2,3,-1.854459596569739,-2.0529514251836596,510.6935977966647
10,1843,2,1,2,-8.764726328312669,522.5921493509109,-0.623251280782349
10,1844,2,2,3,-1.854459596569739,-2.0529514251836596,511.26086080273836
10,1845,2,1,2,-8.764726328312669,530.5903658337671,-0.623251280782349
10,1846,2,0,2,-1.53565384476972,508.4096562917198,-0.6300840498404277
10,1847,2,2,3,-1.854459596569739,-2.0529514251836596,512.5632209400075
10,1848,2,1,2,-8.764726328312669,528.3750881234512,-0.623251280782349
10,1849,2,2,3,-1.854459596569739,-2.0529514251836596,513.5160325702284
10,1850,2,1,2,-8.764726328312669,526.5756665355586,-0.623251280782349
10,1851,2,2,3,-1.854459596569739,-2.0529514251836596,513.6744998987127
10,1852,1,2,1,520.5362353582192,-1.5657700518764335,-0.5649019525675409
10,1853,2,2,3,-1.854459596569739,-2.0529514251836596,513.7401372093052
10,1854,1,2,1,519.9428854061184,-1.5657700518764335,-0.5649019525675409
10,1855,2,2,3,-1.854459596569739,-2.0529514251836596,513.1263970720959
10,1856,2,2,3,-1.854459596569739,-2.0529514251836596,512.5132706750238
10,1857,2,2,3,-1.854459596569739,-2.0529514251836596,513.2929345945417
10,1858,2,1,2,-8.764726328312669,525.0341004068624,-0.623251280782349
10,1859,2,2,3,-1.854459596569739,-2.0529514251836596,513.8420170753669
10,1860,2,1,2,-8.764726328312669,523.8010500566375,-0.623251280782349
10,1861,2,2,3,-1.854459596569739,-2.0529514251836596,513.2281750582915
10,1862,2,2,3,-1.854459596569739,-2.0529514251836596,512.6149468832332
10,1863,2,2,3,-1.854459596569739,-2.0529514251836596,512.7277978501156
10,1864,1,2,1,519.408648852668,-1.5657700518764335,-0.5649019525675409
10,1865,2,2,3,-1.854459596569739,-2.0529514251836596,513.2113220207111
10,1866,2,1,2,-8.764726328312669,522.7288659310241,-0.623251280782349
10,1867,2,2,3,-1.854459596569739,-2.0529514251836596,513.5403475458114
10,1868,2,1,2,-8.764726328312669,521.896473744957,-0.623251280782349
10,1869,2,2,3,-1.854459596569739,-2.0529514251836596,513.5077690276444
10,1870,1,2,1,519.105053101138,-1.5657700518764335,-0.5649019525675409
10,1871,2,2,3,-1.854459596569739,-2.0529514251836596,513.7247430256307
10,1872,2,1,2,-8.764726328312669,521.2655759299987,-0.623251280782349
10,1873,2,2,3,-1.854459596569739,-2.0529514251836596,513.8575607401375
10,1874,2,1,2,-8.764726328312669,520.8109168502724,-0.623251280782349
10,1875,2,2,3,-1.854459596569739,-2.0529514251836596,513.9320854343007
10,1876,2,1,2,-8.764726328312669,528.9623811381255,-0.623251280782349
10,1877,2,0,2,-1.53565384476972,509.93596639522224,-0.6300840498404277
10,1878,2,1,2,-8.764726328312669,528.5334187569873,-0.623251280782349
10,1879,2,1,2,-8.764726328312669,528.2048853382303,-0.623251280782349
10,1880,2,1,2,-8.764726328312669,527.9766804528921,-0.623251280782349
10,1881,2,1,2,-8.764726328312669,526.9704126646155,-0.623251280782349
10,1882,1,2,1,527.3566965760883,-1.5657700518764335,-0.5649019525675409
10,1883,0,2,1,509.09869617256254,-1.9014646570958402,-0.6663679920857718
10,1884,2,1,2,-8.764726328312669,526.9816843591867,-0.623251280782349
10,1885,1,2,1,525.6003033764753,-1.5657700518764335,-0.5649019525675409
10,1886,2,2,3,-1.854459596569739,-2.0529514251836596,514.4733069251416
10,1887,1,2,1,524.1731304244167,-1.5657700518764335,-0.5649019525675409
10,1888,2,2,3,-1.854459596569739,-2.0529514251836596,514.8191161446447
10,1889,1,2,1,523.022909880295,-1.5657700518764335,-0.5649019525675409
10,1890,2,2,3,-1.854459596569739,-2.0529514251836596,515.0164726083294
10,1891,1,2,1,522.1072496804901,-1.5657700518764335,-0.5649019525675409
10,1892,2,2,3,-1.854459596569739,-2.0529514251836596,514.4014561357211
10,1893,2,2,3,-1.854459596569739,-2.0529514251836596,513.7870546795854
10,1894,2,2,3,-1.854459596569739,-2.0529514251836596,514.4795359631863
10,1895,2,1,2,-8.764726328312669,525.8169899836234,-0.623251280782349
10,1896,2,2,3,-1.854459596569739,-2.0529514251836596,514.6202000852362
10,1897,1,2,1,521.3439245208795,-1.5657700518764335,-0.5649019525675409
10,1898,2,2,3,-1.854459596569739,-2.0529514251836596,514.005579885151
10,1899,2,2,3,-1.854459596569739,-2.0529514251836596,513.3915743052657
10,1900,2,2,3,-1.854459596569739,-2.0529514251836596,513.5654654023062
10,1901,1,2,1,520.6525131436198,-1.5657700518764335,-0.5649019525675409
10,1902,2,2,3,-1.854459596569739,-2.0529514251836596,513.653517663294
10,1903,1,2,1,520.1389600779239,-1.5657700518764335,-0.5649019525675409
10,1904,2,2,3,-1.854459596569739,-2.0529514251836596,514.2440479053433
10,1905,2,1,2,-8.764726328312669,524.8454517278901,-0.623251280782349
10,1906,2,2,3,-1.854459596569739,-2.0529514251836596,513.629803857438
10,1907,2,2,3,-1.854459596569739,-2.0529514251836596,513.0161740535806
10,1908,2,2,3,-1.854459596569739,-2.0529514251836596,513.108313695937
10,1909,1,2,1,519.7227871260293,-1.5657700518764335,-0.5649019525675409
10,1910,2,2,3,-1.854459596569739,-2.0529514251836596,512.495205382241
10,1911,2,2,3,-1.854459596569739,-2.0529514251836596,511.8827101768588
10,1912,2,2,3,-1.854459596569739,-2.0529514251836596,511.2708274666819
10,1913,2,2,3,-1.854459596569739,-2.0529514251836596,510.6595566392152
10,1914,2,2,3,-1.854459596569739,-2.0529514251836596,510.9461569007706
10,1915,1,2,1,528.05127933451,-1.5657700518764335,-0.5649019525675409
10,1916,0,2,1,510.1485262763674,-1.9014646570958402,-0.6663679920857718
10,1917,2,1,2,-8.764726328312669,525.4379832092176,-0.623251280782349
10,1918,1,2,1,525.9298209342353,-1.5657700518764335,-0.5649019525675409
10,1919,2,2,3,-1.854459596569739,-2.0529514251836596,511.81859348318284
10,1920,1,2,1,525.6038911133011,-1.5657700518764335,-0.5649019525675409
10,1921,1,2,1,525.3782872221877,-1.5657700518764335,-0.5649019525675409
10,1922,1,2,1,525.2529089349655,-1.5657700518764335,-0.5649019525675409
10,1923,1,2,1,525.2276560260306,-1.5657700518764335,-0.5649019525675409
10,1924,1,2,1,525.3024283700046,-1.5657700518764335,-0.5649019525675409
10,1925,1,2,1,525.4771259416345,-1.5657700518764335,-0.5649019525675409
10,1926,1,2,1,524.3994541023062,-1.5657700518764335,-0.5649019525675409
10,1927,2,2,3,-1.854459596569739,-2.0529514251836596,511.20677488969966
10,1928,2,2,3,-1.854459596569739,-2.0529514251836596,512.0044577384423
10,1929,2,1,2,-8.764726328312669,533.3778455614229,-0.623251280782349
