episode,step,b1,b2,action,q1,q2,q3
1,1,0,0,2,0.0,0.0,0.0
1,2,0,1,3,0.0,0.0,-0.1
1,3,0,2,2,0.0,-0.2,0.0
1,4,0,0,2,0.0,0.0,0.0
1,5,0,2,3,0.0,-0.2,-0.1
1,6,0,1,2,0.0,0.1,-0.1
1,7,0,1,1,0.0,0.1,-0.1
1,8,2,2,1,-0.19010000000000002,-0.19010000000000002,0.0
1,9,0,1,2,0.0,0.29000000000000004,-0.1
1,10,0,2,2,0.0,-0.8800000000000001,-0.1
1,11,0,0,1,0.0,0.0,0.0
1,12,2,0,1,-0.9920000000000001,0.0,-0.1
1,13,0,0,3,0.0,0.0,-0.1
1,14,0,0,3,0.0,0.0,-0.19
1,15,0,0,3,0.0,0.0,-0.271
1,16,0,0,1,0.0,0.0,-0.271
1,17,2,0,2,-0.9920000000000001,0.0,-0.1
1,18,1,2,2,0.0,-0.2,0.0
1,19,2,0,3,-0.9920000000000001,0.0,-0.16129000000000002
1,20,1,0,2,0.29000000000000004,0.0,-0.1
1,21,2,2,2,-0.37109000000000003,-0.37109000000000003,0.0
1,22,2,0,3,-0.9920000000000001,0.0,-0.24516100000000002
1,23,2,0,2,-0.9920000000000001,0.0,-0.24516100000000002
1,24,2,2,1,-0.533981,-0.533981,0.0
1,25,0,2,1,0.0,-0.9920000000000001,-0.24516100000000002
1,26,2,2,3,-0.533981,-0.533981,-0.1
1,27,2,2,3,-0.533981,-0.533981,-0.19
1,28,2,1,3,-0.2,0.0,-0.1
1,29,1,2,1,0.1,-0.2,-0.1
1,30,2,1,2,-0.2,0.1801,-0.1
1,31,2,2,3,-0.533981,-0.533981,-0.2531701
1,32,2,1,1,-0.5800000000000001,0.1801,-0.1
1,33,0,2,1,-0.025063839900000003,-0.9920000000000001,-0.24516100000000002
1,34,2,2,3,-0.533981,-0.533981,-0.31002319
1,35,2,1,1,-0.7244813201501,0.1801,-0.1
1,36,0,2,1,-0.00472755591,-0.9920000000000001,-0.24516100000000002
1,37,2,1,3,-0.7244813201501,0.1801,-0.1721701
1,38,2,1,3,-0.7244813201501,0.1801,-0.28564538581
1,39,2,2,3,-0.533981,-0.533981,-0.36207306100000003
1,40,1,2,1,0.2719009,-0.7244813201501,-0.28643926681
1,41,2,1,2,-0.7244813201501,0.48871918091090005,-0.28564538581
1,42,2,1,2,-0.7244813201501,0.7040020297808101,-0.28564538581
1,43,2,2,3,-0.533981,-0.533981,-0.461710987939
1,44,2,2,3,-0.533981,-0.533981,-0.561249276951061
1,45,2,2,1,-0.8810509280350901,-0.8811382549450901,-0.561249276951061
1,46,0,2,1,-0.05981847873715505,-0.9920000000000001,-0.24516100000000002
1,47,2,2,3,-0.8810509280350901,-0.8811382549450901,-0.66068802767411
1,48,2,2,3,-0.8810509280350901,-0.8811382549450901,-0.6249230239583987
1,49,2,1,2,-0.7244813201501,1.1017752925516782,-0.28564538581
1,50,1,2,1,1.0540837007767832,-0.7244813201501,-0.28643926681
1,51,2,2,3,-0.8810509280350901,-0.8811382549450901,-0.5580764351856573
1,52,1,2,1,1.2530296170760065,-0.7244813201501,-0.28643926681
1,53,1,2,1,1.5493680200689355,-0.7244813201501,-0.28643926681
1,54,2,1,2,-0.7244813201501,2.056683653942937,-0.28564538581
1,55,1,2,1,2.495944856902591,-0.7244813201501,-0.28643926681
1,56,1,2,1,2.993448912045688,-0.7244813201501,-0.28643926681
1,57,1,2,1,3.2388544537577393,-0.7244813201501,-0.28643926681
1,58,2,2,3,-0.8810509280350901,-0.8811382549450901,-0.2816222007450754
1,59,1,2,1,3.587088410508203,-0.7244813201501,-0.28643926681
1,60,2,2,3,-0.8810509280350901,-0.8811382549450901,-0.0016481960764724302
1,61,2,1,2,-0.7244813201501,4.150100735449508,-0.28564538581
1,62,2,1,2,-0.7244813201501,4.434927490492986,-0.28564538581
1,63,2,2,3,-0.8810509280350901,-0.8811382549450901,-0.10164654788039595
1,64,2,2,3,-0.8810509280350901,-0.8811382549450901,0.2505519207368027
1,65,1,2,1,5.260523030457878,-0.7244813201501,-0.28643926681
1,66,1,2,1,14.628548698017113,-0.7244813201501,-0.28643926681
1,67,0,2,1,1.3917061947622986,-0.9920000000000001,-0.24516100000000002
1,68,2,1,2,-0.7244813201501,15.389524735883132,-0.28564538581
1,69,1,2,1,15.563894048213479,-0.7244813201501,-0.28643926681
1,70,2,1,2,-0.7244813201501,23.870967995761156,-0.28564538581
1,71,1,0,2,0.29000000000000004,0.02480464015294347,-0.1
1,72,2,2,3,-0.8810509280350901,-0.8811382549450901,0.15030136881606593
1,73,2,2,3,-0.8810509280350901,-0.8811382549450901,0.03527123193445933
1,74,1,1,3,0.0,0.0,-0.09650814803848853
1,75,2,2,3,-0.8810509280350901,-0.8811382549450901,-0.0682558912589866
1,76,1,1,1,0.19324266676536034,0.19324266676536034,-0.09650814803848853
1,77,2,2,3,-0.8810509280350901,-0.8811382549450901,-0.14229927812331727
1,78,1,1,2,0.3029302930745852,0.29304942409859497,-0.09650814803848853
1,79,1,1,2,0.45854963523291825,0.4496568531545271,-0.09650814803848853
1,80,2,2,3,-0.8810509280350901,-0.8811382549450901,-0.242156978845194
1,81,2,2,3,-0.8810509280350901,-0.8811382549450901,-0.3419148218663488
1,82,2,2,3,-0.8810509280350901,-0.8811382549450901,-0.44157290704448243
1,83,2,2,3,-0.8810509280350901,-0.8811382549450901,-0.4520192024519753
1,84,1,1,3,0.45854963523291825,0.4496568531545271,-0.23160723427738522
1,85,2,2,3,-0.8810509280350901,-0.8811382549450901,-0.46142086831871887
1,86,1,1,3,0.45854963523291825,0.4496568531545271,-0.3541271768131999
1,87,2,2,3,-0.8810509280350901,-0.8811382549450901,-0.4698823675987881
1,88,1,1,1,0.6661763173173464,0.6581728134467943,-0.3541271768131999
1,89,2,2,3,-0.8810509280350901,-0.8811382549450901,-0.456942675424492
1,90,1,1,1,0.954321360718587,0.9471182072350902,-0.3541271768131999
1,91,2,2,3,-0.8810509280350901,-0.8811382549450901,-0.4167705931709027
1,92,1,1,1,1.317628935922809,1.311146097787662,-0.3541271768131999
1,93,2,2,3,-0.8810509280350901,-0.8811382549450901,-0.34464826919745434
1,94,1,1,1,1.75174586367998,1.7459113093583476,-0.3541271768131999
1,95,2,2,3,-0.8810509280350901,-0.8811382549450901,-0.23676060177339087
1,96,1,1,1,2.2531319777364165,2.247880878846947,-0.3541271768131999
1,97,2,2,3,-0.8810509280350901,-0.8811382549450901,-0.09002447580014653
1,98,1,1,1,2.8189063568585606,2.8141803678580377,-0.3541271768131999
1,99,2,2,3,-0.8810509280350901,-0.8811382549450901,-0.1899344513243464
1,100,2,2,3,-0.8810509280350901,-0.8811382549450901,-0.28974451687302205
1,101,2,2,3,-0.8810509280350901,-0.8811382549450901,-0.389454772356149
1,102,2,2,3,-0.8810509280350901,-0.8811382549450901,-0.48906531758379285
1,103,2,2,3,-0.8810509280350901,-0.8811382549450901,-0.26108705649641606
1,104,1,1,1,12.574794634454172,12.57073617560892,-0.3541271768131999
1,105,0,2,1,3.6222208249818895,-0.9920000000000001,-0.24516100000000002
1,106,1,2,1,21.616745560459773,-0.7244813201501,-0.28643926681
1,107,2,2,3,-0.8810509280350901,-0.8811382549450901,1.805079459638743
1,108,1,2,1,21.789315338595394,-0.7244813201501,-0.28643926681
1,109,2,1,2,-0.7244813201501,20.062129961022524,-0.28564538581
1,110,2,2,3,-0.8810509280350901,-0.8811382549450901,3.5107223798160985
1,111,2,1,2,-0.7244813201501,18.803478480522067,-0.28564538581
1,112,2,2,3,-0.8810509280350901,-0.8811382549450901,4.923596354286558
1,113,1,2,1,17.732401606820456,-0.7244813201501,-0.28643926681
1,114,2,2,3,-0.8810509280350901,-0.8811382549450901,6.084582819340781
1,115,2,1,2,-0.7244813201501,17.041883703504542,-0.28564538581
1,116,2,2,3,-0.8810509280350901,-0.8811382549450901,7.063271024053653
1,117,2,1,2,-0.7244813201501,17.624841819801038,-0.28564538581
1,118,2,1,2,-0.7244813201501,17.261621469202247,-0.28564538581
1,119,2,2,3,-0.8810509280350901,-0.8811382549450901,6.956207753029599
1,120,2,2,3,-0.8810509280350901,-0.8811382549450901,6.849251545276569
1,121,2,2,3,-0.8810509280350901,-0.8811382549450901,7.773226916199935
1,122,2,1,2,-0.7244813201501,17.105008786985817,-0.28564538581
1,123,2,2,3,-0.8810509280350901,-0.8811382549450901,7.665453689283735
1,124,2,2,3,-0.8810509280350901,-0.8811382549450901,8.493878463531665
1,125,1,2,1,16.649713451310568,-0.7244813201501,-0.28643926681
1,126,2,2,3,-0.8810509280350901,-0.8811382549450901,8.385384585068133
1,127,2,2,3,-0.8810509280350901,-0.8811382549450901,8.276999200483065
1,128,2,2,3,-0.8810509280350901,-0.8811382549450901,8.168722201282582
1,129,2,2,3,-0.8810509280350901,-0.8811382549450901,8.90017161283407
1,130,1,2,1,16.365859095850084,-0.7244813201501,-0.28643926681
1,131,2,2,3,-0.8810509280350901,-0.8811382549450901,9.530374502039821
1,132,1,2,1,16.272780261967018,-0.7244813201501,-0.28643926681
1,133,2,2,3,-0.8810509280350901,-0.8811382549450901,9.420844127537782
1,134,2,2,3,-0.8810509280350901,-0.8811382549450901,9.311423283410244
1,135,2,2,3,-0.8810509280350901,-0.8811382549450901,9.891286201003954
1,136,1,2,1,16.324739569669706,-0.7244813201501,-0.28643926681
1,137,2,2,3,-0.8810509280350901,-0.8811382549450901,10.41830679830086
1,138,1,2,1,16.523677985734523,-0.7244813201501,-0.28643926681
1,139,2,2,3,-0.8810509280350901,-0.8811382549450901,10.307888491502558
1,140,2,2,3,-0.8810509280350901,-0.8811382549450901,10.197580603011055
1,141,2,2,3,-0.8810509280350901,-0.8811382549450901,10.087383022408044
1,142,2,2,3,-0.8810509280350901,-0.8811382549450901,9.977295639385636
1,143,2,2,3,-0.8810509280350901,-0.8811382549450901,9.86731834374625
1,144,2,2,3,-0.8810509280350901,-0.8811382549450901,10.416430629959343
1,145,1,2,1,25.129910048834276,-0.7244813201501,-0.28643926681
1,146,0,2,1,4.291225374849676,-0.9920000000000001,-0.24516100000000002
1,147,2,2,3,-0.8810509280350901,-0.8811382549450901,11.762648661798004
1,148,1,2,1,25.203897565045263,-0.7244813201501,-0.28643926681
1,149,2,1,2,-0.7244813201501,32.61238335472711,-0.28564538581
1,150,1,0,1,0.8854136722727562,0.02480464015294347,-0.1
1,151,2,0,2,-0.9920000000000001,7.086915674616043,-0.24516100000000002
1,152,1,2,1,32.87962197980465,-0.7244813201501,-0.28643926681
1,153,2,1,2,-0.7244813201501,32.97068741173022,-0.28564538581
1,154,1,2,1,33.322802077749884,-0.7244813201501,-0.28643926681
1,155,1,2,1,33.789479275672136,-0.7244813201501,-0.28643926681
1,156,1,2,1,32.175033565622925,-0.7244813201501,-0.28643926681
1,157,2,2,3,-0.8810509280350901,-0.8811382549450901,13.671712118614874
1,158,1,2,1,31.011029708803505,-0.7244813201501,-0.28643926681
1,159,2,2,3,-0.8810509280350901,-0.8811382549450901,15.274632847924934
1,160,1,2,1,31.78121348859753,-0.7244813201501,-0.28643926681
1,161,2,1,2,-0.7244813201501,32.026756035450084,-0.28564538581
1,162,1,2,1,38.7640641884215,-0.7244813201501,-0.28643926681
1,163,0,1,3,0.02480464015294347,0.8858313121101179,0.5119821501587866
1,164,0,2,1,7.893844562478991,-0.9920000000000001,-0.24516100000000002
1,165,2,2,3,-0.8810509280350901,-0.8811382549450901,17.484811917786168
1,166,1,2,1,38.8300196717399,-0.7244813201501,-0.28643926681
1,167,2,1,2,-0.7244813201501,39.13143317247694,-0.28564538581
1,168,1,2,1,39.28293851385223,-0.7244813201501,-0.28643926681
1,169,2,1,2,-0.7244813201501,39.66558160416193,-0.28564538581
1,170,1,2,1,39.941855704037756,-0.7244813201501,-0.28643926681
1,171,1,2,1,40.30191384833372,-0.7244813201501,-0.28643926681
1,172,1,2,1,38.50271884336118,-0.7244813201501,-0.28643926681
1,173,2,2,3,-0.8810509280350901,-0.8811382549450901,19.44809989150031
1,174,1,2,1,37.17780884828359,-0.7244813201501,-0.28643926681
1,175,2,2,3,-0.8810509280350901,-0.8811382549450901,21.083892978330354
1,176,1,2,1,37.84063103943531,-0.7244813201501,-0.28643926681
1,177,1,2,1,38.602790408395876,-0.7244813201501,-0.28643926681
1,178,1,2,1,45.42400197924171,-0.7244813201501,-0.28643926681
1,179,0,2,1,9.191765511085798,-0.9920000000000001,-0.24516100000000002
1,180,2,2,3,-0.8810509280350901,-0.8811382549450901,23.37247987644225
1,181,1,2,1,43.29547728908532,-0.7244813201501,-0.28643926681
1,182,2,2,3,-0.8810509280350901,-0.8811382549450901,23.249107396565805
1,183,2,2,3,-0.8810509280350901,-0.8811382549450901,23.125858289169237
1,184,2,2,3,-0.8810509280350901,-0.8811382549450901,24.99952471187176
1,185,1,2,1,41.64088250665209,-0.7244813201501,-0.28643926681
1,186,2,2,3,-0.8810509280350901,-0.8811382549450901,26.521063347014547
1,187,2,1,2,-0.7244813201501,40.59368623799045,-0.28564538581
1,188,2,2,3,-0.8810509280350901,-0.8811382549450901,27.787731949874146
1,189,2,1,2,-0.7244813201501,39.88530307722894,-0.28564538581
1,190,2,2,3,-0.8810509280350901,-0.8811382549450901,28.857603759532395
1,191,2,1,2,-0.7244813201501,39.45367554169975,-0.28564538581
1,192,2,2,3,-0.8810509280350901,-0.8811382549450901,29.77845437708048
1,193,1,2,1,38.76271237879754,-0.7244813201501,-0.28643926681
1,194,2,2,3,-0.8810509280350901,-0.8811382549450901,30.538117464873388
1,195,1,2,1,39.123322263032996,-0.7244813201501,-0.28643926681
1,196,2,1,2,-0.7244813201501,39.91176064407371,-0.28564538581
1,197,1,2,1,40.422292086152495,-0.7244813201501,-0.28643926681
1,198,1,2,1,40.97687591699678,-0.7244813201501,-0.28643926681
1,199,2,1,2,-0.7244813201501,46.87989319333742,-0.28564538581
1,200,1,0,3,0.8854136722727562,0.02480464015294347,0.44810014016329236
1,201,1,0,1,2.406551316961818,0.02480464015294347,0.44810014016329236
1,202,2,0,2,-0.9920000000000001,12.909630876133836,-0.24516100000000002
1,203,1,2,1,47.62001873957081,-0.7244813201501,-0.28643926681
1,204,1,2,1,54.036473005839376,-0.7244813201501,-0.28643926681
1,205,0,2,1,14.645602176528326,-0.9920000000000001,-0.24516100000000002
1,206,2,2,3,-0.8810509280350901,-0.8811382549450901,32.73391654596415
1,207,1,2,1,51.97348344330589,-0.7244813201501,-0.28643926681
1,208,2,2,3,-0.8810509280350901,-0.8811382549450901,34.50589975225502
1,209,1,2,1,52.12150995986258,-0.7244813201501,-0.28643926681
1,210,1,2,1,52.369388449902715,-0.7244813201501,-0.28643926681
1,211,1,2,1,52.71701906145281,-0.7244813201501,-0.28643926681
1,212,1,2,1,53.164302042391355,-0.7244813201501,-0.28643926681
1,213,1,2,1,53.71113774034897,-0.7244813201501,-0.28643926681
1,214,1,2,1,54.35742660260862,-0.7244813201501,-0.28643926681
1,215,1,2,1,55.10306917600601,-0.7244813201501,-0.28643926681
1,216,1,2,1,60.94267687388171,-0.7244813201501,-0.28643926681
1,217,0,2,1,16.59712603434874,-0.9920000000000001,-0.24516100000000002
1,218,2,2,3,-0.8810509280350901,-0.8811382549450901,36.9886347875438
1,219,1,2,1,58.61028403046038,-0.7244813201501,-0.28643926681
1,220,2,2,3,-0.8810509280350901,-0.8811382549450901,38.992189427805
1,221,1,2,1,56.80948238076704,-0.7244813201501,-0.28643926681
1,222,2,2,3,-0.8810509280350901,-0.8811382549450901,40.61780854640665
1,223,2,1,2,-0.7244813201501,55.256054513204724,-0.28564538581
1,224,2,2,3,-0.8810509280350901,-0.8811382549450901,41.92574771345566
1,225,1,2,1,54.175376493538245,-0.7244813201501,-0.28643926681
1,226,2,2,3,-0.8810509280350901,-0.8811382549450901,42.99653521497038
1,227,1,2,1,54.521201117044704,-0.7244813201501,-0.28643926681
1,228,1,2,1,54.96724578709589,-0.7244813201501,-0.28643926681
1,229,2,1,2,-0.7244813201501,55.156141692371726,-0.28564538581
1,230,1,2,1,54.47453829862006,-0.7244813201501,-0.28643926681
1,231,2,2,3,-0.8810509280350901,-0.8811382549450901,43.98986098503673
1,232,1,2,1,54.08208070627669,-0.7244813201501,-0.28643926681
1,233,2,2,3,-0.8810509280350901,-0.8811382549450901,43.84587112405169
1,234,2,2,3,-0.8810509280350901,-0.8811382549450901,43.70202525292764
1,235,2,2,3,-0.8810509280350901,-0.8811382549450901,43.55832322767471
1,236,2,2,3,-0.8810509280350901,-0.8811382549450901,44.45863467221061
1,237,2,1,2,-0.7244813201501,53.393620898943084,-0.28564538581
1,238,2,2,3,-0.8810509280350901,-0.8811382549450901,44.314176037538395
1,239,2,2,3,-0.8810509280350901,-0.8811382549450901,44.169861861500856
1,240,2,2,3,-0.8810509280350901,-0.8811382549450901,44.938844144346135
1,241,2,1,2,-0.7244813201501,52.903204379339044,-0.28564538581
1,242,2,2,3,-0.8810509280350901,-0.8811382549450901,45.58237696346609
1,243,2,1,2,-0.7244813201501,52.62553926078828,-0.28564538581
1,244,2,2,3,-0.8810509280350901,-0.8811382549450901,45.43679458650262
1,245,2,2,3,-0.8810509280350901,-0.8811382549450901,45.29135779191612
1,246,2,2,3,-0.8810509280350901,-0.8811382549450901,45.1460664341242
1,247,2,2,3,-0.8810509280350901,-0.8811382549450901,45.00092036769008
1,248,2,2,3,-0.8810509280350901,-0.8811382549450901,45.61075671773911
1,249,2,1,2,-0.7244813201501,52.47845024976562,-0.28564538581
1,250,2,2,3,-0.8810509280350901,-0.8811382549450901,46.14372375695168
1,251,1,2,1,52.58679875181535,-0.7244813201501,-0.28643926681
1,252,2,2,3,-0.8810509280350901,-0.8811382549450901,45.99758003319473
1,253,2,2,3,-0.8810509280350901,-0.8811382549450901,45.851582453161534
1,254,2,2,3,-0.8810509280350901,-0.8811382549450901,46.37370876164138
1,255,2,1,2,-0.7244813201501,52.62994765645705,-0.28564538581
1,256,2,2,3,-0.8810509280350901,-0.8811382549450901,46.84563037383684
1,257,1,2,1,58.9003199170332,-0.7244813201501,-0.28643926681
1,258,0,2,1,19.575130837923712,-0.9920000000000001,-0.24516100000000002
1,259,2,2,3,-0.8810509280350901,-0.8811382549450901,47.892199008239444
1,260,1,2,1,58.941419597116166,-0.7244813201501,-0.28643926681
1,261,1,2,1,59.08247817751905,-0.7244813201501,-0.28643926681
1,262,1,2,1,59.32432664014114,-0.7244813201501,-0.28643926681
1,263,2,1,2,-0.7244813201501,60.09332995316137,-0.28564538581
1,264,1,2,1,60.48099250784851,-0.7244813201501,-0.28643926681
1,265,1,2,1,60.920511515340664,-0.7244813201501,-0.28643926681
1,266,1,2,1,61.454867899078515,-0.7244813201501,-0.28643926681
1,267,2,1,2,-0.7244813201501,65.46084805332097,-0.28564538581
1,268,1,0,1,4.803540581957044,0.02480464015294347,0.44810014016329236
1,269,2,0,2,-0.9920000000000001,24.094271080943507,-0.24516100000000002
1,270,1,2,1,64.44425515738415,-0.7244813201501,-0.28643926681
1,271,2,2,3,-0.8810509280350901,-0.8811382549450901,49.38296036799653
1,272,1,2,1,68.37546995630308,-0.7244813201501,-0.28643926681
1,273,0,1,2,0.02480464015294347,6.809728789950851,0.4484812350418096
1,274,0,2,1,28.45758906594311,-0.9920000000000001,-0.24516100000000002
1,275,1,2,1,68.40709448634678,-0.7244813201501,-0.28643926681
1,276,1,2,1,68.53973202537858,-0.7244813201501,-0.28643926681
1,277,2,1,2,-0.7244813201501,68.69061712942671,-0.28564538581
1,278,1,2,1,68.91744378873533,-0.7244813201501,-0.28643926681
1,279,1,2,1,69.24852634494658,-0.7244813201501,-0.28643926681
1,280,1,2,1,69.67972116444464,-0.7244813201501,-0.28643926681
1,281,2,1,2,-0.7244813201501,69.95627052596403,-0.28564538581
1,282,2,1,2,-0.7244813201501,68.24955654979928,-0.28564538581
1,283,2,2,3,-0.8810509280350901,-0.8811382549450901,49.23357740762854
1,284,2,2,3,-0.8810509280350901,-0.8811382549450901,49.08434383022091
1,285,2,2,3,-0.8810509280350901,-0.8811382549450901,48.93525948639069
1,286,2,2,3,-0.8810509280350901,-0.8811382549450901,48.7863242269043
1,287,2,2,3,-0.8810509280350901,-0.8811382549450901,48.637537902677394
1,288,2,2,3,-0.8810509280350901,-0.8811382549450901,48.488900364774715
1,289,2,2,3,-0.8810509280350901,-0.8811382549450901,48.34041146440994
1,290,2,2,3,-0.8810509280350901,-0.8811382549450901,50.16307641639907
1,291,2,1,2,-0.7244813201501,66.89074546004287,-0.28564538581
1,292,2,2,3,-0.8810509280350901,-0.8811382549450901,51.66895257530341
1,293,2,1,2,-0.7244813201501,65.91689721899361,-0.28564538581
1,294,2,2,3,-0.8810509280350901,-0.8811382549450901,51.5172836227281
1,295,2,2,3,-0.8810509280350901,-0.8811382549450901,51.36576633910537
1,296,2,2,3,-0.8810509280350901,-0.8811382549450901,52.651626130748824
1,297,1,2,1,65.10738758288952,-0.7244813201501,-0.28643926681
1,298,2,2,3,-0.8810509280350901,-0.8811382549450901,53.73509764759374
1,299,2,1,2,-0.7244813201501,64.64372130274633,-0.28564538581
1,300,2,2,3,-0.8810509280350901,-0.8811382549450901,54.66131629180625
1,301,2,1,2,-0.7244813201501,64.39081948536051,-0.28564538581
1,302,2,2,3,-0.8810509280350901,-0.8811382549450901,55.469875791676316
1,303,2,1,2,-0.7244813201501,70.66878859341878,-0.28564538581
1,304,2,0,2,-0.9920000000000001,32.605765130696916,-0.24516100000000002
1,305,2,1,2,-0.7244813201501,70.69811980482537,-0.28564538581
1,306,2,1,2,-0.7244813201501,69.31982552771879,-0.28564538581
1,307,2,2,3,-0.8810509280350901,-0.8811382549450901,56.685550939752844
1,308,2,1,2,-0.7244813201501,69.55050570219107,-0.28564538581
1,309,2,1,2,-0.7244813201501,69.88095519648888,-0.28564538581
1,310,2,1,2,-0.7244813201501,69.00472921987553,-0.28564538581
1,311,2,2,3,-0.8810509280350901,-0.8811382549450901,57.74846403854524
1,312,2,1,2,-0.7244813201501,69.53397671362708,-0.28564538581
1,313,1,2,1,70.19887169406233,-0.7244813201501,-0.28643926681
1,314,2,1,2,-0.7244813201501,70.85692890369107,-0.28564538581
1,315,1,2,1,70.32153637732534,-0.7244813201501,-0.28643926681
1,316,2,2,3,-0.8810509280350901,-0.8811382549450901,58.83544973604592
1,317,1,2,1,76.41736446304463,-0.7244813201501,-0.28643926681
1,318,0,2,1,35.169997918885166,-0.9920000000000001,-0.24516100000000002
1,319,2,2,3,-0.8810509280350901,-0.8811382549450901,60.41722384428275
1,320,1,2,1,74.85693317732417,-0.7244813201501,-0.28643926681
1,321,2,2,3,-0.8810509280350901,-0.8811382549450901,60.25680662043847
1,322,2,2,3,-0.8810509280350901,-0.8811382549450901,60.09654981381803
1,323,2,2,3,-0.8810509280350901,-0.8811382549450901,59.936453264004214
1,324,2,2,3,-0.8810509280350901,-0.8811382549450901,59.77651681074021
1,325,2,2,3,-0.8810509280350901,-0.8811382549450901,59.616740293929475
1,326,2,2,3,-0.8810509280350901,-0.8811382549450901,60.96323916877784
1,327,2,1,2,-0.7244813201501,74.18238707990274,-0.28564538581
1,328,2,2,3,-0.8810509280350901,-0.8811382549450901,60.80227592960906
1,329,2,2,3,-0.8810509280350901,-0.8811382549450901,60.64147365367945
1,330,2,2,3,-0.8810509280350901,-0.8811382549450901,60.48083218002577
1,331,2,2,3,-0.8810509280350901,-0.8811382549450901,60.320351347845744
1,332,2,2,3,-0.8810509280350901,-0.8811382549450901,61.53237253397154
1,333,2,1,2,-0.7244813201501,80.14596828792054,-0.28564538581
1,334,2,0,2,-0.9920000000000001,39.58951758482269,-0.24516100000000002
1,335,1,2,1,80.28544411029041,-0.7244813201501,-0.28643926681
1,336,2,1,2,-0.7244813201501,80.2993507956212,-0.28564538581
1,337,2,1,2,-0.7244813201501,80.41905144482557,-0.28564538581
1,338,2,1,2,-0.7244813201501,80.6392067975869,-0.28564538581
1,339,1,2,1,80.88236613971239,-0.7244813201501,-0.28643926681
1,340,2,1,2,-0.7244813201501,79.28608120995693,-0.28564538581
1,341,2,2,3,-0.8810509280350901,-0.8811382549450901,63.12845732036012
1,342,2,1,2,-0.7244813201501,78.10719036367689,-0.28564538581
1,343,2,2,3,-0.8810509280350901,-0.8811382549450901,64.44822343432811
1,344,2,1,2,-0.7244813201501,77.27684544730769,-0.28564538581
1,345,2,2,3,-0.8810509280350901,-0.8811382549450901,64.28377521089378
1,346,2,2,3,-0.8810509280350901,-0.8811382549450901,65.40580538908786
1,347,2,1,2,-0.7244813201501,76.72433563609663,-0.28564538581
1,348,2,2,3,-0.8810509280350901,-0.8811382549450901,65.24039958369877
1,349,2,2,3,-0.8810509280350901,-0.8811382549450901,65.07515918411508
1,350,2,2,3,-0.8810509280350901,-0.8811382549450901,66.06333468163237
1,351,1,2,1,75.99201027828892,-0.7244813201501,-0.28643926681
1,352,2,2,3,-0.8810509280350901,-0.8811382549450901,65.89727134695073
1,353,2,2,3,-0.8810509280350901,-0.8811382549450901,65.73137407560378
1,354,2,2,3,-0.8810509280350901,-0.8811382549450901,66.58146171643429
1,355,2,1,2,-0.7244813201501,75.78451969529871,-0.28564538581
1,356,2,2,3,-0.8810509280350901,-0.8811382549450901,66.41488025471786
1,357,2,2,3,-0.8810509280350901,-0.8811382549450901,66.24846537446314
1,358,2,2,3,-0.8810509280350901,-0.8811382549450901,66.08221690908867
1,359,2,2,3,-0.8810509280350901,-0.8811382549450901,65.91613469217958
1,360,2,2,3,-0.8810509280350901,-0.8811382549450901,66.7271886727962
1,361,2,1,2,-0.7244813201501,82.0254299666663,-0.28564538581
1,362,2,0,2,-0.9920000000000001,43.75108339304038,-0.24516100000000002
1,363,2,1,2,-0.7244813201501,82.04340453669963,-0.28564538581
1,364,2,1,2,-0.7244813201501,82.16132790611924,-0.28564538581
1,365,1,2,1,82.58943160441942,-0.7244813201501,-0.28643926681
1,366,2,1,2,-0.7244813201501,81.26538563851719,-0.28564538581
1,367,2,2,3,-0.8810509280350901,-0.8811382549450901,67.99974298372979
1,368,2,1,2,-0.7244813201501,81.58125860680131,-0.28564538581
1,369,1,2,1,82.10698364323261,-0.7244813201501,-0.28643926681
1,370,2,1,2,-0.7244813201501,82.56514309480112,-0.28564538581
1,371,1,2,1,83.18716016715051,-0.7244813201501,-0.28643926681
1,372,2,1,2,-0.7244813201501,83.76091348422705,-0.28564538581
1,373,2,1,2,-0.7244813201501,84.37715257074282,-0.28564538581
1,374,2,1,2,-0.7244813201501,83.47141186905779,-0.28564538581
1,375,2,2,3,-0.8810509280350901,-0.8811382549450901,67.83174324074606
1,376,2,2,3,-0.8810509280350901,-0.8811382549450901,69.21223869170818
1,377,2,1,2,-0.7244813201501,89.35562793806301,-0.28564538581
1,378,2,0,2,-0.9920000000000001,48.22218221960458,-0.24516100000000002
1,379,2,1,2,-0.7244813201501,89.36627231012494,-0.28564538581
1,380,2,1,2,-0.7244813201501,87.48165670959156,-0.28564538581
1,381,2,2,3,-0.8810509280350901,-0.8811382549450901,70.84758090153417
1,382,1,2,1,86.50996577285926,-0.7244813201501,-0.28643926681
1,383,2,2,3,-0.8810509280350901,-0.8811382549450901,72.22730942289382
1,384,1,2,1,92.53234296478693,-0.7244813201501,-0.28643926681
1,385,0,2,1,52.55500894636488,-0.9920000000000001,-0.24516100000000002
1,386,1,2,1,92.54320775415907,-0.7244813201501,-0.28643926681
1,387,2,1,2,-0.7244813201501,92.77919748795759,-0.28564538581
1,388,2,1,2,-0.7244813201501,91.05178137202832,-0.28564538581
1,389,2,2,3,-0.8810509280350901,-0.8811382549450901,73.91616255134291
1,390,1,2,1,89.44119164475076,-0.7244813201501,-0.28643926681
1,391,2,2,3,-0.8810509280350901,-0.8811382549450901,75.28151232562205
1,392,2,1,2,-0.7244813201501,88.47074271490416,-0.28564538581
1,393,2,2,3,-0.8810509280350901,-0.8811382549450901,75.10623081329642
1,394,2,2,3,-0.8810509280350901,-0.8811382549450901,74.93112458248312
1,395,2,2,3,-0.8810509280350901,-0.8811382549450901,76.09661565301032
1,396,2,1,2,-0.7244813201501,87.75723339306177,-0.28564538581
1,397,2,2,3,-0.8810509280350901,-0.8811382549450901,75.92051903735731
1,398,2,2,3,-0.8810509280350901,-0.8811382549450901,75.74459851831995
1,399,2,2,3,-0.8810509280350901,-0.8811382549450901,75.56885391980163
1,400,2,2,3,-0.8810509280350901,-0.8811382549450901,75.39328506588183
1,401,2,2,3,-0.8810509280350901,-0.8811382549450901,76.44192266520676
1,402,2,1,2,-0.7244813201501,87.24926039761107,-0.28564538581
1,403,2,2,3,-0.8810509280350901,-0.8811382549450901,77.33373918480049
1,404,1,2,1,86.46521096215352,-0.7244813201501,-0.28643926681
1,405,2,2,3,-0.8810509280350901,-0.8811382549450901,78.06042115157365
1,406,1,2,1,85.94667155994397,-0.7244813201501,-0.28643926681
1,407,2,2,3,-0.8810509280350901,-0.8811382549450901,78.66445059538249
1,408,2,1,2,-0.7244813201501,85.95206750863571,-0.28564538581
1,409,2,2,3,-0.8810509280350901,-0.8811382549450901,78.48578614478711
1,410,2,2,3,-0.8810509280350901,-0.8811382549450901,78.30730035864232
1,411,2,2,3,-0.8810509280350901,-0.8811382549450901,78.88582500613302
1,412,2,1,2,-0.7244813201501,92.46070300303813,-0.28564538581
1,413,2,0,2,-0.9920000000000001,56.4600832624775,-0.24516100000000002
1,414,1,2,1,92.85748675486475,-0.7244813201501,-0.28643926681
1,415,2,1,2,-0.7244813201501,92.91461636757447,-0.28564538581
1,416,2,1,2,-0.7244813201501,93.02170175120689,-0.28564538581
1,417,2,1,2,-0.7244813201501,93.22868004945569,-0.28564538581
1,418,2,1,2,-0.7244813201501,93.53545136940623,-0.28564538581
1,419,2,1,2,-0.7244813201501,93.93698202651716,-0.28564538581
1,420,1,2,1,94.44289372506415,-0.7244813201501,-0.28643926681
1,421,2,1,2,-0.7244813201501,94.99366375116347,-0.28564538581
1,422,1,2,1,95.6070520688958,-0.7244813201501,-0.28643926681
1,423,2,1,2,-0.7244813201501,96.25855413260172,-0.28564538581
1,424,1,2,1,96.97794620814798,-0.7244813201501,-0.28643926681
1,425,2,1,2,-0.7244813201501,95.93986053016054,-0.28564538581
1,426,2,2,3,-0.8810509280350901,-0.8811382549450901,80.39528869800561
1,427,2,1,2,-0.7244813201501,101.83542272012977,-0.28564538581
1,428,2,0,2,-0.9920000000000001,60.895781785522594,-0.24516100000000002
1,429,2,1,2,-0.7244813201501,101.83358729740964,-0.28564538581
1,430,2,1,2,-0.7244813201501,101.92723387148848,-0.28564538581
1,431,1,2,1,102.28410490122597,-0.7244813201501,-0.28643926681
1,432,0,1,2,0.02480464015294347,12.45636975962857,0.4484812350418096
1,433,0,2,1,62.755623114491684,-0.9920000000000001,-0.24516100000000002
1,434,2,2,3,-0.8810509280350901,-0.8811382549450901,80.2148934093076
1,435,2,2,3,-0.8810509280350901,-0.8811382549450901,80.03467851589829
1,436,2,2,3,-0.8810509280350901,-0.8811382549450901,79.8546438373824
1,437,2,2,3,-0.8810509280350901,-0.8811382549450901,79.67478919354501
1,438,2,2,3,-0.8810509280350901,-0.8811382549450901,81.73343665941188
1,439,1,2,1,100.24730464038515,-0.7244813201501,-0.28643926681
1,440,2,2,3,-0.8810509280350901,-0.8811382549450901,81.55170322275247
1,441,2,2,3,-0.8810509280350901,-0.8811382549450901,81.37015151952971
1,442,2,2,3,-0.8810509280350901,-0.8811382549450901,81.18878136801018
1,443,2,2,3,-0.8810509280350901,-0.8811382549450901,81.00759258664218
1,444,2,2,3,-0.8810509280350901,-0.8811382549450901,82.73349489326097
1,445,2,1,2,-0.7244813201501,98.83299386064206,-0.28564538581
1,446,2,2,3,-0.8810509280350901,-0.8811382549450901,84.14461179613843
1,447,2,1,2,-0.7244813201501,97.78001104239556,-0.28564538581
1,448,2,2,3,-0.8810509280350901,-0.8811382549450901,85.31037170972175
1,449,2,1,2,-0.7244813201501,97.04773673741846,-0.28564538581
1,450,2,2,3,-0.8810509280350901,-0.8811382549450901,86.28547241786393
1,451,1,2,1,96.07078794313533,-0.7244813201501,-0.28643926681
1,452,2,2,3,-0.8810509280350901,-0.8811382549450901,87.069362434549
1,453,2,1,2,-0.7244813201501,95.79656923076098,-0.28564538581
1,454,2,2,3,-0.8810509280350901,-0.8811382549450901,87.74500021804847
1,455,1,2,1,95.19197344844474,-0.7244813201501,-0.28643926681
1,456,2,2,3,-0.8810509280350901,-0.8811382549450901,88.29566326184153
1,457,2,1,2,-0.7244813201501,95.22457125926682,-0.28564538581
1,458,2,2,3,-0.8810509280350901,-0.8811382549450901,88.10736759857969
1,459,2,2,3,-0.8810509280350901,-0.8811382549450901,87.91926023098111
1,460,2,2,3,-0.8810509280350901,-0.8811382549450901,88.45456676255041
1,461,2,1,2,-0.7244813201501,101.81588251495936,-0.28564538581
1,462,2,0,2,-0.9920000000000001,66.56754289830789,-0.24516100000000002
1,463,1,2,1,102.10467626936548,-0.7244813201501,-0.28643926681
1,464,2,1,2,-0.7244813201501,102.14051455691647,-0.28564538581
1,465,2,1,2,-0.7244813201501,102.23837404235955,-0.28564538581
1,466,2,1,2,-0.7244813201501,101.07153874761609,-0.28564538581
1,467,2,2,3,-0.8810509280350901,-0.8811382549450901,89.51519242230937
1,468,2,1,2,-0.7244813201501,101.37046720886848,-0.28564538581
1,469,2,1,2,-0.7244813201501,101.76909674165961,-0.28564538581
1,470,2,1,2,-0.7244813201501,102.26395705885702,-0.28564538581
1,471,1,2,1,102.68124116119851,-0.7244813201501,-0.28643926681
1,472,2,1,2,-0.7244813201501,103.29814668009563,-0.28564538581
1,473,1,2,1,102.46767425957594,-0.7244813201501,-0.28643926681
1,474,2,2,3,-0.8810509280350901,-0.8811382549450901,90.604276450206
1,475,2,1,2,-0.7244813201501,101.95712582427562,-0.28564538581
1,476,2,2,3,-0.8810509280350901,-0.8811382549450901,90.4136721737558
1,477,2,2,3,-0.8810509280350901,-0.8811382549450901,90.22325850158204
1,478,2,2,3,-0.8810509280350901,-0.8811382549450901,91.19801494144052
1,479,1,2,1,101.52026066117249,-0.7244813201501,-0.28643926681
1,480,2,2,3,-0.8810509280350901,-0.8811382549450901,92.02572510268048
1,481,2,1,2,-0.7244813201501,107.83120179587809,-0.28564538581
1,482,2,0,2,-0.9920000000000001,69.02133539364247,-0.24516100000000002
1,483,2,2,3,-0.8810509280350901,-0.8811382549450901,93.39844157020437
1,484,2,1,2,-0.7244813201501,107.8233705940822,-0.28564538581
1,485,2,1,2,-0.7244813201501,106.48747925012422,-0.28564538581
1,486,2,2,3,-0.8810509280350901,-0.8811382549450901,93.20504312863416
1,487,2,2,3,-0.8810509280350901,-0.8811382549450901,93.01183808550553
1,488,2,2,3,-0.8810509280350901,-0.8811382549450901,94.15526962029622
1,489,1,2,1,105.98151117732978,-0.7244813201501,-0.28643926681
1,490,2,2,3,-0.8810509280350901,-0.8811382549450901,95.12979285700119
1,491,2,1,2,-0.7244813201501,105.08194220861213,-0.28564538581
1,492,2,2,3,-0.8810509280350901,-0.8811382549450901,95.91992584995367
1,493,2,1,2,-0.7244813201501,104.46982064689634,-0.28564538581
1,494,2,2,3,-0.8810509280350901,-0.8811382549450901,96.57044550900105
1,495,2,1,2,-0.7244813201501,104.08331268759781,-0.28564538581
1,496,2,2,3,-0.8810509280350901,-0.8811382549450901,96.37387506349205
1,497,2,2,3,-0.8810509280350901,-0.8811382549450901,96.17750118842856
1,498,2,2,3,-0.8810509280350901,-0.8811382549450901,95.98132368724013
1,499,2,2,3,-0.8810509280350901,-0.8811382549450901,95.7853423635529
1,500,2,2,3,-0.8810509280350901,-0.8811382549450901,95.58955702118935
1,501,2,2,3,-0.8810509280350901,-0.8811382549450901,95.39396746416816
1,502,2,2,3,-0.8810509280350901,-0.8811382549450901,96.05881867382352
1,503,2,1,2,-0.7244813201501,103.78480446754656,-0.28564538581
1,504,2,2,3,-0.8810509280350901,-0.8811382549450901,95.8627598551497
1,505,2,2,3,-0.8810509280350901,-0.8811382549450901,95.66689709529456
1,506,2,2,3,-0.8810509280350901,-0.8811382549450901,96.27490302805221
1,507,2,1,2,-0.7244813201501,103.63753942056908,-0.28564538581
1,508,2,2,3,-0.8810509280350901,-0.8811382549450901,96.80752912788333
1,509,2,1,2,-0.7244813201501,103.65773086217263,-0.28564538581
1,510,2,2,3,-0.8810509280350901,-0.8811382549450901,97.28889157045009
1,511,2,1,2,-0.7244813201501,110.02506997992597,-0.28564538581
1,512,2,0,2,-0.9920000000000001,73.01262948175696,-0.24516100000000002
1,513,1,2,1,110.16434085600991,-0.7244813201501,-0.28643926681
1,514,0,1,2,0.02480464015294347,18.538271235161766,0.4484812350418096
1,515,0,2,1,76.61031343341205,-0.9920000000000001,-0.24516100000000002
1,516,2,1,2,-0.7244813201501,110.24558587264406,-0.28564538581
1,517,2,1,2,-0.7244813201501,110.4353402867714,-0.28564538581
1,518,2,1,2,-0.7244813201501,109.42340652356883,-0.28564538581
1,519,2,2,3,-0.8810509280350901,-0.8811382549450901,98.2929196592384
1,520,2,1,2,-0.7244813201501,108.71206491747655,-0.28564538581
1,521,2,2,3,-0.8810509280350901,-0.8811382549450901,99.12612212014473
1,522,2,1,2,-0.7244813201501,109.20335285255908,-0.28564538581
1,523,2,1,2,-0.7244813201501,108.79650365719749,-0.28564538581
1,524,2,2,3,-0.8810509280350901,-0.8811382549450901,99.8843637701928
1,525,2,1,2,-0.7244813201501,108.60540530472683,-0.28564538581
1,526,2,2,3,-0.8810509280350901,-0.8811382549450901,99.68447940642261
1,527,2,2,3,-0.8810509280350901,-0.8811382549450901,99.48479492701618
1,528,2,2,3,-0.8810509280350901,-0.8811382549450901,99.28531013208917
1,529,2,2,3,-0.8810509280350901,-0.8811382549450901,99.08602482195708
1,530,2,2,3,-0.8810509280350901,-0.8811382549450901,99.82991434523038
1,531,1,2,1,107.7330888426233,-0.7244813201501,-0.28643926681
1,532,2,2,3,-0.8810509280350901,-0.8811382549450901,99.63008443088515
1,533,2,2,3,-0.8810509280350901,-0.8811382549450901,99.43045434645427
1,534,2,2,3,-0.8810509280350901,-0.8811382549450901,100.05298470722855
1,535,1,2,1,107.0650254443766,-0.7244813201501,-0.28643926681
1,536,2,2,3,-0.8810509280350901,-0.8811382549450901,100.54667268245512
1,537,2,1,2,-0.7244813201501,113.83956822745824,-0.28564538581
1,538,2,0,2,-0.9920000000000001,80.22632409954845,-0.24516100000000002
1,539,1,2,1,114.02876679138043,-0.7244813201501,-0.28643926681
1,540,2,1,2,-0.7244813201501,112.69413398091623,-0.28564538581
1,541,2,2,3,-0.8810509280350901,-0.8811382549450901,101.54872467832033
1,542,2,1,2,-0.7244813201501,111.67804432597832,-0.28564538581
1,543,2,2,3,-0.8810509280350901,-0.8811382549450901,102.34997859876015
1,544,2,1,2,-0.7244813201501,110.94288777465775,-0.28564538581
1,545,2,2,3,-0.8810509280350901,-0.8811382549450901,102.99832662857524
1,546,2,1,2,-0.7244813201501,111.23194488688308,-0.28564538581
1,547,2,1,2,-0.7244813201501,110.80558473442372,-0.28564538581
1,548,2,2,3,-0.8810509280350901,-0.8811382549450901,103.56824685442567
1,549,2,1,2,-0.7244813201501,110.57828269956948,-0.28564538581
1,550,2,2,3,-0.8810509280350901,-0.8811382549450901,104.05775571193284
1,551,1,2,1,110.21384093320624,-0.7244813201501,-0.28643926681
1,552,2,2,3,-0.8810509280350901,-0.8811382549450901,104.46315039312698
1,553,1,2,1,110.03430872880519,-0.7244813201501,-0.28643926681
1,554,2,2,3,-0.8810509280350901,-0.8811382549450901,104.81097423785519
1,555,2,1,2,-0.7244813201501,110.11391266810134,-0.28564538581
1,556,2,2,3,-0.8810509280350901,-0.8811382549450901,104.60616326361733
1,557,2,2,3,-0.8810509280350901,-0.8811382549450901,104.40155710035371
1,558,2,2,3,-0.8810509280350901,-0.8811382549450901,104.19715554325336
1,559,2,2,3,-0.8810509280350901,-0.8811382549450901,103.9929583877101
1,560,2,2,3,-0.8810509280350901,-0.8811382549450901,104.39493990308112
1,561,2,1,2,-0.7244813201501,110.23762045169623,-0.28564538581
1,562,2,2,3,-0.8810509280350901,-0.8811382549450901,104.76897033749094
1,563,2,1,2,-0.7244813201501,117.0562644923819,-0.28564538581
1,564,2,0,2,-0.9920000000000001,83.79165285361684,-0.24516100000000002
1,565,1,2,1,117.53367167586612,-0.7244813201501,-0.28643926681
1,566,2,1,2,-0.7244813201501,117.5688850675154,-0.28564538581
1,567,2,1,2,-0.7244813201501,117.65131618244789,-0.28564538581
1,568,2,1,2,-0.7244813201501,117.82844812895551,-0.28564538581
1,569,1,2,1,118.38841480466725,-0.7244813201501,-0.28643926681
1,570,2,1,2,-0.7244813201501,118.73990380921188,-0.28564538581
1,571,1,2,1,119.38959189829322,-0.7244813201501,-0.28643926681
1,572,2,1,2,-0.7244813201501,118.40906278701115,-0.28564538581
1,573,2,2,3,-0.8810509280350901,-0.8811382549450901,104.56420136715344
1,574,2,2,3,-0.8810509280350901,-0.8811382549450901,104.3596371657863
1,575,2,2,3,-0.8810509280350901,-0.8811382549450901,104.1552775286205
1,576,2,2,3,-0.8810509280350901,-0.8811382549450901,103.95112225109187
1,577,2,2,3,-0.8810509280350901,-0.8811382549450901,105.1785072418968
1,578,2,1,2,-0.7244813201501,117.58082872525782,-0.28564538581
1,579,2,2,3,-0.8810509280350901,-0.8811382549450901,104.9733287346549
1,580,2,2,3,-0.8810509280350901,-0.8811382549450901,104.76835540592025
1,581,2,2,3,-0.8810509280350901,-0.8811382549450901,105.83202190912874
1,582,2,1,2,-0.7244813201501,117.00011602173578,-0.28564538581
1,583,2,2,3,-0.8810509280350901,-0.8811382549450901,106.72491064577397
1,584,1,2,1,123.43200718042104,-0.7244813201501,-0.28643926681
1,585,0,2,1,85.97319278932011,-0.9920000000000001,-0.24516100000000002
1,586,2,2,3,-0.8810509280350901,-0.8811382549450901,108.17218829205827
1,587,1,2,1,123.4148587895339,-0.7244813201501,-0.28643926681
1,588,2,1,2,-0.7244813201501,124.13567216048824,-0.28564538581
1,589,1,2,1,122.65557064993573,-0.7244813201501,-0.28643926681
1,590,2,2,3,-0.8810509280350901,-0.8811382549450901,109.39787095719608
1,591,1,2,1,122.83049759189211,-0.7244813201501,-0.28643926681
1,592,2,1,2,-0.7244813201501,128.95727723807016,-0.28564538581
1,593,2,0,2,-0.9920000000000001,88.21081757473051,-0.24516100000000002
1,594,2,2,3,-0.8810509280350901,-0.8811382549450901,111.12485430804541
1,595,2,1,2,-0.7244813201501,128.92847011222887,-0.28564538581
1,596,1,2,1,127.43551033776102,-0.7244813201501,-0.28643926681
1,597,2,2,3,-0.8810509280350901,-0.8811382549450901,110.91372945373737
1,598,2,2,3,-0.8810509280350901,-0.8811382549450901,110.70281572428364
1,599,2,2,3,-0.8810509280350901,-0.8811382549450901,112.14879553592802
1,600,2,1,2,-0.7244813201501,125.9960160678091,-0.28564538581
1,601,2,2,3,-0.8810509280350901,-0.8811382549450901,111.93664674039209
1,602,2,2,3,-0.8810509280350901,-0.8811382549450901,111.7247100936517
1,603,2,2,3,-0.8810509280350901,-0.8811382549450901,112.92584467499962
1,604,2,1,2,-0.7244813201501,124.87607308385314,-0.28564538581
1,605,2,2,3,-0.8810509280350901,-0.8811382549450901,113.89587329568725
1,606,1,2,1,124.16308316706935,-0.7244813201501,-0.28643926681
1,607,2,2,3,-0.8810509280350901,-0.8811382549450901,114.69853753206087
1,608,2,1,2,-0.7244813201501,123.5028967242408,-0.28564538581
1,609,2,2,3,-0.8810509280350901,-0.8811382549450901,114.48383899452881
1,610,2,2,3,-0.8810509280350901,-0.8811382549450901,114.26935515553429
1,611,2,2,3,-0.8810509280350901,-0.8811382549450901,114.05508580037875
1,612,2,2,3,-0.8810509280350901,-0.8811382549450901,113.84103071457837
1,613,2,2,3,-0.8810509280350901,-0.8811382549450901,113.62718968386379
1,614,2,2,3,-0.8810509280350901,-0.8811382549450901,113.41356249417993
1,615,2,2,3,-0.8810509280350901,-0.8811382549450901,114.19899302046177
1,616,2,1,2,-0.7244813201501,122.95830736084244,-0.28564538581
1,617,2,2,3,-0.8810509280350901,-0.8811382549450901,113.98479402744131
1,618,2,2,3,-0.8810509280350901,-0.8811382549450901,113.77080923341387
1,619,2,2,3,-0.8810509280350901,-0.8811382549450901,113.55703842418046
1,620,2,2,3,-0.8810509280350901,-0.8811382549450901,113.34348138575628
1,621,2,2,3,-0.8810509280350901,-0.8811382549450901,114.08200567590406
1,622,2,1,2,-0.7244813201501,122.5565951866727,-0.28564538581
1,623,2,2,3,-0.8810509280350901,-0.8811382549450901,113.86792367022815
1,624,2,2,3,-0.8810509280350901,-0.8811382549450901,113.65405574655793
1,625,2,2,3,-0.8810509280350901,-0.8811382549450901,113.44040169081137
1,626,2,2,3,-0.8810509280350901,-0.8811382549450901,113.22696128912055
1,627,2,2,3,-0.8810509280350901,-0.8811382549450901,113.93729056736768
1,628,1,2,1,122.18002274034384,-0.7244813201501,-0.28643926681
1,629,2,2,3,-0.8810509280350901,-0.8811382549450901,114.53938376192495
1,630,1,2,1,122.00141945874003,-0.7244813201501,-0.28643926681
1,631,2,2,3,-0.8810509280350901,-0.8811382549450901,115.06364870036806
1,632,2,1,2,-0.7244813201501,121.89314953620556,-0.28564538581
1,633,2,2,3,-0.8810509280350901,-0.8811382549450901,115.52470563441561
1,634,2,1,2,-0.7244813201501,121.94078044039215,-0.28564538581
1,635,2,2,3,-0.8810509280350901,-0.8811382549450901,115.30918092878119
1,636,2,2,3,-0.8810509280350901,-0.8811382549450901,115.0938717478524
1,637,2,2,3,-0.8810509280350901,-0.8811382549450901,115.55662183666598
1,638,2,1,2,-0.7244813201501,128.37957333625124,-0.28564538581
1,639,2,0,2,-0.9920000000000001,90.8298413790874,-0.24516100000000002
1,640,2,2,3,-0.8810509280350901,-0.8811382549450901,116.61053741328826
1,641,2,1,2,-0.7244813201501,128.35110334831964,-0.28564538581
1,642,1,2,1,129.0195571864023,-0.7244813201501,-0.28643926681
1,643,2,1,2,-0.7244813201501,129.15984024576656,-0.28564538581
1,644,2,1,2,-0.7244813201501,129.3306804055208,-0.28564538581
1,645,2,1,2,-0.7244813201501,129.5944956270358,-0.28564538581
1,646,1,2,1,128.34393055683512,-0.7244813201501,-0.28643926681
1,647,0,1,2,0.02480464015294347,26.176192571968663,0.4484812350418096
1,648,0,2,1,94.45183777900142,-0.9920000000000001,-0.24516100000000002
1,649,2,1,2,-0.7244813201501,128.83941237860452,-0.28564538581
1,650,1,2,1,128.83327721945196,-0.7244813201501,-0.28643926681
1,651,2,1,2,-0.7244813201501,129.38115561988434,-0.28564538581
1,652,2,1,2,-0.7244813201501,130.05177446426444,-0.28564538581
1,653,2,1,2,-0.7244813201501,129.53814208877327,-0.28564538581
1,654,1,0,1,33.11033837513027,0.02480464015294347,0.44810014016329236
1,655,2,0,2,-0.9920000000000001,96.55205893359035,-0.24516100000000002
1,656,2,2,3,-0.8810509280350901,-0.8811382549450901,117.67375973874799
1,657,2,1,2,-0.7244813201501,129.5086039466845,-0.28564538581
1,658,2,1,2,-0.7244813201501,129.57909534273782,-0.28564538581
1,659,2,1,2,-0.7244813201501,128.5708880226001,-0.28564538581
1,660,2,2,3,-0.8810509280350901,-0.8811382549450901,118.53675450221478
1,661,1,2,1,127.76578176246097,-0.7244813201501,-0.28643926681
1,662,2,2,3,-0.8810509280350901,-0.8811382549450901,118.31821774771257
1,663,2,2,3,-0.8810509280350901,-0.8811382549450901,119.03354082663118
1,664,2,1,2,-0.7244813201501,127.1583646662899,-0.28564538581
1,665,2,2,3,-0.8810509280350901,-0.8811382549450901,119.61886484593076
1,666,2,1,2,-0.7244813201501,126.78479581940806,-0.28564538581
1,667,2,2,3,-0.8810509280350901,-0.8811382549450901,120.11002385550202
1,668,1,2,1,126.40948776318874,-0.7244813201501,-0.28643926681
1,669,2,2,3,-0.8810509280350901,-0.8811382549450901,119.88991383164652
1,670,2,2,3,-0.8810509280350901,-0.8811382549450901,119.67002391781487
1,671,2,2,3,-0.8810509280350901,-0.8811382549450901,120.11634517735042
1,672,2,1,2,-0.7244813201501,126.24900591180345,-0.28564538581
1,673,2,2,3,-0.8810509280350901,-0.8811382549450901,120.50336224488393
1,674,2,1,2,-0.7244813201501,126.25393818286662,-0.28564538581
1,675,2,2,3,-0.8810509280350901,-0.8811382549450901,120.85216590049933
1,676,2,1,2,-0.7244813201501,126.39290878872939,-0.28564538581
1,677,2,2,3,-0.8810509280350901,-0.8811382549450901,121.18073348008059
1,678,1,2,1,126.2585668839024,-0.7244813201501,-0.28643926681
1,679,2,2,3,-0.8810509280350901,-0.8811382549450901,120.95955274660051
1,680,2,2,3,-0.8810509280350901,-0.8811382549450901,120.7385931938539
1,681,2,2,3,-0.8810509280350901,-0.8811382549450901,121.06433199597485
1,682,1,2,1,126.21807906311368,-0.7244813201501,-0.28643926681
1,683,2,2,3,-0.8810509280350901,-0.8811382549450901,120.84326766397888
1,684,2,2,3,-0.8810509280350901,-0.8811382549450901,120.6224243963149
1,685,2,2,3,-0.8810509280350901,-0.8811382549450901,120.95577178393167
1,686,1,2,1,126.27089256341155,-0.7244813201501,-0.28643926681
1,687,2,2,3,-0.8810509280350901,-0.8811382549450901,121.2603669298465
1,688,2,1,2,-0.7244813201501,133.09658405540722,-0.28564538581
1,689,2,0,2,-0.9920000000000001,100.07398687133765,-0.24516100000000002
1,690,1,2,1,133.76868755881569,-0.7244813201501,-0.28643926681
1,691,2,1,2,-0.7244813201501,133.7961956924711,-0.28564538581
1,692,2,1,2,-0.7244813201501,133.8623994967786,-0.28564538581
1,693,2,1,2,-0.7244813201501,134.02247675838692,-0.28564538581
1,694,1,2,1,133.768182900839,-0.7244813201501,-0.28643926681
1,695,0,1,2,0.02480464015294347,33.47619594963805,0.4484812350418096
1,696,0,1,2,0.02480464015294347,33.94271975368841,0.4484812350418096
1,697,0,1,2,0.02480464015294347,41.055630159613614,0.4484812350418096
1,698,0,2,1,103.31131148098733,-0.9920000000000001,-0.24516100000000002
1,699,2,1,2,-0.7244813201501,134.36138743070057,-0.28564538581
1,700,1,2,1,134.35874882442806,-0.7244813201501,-0.28643926681
1,701,1,2,1,133.12765026804007,-0.7244813201501,-0.28643926681
1,702,2,2,3,-0.8810509280350901,-0.8811382549450901,122.21114111359663
1,703,2,1,2,-0.7244813201501,132.688092758744,-0.28564538581
1,704,2,2,3,-0.8810509280350901,-0.8811382549450901,123.02614818535262
1,705,2,1,2,-0.7244813201501,139.5469376737169,-0.28564538581
1,706,2,0,2,-0.9920000000000001,106.79382129194623,-0.24516100000000002
1,707,2,1,2,-0.7244813201501,139.5073907360432,-0.28564538581
1,708,2,1,2,-0.7244813201501,139.57018690321362,-0.28564538581
1,709,1,2,1,138.11512611158327,-0.7244813201501,-0.28643926681
1,710,2,2,3,-0.8810509280350901,-0.8811382549450901,124.2969308518641
1,711,1,2,1,137.0090096547595,-0.7244813201501,-0.28643926681
1,712,2,2,3,-0.8810509280350901,-0.8811382549450901,124.07263392101224
1,713,2,2,3,-0.8810509280350901,-0.8811382549450901,123.84856128709123
1,714,2,2,3,-0.8810509280350901,-0.8811382549450901,124.9275971142033
1,715,1,2,1,136.17594080358967,-0.7244813201501,-0.28643926681
1,716,2,2,3,-0.8810509280350901,-0.8811382549450901,125.81625554233834
1,717,1,2,1,135.6141560219222,-0.7244813201501,-0.28643926681
1,718,2,2,3,-0.8810509280350901,-0.8811382549450901,126.5604314342748
1,719,1,2,1,135.28222313172319,-0.7244813201501,-0.28643926681
1,720,2,2,3,-0.8810509280350901,-0.8811382549450901,126.33387100284052
1,721,2,2,3,-0.8810509280350901,-0.8811382549450901,126.10753713183769
1,722,2,2,3,-0.8810509280350901,-0.8811382549450901,125.88142959470585
1,723,2,2,3,-0.8810509280350901,-0.8811382549450901,125.65554816511114
1,724,2,2,3,-0.8810509280350901,-0.8811382549450901,126.38293343864062
1,725,1,2,1,135.0659112289763,-0.7244813201501,-0.28643926681
1,726,2,2,3,-0.8810509280350901,-0.8811382549450901,127.01485763468654
1,727,2,1,2,-0.7244813201501,134.42190308683382,-0.28564538581
1,728,2,2,3,-0.8810509280350901,-0.8811382549450901,126.78784277705185
1,729,2,2,3,-0.8810509280350901,-0.8811382549450901,126.5610549342748
1,730,2,2,3,-0.8810509280350901,-0.8811382549450901,127.11389475102666
1,731,1,2,1,141.4633775803307,-0.7244813201501,-0.28643926681
1,732,0,2,1,108.70214530407276,-0.9920000000000001,-0.24516100000000002
1,733,2,2,3,-0.8810509280350901,-0.8811382549450901,128.30737965637672
1,734,1,2,1,141.4208176298169,-0.7244813201501,-0.28643926681
1,735,2,1,2,-0.7244813201501,141.66761967587158,-0.28564538581
1,736,1,2,1,141.75854154118312,-0.7244813201501,-0.28643926681
1,737,2,1,2,-0.7244813201501,142.09555360135255,-0.28564538581
1,738,1,2,1,142.30259228077273,-0.7244813201501,-0.28643926681
1,739,2,1,2,-0.7244813201501,142.73451602510892,-0.28564538581
1,740,1,2,1,143.0534622117489,-0.7244813201501,-0.28643926681
1,741,2,1,2,-0.7244813201501,142.12345204938634,-0.28564538581
1,742,2,2,3,-0.8810509280350901,-0.8811382549450901,129.4468634436283
1,743,2,1,2,-0.7244813201501,141.52634632536692,-0.28564538581
1,744,2,2,3,-0.8810509280350901,-0.8811382549450901,129.21741658018468
1,745,2,2,3,-0.8810509280350901,-0.8811382549450901,128.9881991636045
1,746,2,2,3,-0.8810509280350901,-0.8811382549450901,130.00290165582612
1,747,1,2,1,140.76594552376386,-0.7244813201501,-0.28643926681
1,748,2,2,3,-0.8810509280350901,-0.8811382549450901,129.77289875417028
1,749,2,2,3,-0.8810509280350901,-0.8811382549450901,129.54312585541612
1,750,2,2,3,-0.8810509280350901,-0.8811382549450901,129.3135827295607
1,751,2,2,3,-0.8810509280350901,-0.8811382549450901,129.08426914683113
1,752,2,2,3,-0.8810509280350901,-0.8811382549450901,128.8551848776843
1,753,2,2,3,-0.8810509280350901,-0.8811382549450901,128.62632969280662
1,754,2,2,3,-0.8810509280350901,-0.8811382549450901,128.3977033631138
1,755,2,2,3,-0.8810509280350901,-0.8811382549450901,128.1693056597507
1,756,2,2,3,-0.8810509280350901,-0.8811382549450901,127.94113635409096
1,757,2,2,3,-0.8810509280350901,-0.8811382549450901,127.71319521773687
1,758,2,2,3,-0.8810509280350901,-0.8811382549450901,128.7755315926821
1,759,2,1,2,-0.7244813201501,147.33077182064855,-0.28564538581
1,760,2,0,2,-0.9920000000000001,112.4165787410855,-0.24516100000000002
1,761,1,2,1,147.8015234310858,-0.7244813201501,-0.28643926681
1,762,2,1,2,-0.7244813201501,147.77939173211257,-0.28564538581
1,763,1,2,1,148.30653756398988,-0.7244813201501,-0.28643926681
1,764,2,1,2,-0.7244813201501,148.43541597795857,-0.28564538581
1,765,2,1,2,-0.7244813201501,148.58698056198062,-0.28564538581
1,766,2,1,2,-0.7244813201501,148.8307599125271,-0.28564538581
1,767,1,2,1,149.44806290381993,-0.7244813201501,-0.28643926681
1,768,2,1,2,-0.7244813201501,147.83751556155283,-0.28564538581
1,769,2,2,3,-0.8810509280350901,-0.8811382549450901,130.43389247400762
1,770,2,1,2,-0.7244813201501,148.2812153952678,-0.28564538581
1,771,1,2,1,147.39551141282203,-0.7244813201501,-0.28643926681
1,772,0,1,2,0.02480464015294347,48.77941718485931,0.4484812350418096
1,773,0,2,1,114.08886482044548,-0.9920000000000001,-0.24516100000000002
1,774,2,2,3,-0.8810509280350901,-0.8811382549450901,130.20345858153362
1,775,2,2,3,-0.8810509280350901,-0.8811382549450901,129.97325512295208
1,776,2,2,3,-0.8810509280350901,-0.8811382549450901,129.74328186782913
1,777,2,2,3,-0.8810509280350901,-0.8811382549450901,129.5135385859613
1,778,2,2,3,-0.8810509280350901,-0.8811382549450901,131.05653773997943
1,779,2,1,2,-0.7244813201501,146.4505337145694,-0.28564538581
1,780,2,2,3,-0.8810509280350901,-0.8811382549450901,132.34750915925346
1,781,1,2,1,144.9899051637841,-0.7244813201501,-0.28643926681
1,782,2,2,3,-0.8810509280350901,-0.8811382549450901,132.1151616500942
1,783,2,2,3,-0.8810509280350901,-0.8811382549450901,131.8830464884441
1,784,2,2,3,-0.8810509280350901,-0.8811382549450901,132.95052233083769
1,785,2,1,2,-0.7244813201501,151.70179512085915,-0.28564538581
1,786,2,0,2,-0.9920000000000001,117.69756631667839,-0.24516100000000002
1,787,2,1,2,-0.7244813201501,151.65009332573828,-0.28564538581
1,788,2,1,2,-0.7244813201501,151.6968526218486,-0.28564538581
1,789,1,2,1,151.7377394855855,-0.7244813201501,-0.28643926681
1,790,2,1,2,-0.7244813201501,150.03638492261595,-0.28564538581
1,791,2,2,3,-0.8810509280350901,-0.8811382549450901,134.4090722050929
1,792,2,1,2,-0.7244813201501,150.28532708788455,-0.28564538581
1,793,1,2,1,148.8780352625364,-0.7244813201501,-0.28643926681
1,794,2,2,3,-0.8810509280350901,-0.8811382549450901,135.60709047557472
1,795,1,2,1,147.81533369336466,-0.7244813201501,-0.28643926681
1,796,2,2,3,-0.8810509280350901,-0.8811382549450901,135.37148338509914
1,797,2,2,3,-0.8810509280350901,-0.8811382549450901,135.13611190171403
1,798,2,2,3,-0.8810509280350901,-0.8811382549450901,136.1549051694851
1,799,2,1,2,-0.7244813201501,147.00119432034697,-0.28564538581
1,800,2,2,3,-0.8810509280350901,-0.8811382549450901,135.9187502643156
1,801,2,2,3,-0.8810509280350901,-0.8811382549450901,135.6828315140513
1,802,2,2,3,-0.8810509280350901,-0.8811382549450901,135.44714868253723
1,803,2,2,3,-0.8810509280350901,-0.8811382549450901,135.2117015338547
1,804,2,2,3,-0.8810509280350901,-0.8811382549450901,134.97648983232085
1,805,2,2,3,-0.8810509280350901,-0.8811382549450901,134.74151334248853
1,806,2,2,3,-0.8810509280350901,-0.8811382549450901,135.72048024595404
1,807,2,1,2,-0.7244813201501,146.33740243266172,-0.28564538581
1,808,2,2,3,-0.8810509280350901,-0.8811382549450901,135.48475976570808
1,809,2,2,3,-0.8810509280350901,-0.8811382549450901,135.24927500594237
1,810,2,2,3,-0.8810509280350901,-0.8811382549450901,136.11281434411916
1,811,1,2,1,145.68850351798616,-0.7244813201501,-0.28643926681
1,812,2,2,3,-0.8810509280350901,-0.8811382549450901,136.82373715984411
1,813,2,1,2,-0.7244813201501,145.35649770734156,-0.28564538581
1,814,2,2,3,-0.8810509280350901,-0.8811382549450901,136.58691342268426
1,815,2,2,3,-0.8810509280350901,-0.8811382549450901,136.35032650926158
1,816,2,2,3,-0.8810509280350901,-0.8811382549450901,137.00558713136223
1,817,2,1,2,-0.7244813201501,145.18440106261227,-0.28564538581
1,818,2,2,3,-0.8810509280350901,-0.8811382549450901,137.57905977792106
1,819,1,2,1,144.89333927887836,-0.7244813201501,-0.28643926681
1,820,2,2,3,-0.8810509280350901,-0.8811382549450901,138.0655943887379
1,821,1,2,1,144.77249919547558,-0.7244813201501,-0.28643926681
1,822,2,2,3,-0.8810509280350901,-0.8811382549450901,138.49088409007408
1,823,2,1,2,-0.7244813201501,151.84159670362354,-0.28564538581
1,824,2,0,2,-0.9920000000000001,119.63840720992789,-0.24516100000000002
1,825,2,2,3,-0.8810509280350901,-0.8811382549450901,139.5741137547254
1,826,2,1,2,-0.7244813201501,151.78975510691993,-0.28564538581
1,827,2,1,2,-0.7244813201501,151.837965351813,-0.28564538581
1,828,2,1,2,-0.7244813201501,151.9861273864612,-0.28564538581
1,829,2,1,2,-0.7244813201501,152.23414125907473,-0.28564538581
1,830,2,1,2,-0.7244813201501,152.58190711781566,-0.28564538581
1,831,2,1,2,-0.7244813201501,153.02932521069783,-0.28564538581
1,832,2,1,2,-0.7244813201501,152.24422995134586,-0.28564538581
1,833,2,2,3,-0.8810509280350901,-0.8811382549450901,140.5888811444361
1,834,2,1,2,-0.7244813201501,152.89248542321155,-0.28564538581
1,835,1,2,1,153.60099123810835,-0.7244813201501,-0.28643926681
1,836,2,1,2,-0.7244813201501,159.9929638258997,-0.28564538581
1,837,2,0,2,-0.9920000000000001,121.59286572223428,-0.24516100000000002
1,838,2,2,3,-0.8810509280350901,-0.8811382549450901,140.34829226329165
1,839,2,2,3,-0.8810509280350901,-0.8811382549450901,140.10794397102836
1,840,2,2,3,-0.8810509280350901,-0.8811382549450901,139.86783602705734
1,841,2,2,3,-0.8810509280350901,-0.8811382549450901,139.62796819103028
1,842,2,2,3,-0.8810509280350901,-0.8811382549450901,139.38834022283925
1,843,2,2,3,-0.8810509280350901,-0.8811382549450901,139.14895188261642
1,844,2,2,3,-0.8810509280350901,-0.8811382549450901,138.9098029307338
1,845,2,2,3,-0.8810509280350901,-0.8811382549450901,138.67089312780308
1,846,2,2,3,-0.8810509280350901,-0.8811382549450901,138.4322222346753
1,847,2,2,3,-0.8810509280350901,-0.8811382549450901,138.19379001244062
1,848,2,2,3,-0.8810509280350901,-0.8811382549450901,140.11371442996062
1,849,2,1,2,-0.7244813201501,157.96492517187582,-0.28564538581
1,850,2,2,3,-0.8810509280350901,-0.8811382549450901,139.87360071553067
1,851,2,2,3,-0.8810509280350901,-0.8811382549450901,139.63372711481514
1,852,2,2,3,-0.8810509280350901,-0.8811382549450901,141.20888199534934
1,853,2,1,2,-0.7244813201501,156.34811197222783,-0.28564538581
1,854,2,2,3,-0.8810509280350901,-0.8811382549450901,142.46582081499787
1,855,1,2,1,162.64515573211992,-0.7244813201501,-0.28643926681
1,856,0,2,1,123.53718331438196,-0.9920000000000001,-0.24516100000000002
1,857,2,2,3,-0.8810509280350901,-0.8811382549450901,144.22110915097795
1,858,1,2,1,162.5825105763878,-0.7244813201501,-0.28643926681
1,859,1,2,1,162.6199280658114,-0.7244813201501,-0.28643926681
1,860,1,2,1,160.93582506517708,-0.7244813201501,-0.28643926681
1,861,2,2,3,-0.8810509280350901,-0.8811382549450901,145.6316449173327
1,862,1,2,1,161.1748892401119,-0.7244813201501,-0.28643926681
1,863,1,2,1,161.5137143508718,-0.7244813201501,-0.28643926681
1,864,1,2,1,160.37987576260056,-0.7244813201501,-0.28643926681
1,865,2,2,3,-0.8810509280350901,-0.8811382549450901,146.84608812609687
1,866,1,2,1,160.91949588683795,-0.7244813201501,-0.28643926681
1,867,1,2,1,161.55857639095112,-0.7244813201501,-0.28643926681
1,868,1,2,1,167.5328998999798,-0.7244813201501,-0.28643926681
1,869,0,2,1,127.76922207304177,-0.9920000000000001,-0.24516100000000002
1,870,1,2,1,167.46579088549987,-0.7244813201501,-0.28643926681
1,871,2,1,2,-0.7244813201501,165.554081764802,-0.28564538581
1,872,2,2,3,-0.8810509280350901,-0.8811382549450901,146.59924203797078
1,873,2,2,3,-0.8810509280350901,-0.8811382549450901,146.3526427959328
1,874,2,2,3,-0.8810509280350901,-0.8811382549450901,146.10629015313688
1,875,2,2,3,-0.8810509280350901,-0.8811382549450901,145.86018386298375
1,876,2,2,3,-0.8810509280350901,-0.8811382549450901,147.56401957140076
1,877,2,1,2,-0.7244813201501,164.00751152589046,-0.28564538581
1,878,2,2,3,-0.8810509280350901,-0.8811382549450901,148.94436125532386
1,879,2,1,2,-0.7244813201501,162.8522521375785,-0.28564538581
1,880,2,2,3,-0.8810509280350901,-0.8811382549450901,150.07229809141174
1,881,2,1,2,-0.7244813201501,162.0241844348704,-0.28564538581
1,882,2,2,3,-0.8810509280350901,-0.8811382549450901,149.82222579332034
1,883,2,2,3,-0.8810509280350901,-0.8811382549450901,149.57240356752703
1,884,2,2,3,-0.8810509280350901,-0.8811382549450901,150.55576624296535
1,885,1,2,1,160.92868478706285,-0.7244813201501,-0.28643926681
1,886,2,2,3,-0.8810509280350901,-0.8811382549450901,150.30521047672238
1,887,2,2,3,-0.8810509280350901,-0.8811382549450901,150.05490526624567
1,888,2,2,3,-0.8810509280350901,-0.8811382549450901,149.80485036097943
1,889,2,2,3,-0.8810509280350901,-0.8811382549450901,149.55504551061844
1,890,2,2,3,-0.8810509280350901,-0.8811382549450901,150.43129285765085
1,891,2,1,2,-0.7244813201501,160.42680615740068,-0.28564538581
1,892,2,2,3,-0.8810509280350901,-0.8811382549450901,150.1808615647932
1,893,2,2,3,-0.8810509280350901,-0.8811382549450901,149.9306807032284
1,894,2,2,3,-0.8810509280350901,-0.8811382549450901,150.71986644248824
1,895,2,1,2,-0.7244813201501,160.10539231946694,-0.28564538581
1,896,2,2,3,-0.8810509280350901,-0.8811382549450901,151.39831363786664
1,897,2,1,2,-0.7244813201501,166.64409366518953,-0.28564538581
1,898,2,0,2,-0.9920000000000001,131.49086143348347,-0.24516100000000002
1,899,2,1,2,-0.7244813201501,166.57744957152434,-0.28564538581
1,900,2,1,2,-0.7244813201501,166.61100029805343,-0.28564538581
1,901,1,2,1,166.74831202254907,-0.7244813201501,-0.28643926681
1,902,2,1,2,-0.7244813201501,165.37061789278118,-0.28564538581
1,903,2,2,3,-0.8810509280350901,-0.8811382549450901,152.53017344546532
1,904,2,1,2,-0.7244813201501,165.60438557667692,-0.28564538581
1,905,1,2,1,165.85333516203173,-0.7244813201501,-0.28643926681
1,906,2,1,2,-0.7244813201501,166.19656466108646,-0.28564538581
1,907,1,2,1,166.55277529399606,-0.7244813201501,-0.28643926681
1,908,2,1,2,-0.7244813201501,166.99906731613433,-0.28564538581
1,909,2,1,2,-0.7244813201501,167.5320682488182,-0.28564538581
1,910,2,1,2,-0.7244813201501,166.67934859503745,-0.28564538581
1,911,2,2,3,-0.8810509280350901,-0.8811382549450901,153.6784116118275
1,912,2,1,2,-0.7244813201501,164.74066063191958,-0.28564538581
1,913,1,0,1,57.51983979451385,0.02480464015294347,0.44810014016329236
1,914,2,0,2,-0.9920000000000001,134.65006332349998,-0.24516100000000002
1,915,1,2,1,164.17132668925143,-0.7244813201501,-0.28643926681
1,916,2,2,3,-0.8810509280350901,-0.8811382549450901,153.42473320021568
1,917,2,2,3,-0.8810509280350901,-0.8811382549450901,153.17130846701548
1,918,2,2,3,-0.8810509280350901,-0.8811382549450901,154.00807259482548
1,919,2,1,2,-0.7244813201501,163.10948077335644,-0.28564538581
1,920,2,2,3,-0.8810509280350901,-0.8811382549450901,154.65426366285712
1,921,1,2,1,162.90166598911546,-0.7244813201501,-0.28643926681
1,922,2,2,3,-0.8810509280350901,-0.8811382549450901,154.39960939919428
1,923,2,2,3,-0.8810509280350901,-0.8811382549450901,154.14520978979508
1,924,2,2,3,-0.8810509280350901,-0.8811382549450901,154.757953743738
1,925,1,2,1,169.84189884082832,-0.7244813201501,-0.28643926681
1,926,0,2,1,136.50648697176115,-0.9920000000000001,-0.24516100000000002
1,927,2,2,3,-0.8810509280350901,-0.8811382549450901,155.9965063546062
1,928,1,2,1,168.4013630858515,-0.7244813201501,-0.28643926681
1,929,2,2,3,-0.8810509280350901,-0.8811382549450901,156.96859066464486
1,930,1,2,1,168.43357043142134,-0.7244813201501,-0.28643926681
1,931,2,1,2,-0.7244813201501,168.47243904123667,-0.28564538581
1,932,1,2,1,168.60051586850827,-0.7244813201501,-0.28643926681
1,933,1,2,1,167.68035475745728,-0.7244813201501,-0.28643926681
1,934,2,2,3,-0.8810509280350901,-0.8811382549450901,156.7116220739802
1,935,2,2,3,-0.8810509280350901,-0.8811382549450901,156.45491045190624
1,936,2,2,3,-0.8810509280350901,-0.8811382549450901,157.3097745277039
1,937,1,2,1,166.98598695995423,-0.7244813201501,-0.28643926681
1,938,2,2,3,-0.8810509280350901,-0.8811382549450901,158.01068649830336
1,939,2,1,2,-0.7244813201501,166.2329618121488,-0.28564538581
1,940,2,2,3,-0.8810509280350901,-0.8811382549450901,157.75267581180506
1,941,2,2,3,-0.8810509280350901,-0.8811382549450901,157.49492313599325
1,942,2,2,3,-0.8810509280350901,-0.8811382549450901,157.23742821285725
1,943,2,2,3,-0.8810509280350901,-0.8811382549450901,156.9801907846444
1,944,2,2,3,-0.8810509280350901,-0.8811382549450901,156.72321059385976
1,945,2,2,3,-0.8810509280350901,-0.8811382549450901,156.4664873832659
1,946,2,2,3,-0.8810509280350901,-0.8811382549450901,157.17690186434203
1,947,2,1,2,-0.7244813201501,165.5701789155038,-0.28564538581
1,948,2,2,3,-0.8810509280350901,-0.8811382549450901,157.7506593905427
1,949,2,1,2,-0.7244813201501,165.13047630361714,-0.28564538581
1,950,2,2,3,-0.8810509280350901,-0.8811382549450901,158.22330888079676
1,951,1,2,1,164.87970239109282,-0.7244813201501,-0.28643926681
1,952,2,2,3,-0.8810509280350901,-0.8811382549450901,157.96508557191598
1,953,2,2,3,-0.8810509280350901,-0.8811382549450901,157.70712048634405
1,954,2,2,3,-0.8810509280350901,-0.8811382549450901,157.4494133658577
1,955,2,2,3,-0.8810509280350901,-0.8811382549450901,157.19196395249185
1,956,2,2,3,-0.8810509280350901,-0.8811382549450901,156.93477198853935
1,957,2,2,3,-0.8810509280350901,-0.8811382549450901,156.6778372165508
1,958,2,2,3,-0.8810509280350901,-0.8811382549450901,157.2333255838887
1,959,2,1,2,-0.7244813201501,164.55948186001388,-0.28564538581
1,960,2,2,3,-0.8810509280350901,-0.8811382549450901,157.7012183325939
1,961,1,2,1,164.41446886123646,-0.7244813201501,-0.28643926681
1,962,2,2,3,-0.8810509280350901,-0.8811382549450901,157.4435171142613
1,963,2,2,3,-0.8810509280350901,-0.8811382549450901,157.18607359714704
1,964,2,2,3,-0.8810509280350901,-0.8811382549450901,157.64464571203732
1,965,2,1,2,-0.7244813201501,164.28117878553704,-0.28564538581
1,966,2,2,3,-0.8810509280350901,-0.8811382549450901,158.04388548899342
1,967,1,2,1,164.2982023739544,-0.7244813201501,-0.28643926681
1,968,2,2,3,-0.8810509280350901,-0.8811382549450901,157.78584160350442
1,969,2,2,3,-0.8810509280350901,-0.8811382549450901,157.52805576190093
1,970,2,2,3,-0.8810509280350901,-0.8811382549450901,157.94077222073233
1,971,1,2,1,171.28252434676332,-0.7244813201501,-0.28643926681
1,972,0,2,1,138.49197472443754,-0.9920000000000001,-0.24516100000000002
1,973,2,2,3,-0.8810509280350901,-0.8811382549450901,159.00366490898867
1,974,1,2,1,171.21124182241655,-0.7244813201501,-0.28643926681
1,975,1,2,1,171.24003058059412,-0.7244813201501,-0.28643926681
1,976,1,2,1,171.3688937007246,-0.7244813201501,-0.28643926681
1,977,2,1,2,-0.7244813201501,172.00975763575093,-0.28564538581
1,978,1,2,1,170.99623612892222,-0.7244813201501,-0.28643926681
1,979,2,2,3,-0.8810509280350901,-0.8811382549450901,159.9319257948531
1,980,1,2,1,170.22987316972046,-0.7244813201501,-0.28643926681
1,981,2,2,3,-0.8810509280350901,-0.8811382549450901,160.6914906591701
1,982,1,2,1,169.71534342800626,-0.7244813201501,-0.28643926681
1,983,2,2,3,-0.8810509280350901,-0.8811382549450901,161.32416059262573
1,984,1,2,1,170.24562808457824,-0.7244813201501,-0.28643926681
1,985,1,2,1,170.87538245649367,-0.7244813201501,-0.28643926681
1,986,1,2,1,177.39854970856362,-0.7244813201501,-0.28643926681
1,987,0,2,1,140.61386915066373,-0.9920000000000001,-0.24516100000000002
1,988,2,2,3,-0.8810509280350901,-0.8811382549450901,162.65087767673234
1,989,2,1,2,-0.7244813201501,183.44922468806874,-0.28564538581
1,990,2,0,2,-0.9920000000000001,144.71366930348995,-0.24516100000000002
1,991,2,1,2,-0.7244813201501,183.36577546338066,-0.28564538581
1,992,2,1,2,-0.7244813201501,181.33163480703908,-0.28564538581
1,993,2,2,3,-0.8810509280350901,-0.8811382549450901,164.24031372011004
1,994,1,2,1,179.5827347951176,-0.7244813201501,-0.28643926681
1,995,2,2,3,-0.8810509280350901,-0.8811382549450901,165.49497309281568
1,996,1,2,1,179.6031520603225,-0.7244813201501,-0.28643926681
1,997,1,2,1,179.72354890826216,-0.7244813201501,-0.28643926681
1,998,1,2,1,179.9438253593539,-0.7244813201501,-0.28643926681
1,999,1,2,1,180.26388153399455,-0.7244813201501,-0.28643926681
1,1000,1,2,1,179.22149571678383,-0.7244813201501,-0.28643926681
1,1001,2,2,3,-0.8810509280350901,-0.8811382549450901,166.58623207661378
1,1002,2,1,2,-0.7244813201501,179.32253074032226,-0.28564538581
1,1003,1,2,1,178.60908599514238,-0.7244813201501,-0.28643926681
1,1004,2,2,3,-0.8810509280350901,-0.8811382549450901,167.5099083824715
1,1005,1,2,1,178.13165832549282,-0.7244813201501,-0.28643926681
1,1006,2,2,3,-0.8810509280350901,-0.8811382549450901,168.291566390872
1,1007,2,1,2,-0.7244813201501,177.35767276949315,-0.28564538581
1,1008,2,2,3,-0.8810509280350901,-0.8811382549450901,168.92081935596462
1,1009,2,1,2,-0.7244813201501,176.84506660878432,-0.28564538581
1,1010,2,2,3,-0.8810509280350901,-0.8811382549450901,168.65189853660866
1,1011,2,2,3,-0.8810509280350901,-0.8811382549450901,168.38324663807205
1,1012,2,2,3,-0.8810509280350901,-0.8811382549450901,168.9525835685345
1,1013,2,1,2,-0.7244813201501,176.4868657211908,-0.28564538581
1,1014,2,2,3,-0.8810509280350901,-0.8811382549450901,169.42952491807893
1,1015,2,1,2,-0.7244813201501,176.31170211596154,-0.28564538581
1,1016,2,2,3,-0.8810509280350901,-0.8811382549450901,169.16009539316084
1,1017,2,2,3,-0.8810509280350901,-0.8811382549450901,168.89093529776767
1,1018,2,2,3,-0.8810509280350901,-0.8811382549450901,169.3582652908938
1,1019,1,2,1,182.9217373041887,-0.7244813201501,-0.28643926681
1,1020,0,2,1,147.01172285535694,-0.9920000000000001,-0.24516100000000002
1,1021,2,2,3,-0.8810509280350901,-0.8811382549450901,170.4316907549191
1,1022,1,2,1,182.8373749051455,-0.7244813201501,-0.28643926681
1,1023,2,1,2,-0.7244813201501,183.4365302036407,-0.28564538581
1,1024,1,2,1,183.52268500447266,-0.7244813201501,-0.28643926681
1,1025,2,1,2,-0.7244813201501,180.70992483850438,-0.28564538581
1,1026,1,0,1,66.62172410811947,0.02480464015294347,0.44810014016329236
1,1027,2,0,2,-0.9920000000000001,150.20360857139747,-0.24516100000000002
1,1028,1,2,1,179.96105554975503,-0.7244813201501,-0.28643926681
1,1029,2,2,3,-0.8810509280350901,-0.8811382549450901,171.0997769836269
1,1030,2,1,2,-0.7244813201501,178.9593806868309,-0.28564538581
1,1031,2,2,3,-0.8810509280350901,-0.8811382549450901,170.82867720664328
1,1032,2,2,3,-0.8810509280350901,-0.8811382549450901,171.36718844967865
1,1033,1,2,1,178.56879678106094,-0.7244813201501,-0.28643926681
1,1034,2,2,3,-0.8810509280350901,-0.8811382549450901,171.09582126122896
1,1035,2,2,3,-0.8810509280350901,-0.8811382549450901,170.82472543996772
1,1036,2,2,3,-0.8810509280350901,-0.8811382549450901,171.31660352916288
1,1037,2,1,2,-0.7244813201501,177.83625859658653,-0.28564538581
1,1038,2,2,3,-0.8810509280350901,-0.8811382549450901,171.04528692563372
1,1039,2,2,3,-0.8810509280350901,-0.8811382549450901,170.77424163870808
1,1040,2,2,3,-0.8810509280350901,-0.8811382549450901,170.50346739706936
1,1041,2,2,3,-0.8810509280350901,-0.8811382549450901,170.23296392967228
1,1042,2,2,3,-0.8810509280350901,-0.8811382549450901,169.9627309657426
1,1043,2,2,3,-0.8810509280350901,-0.8811382549450901,169.69276823477685
1,1044,2,2,3,-0.8810509280350901,-0.8811382549450901,169.42307546654206
1,1045,2,2,3,-0.8810509280350901,-0.8811382549450901,169.15365239107552
1,1046,2,2,3,-0.8810509280350901,-0.8811382549450901,168.88449873868444
1,1047,2,2,3,-0.8810509280350901,-0.8811382549450901,168.61561423994576
1,1048,2,2,3,-0.8810509280350901,-0.8811382549450901,169.25984241701326
1,1049,2,1,2,-0.7244813201501,177.1093571362122,-0.28564538581
1,1050,2,2,3,-0.8810509280350901,-0.8811382549450901,169.76768453179693
1,1051,2,1,2,-0.7244813201501,176.60542219123886,-0.28564538581
1,1052,2,2,3,-0.8810509280350901,-0.8811382549450901,169.49791684726515
1,1053,2,2,3,-0.8810509280350901,-0.8811382549450901,169.2284189304179
1,1054,2,2,3,-0.8810509280350901,-0.8811382549450901,169.68951383430874
1,1055,2,1,2,-0.7244813201501,176.24414184171155,-0.28564538581
1,1056,2,2,3,-0.8810509280350901,-0.8811382549450901,169.41982432047445
1,1057,2,2,3,-0.8810509280350901,-0.8811382549450901,169.15040449615398
1,1058,2,2,3,-0.8810509280350901,-0.8811382549450901,169.58613240766815
1,1059,1,2,1,176.03237584590067,-0.7244813201501,-0.28643926681
1,1060,2,2,3,-0.8810509280350901,-0.8811382549450901,169.9523858887254
1,1061,2,1,2,-0.7244813201501,175.8331654922934,-0.28564538581
1,1062,2,2,3,-0.8810509280350901,-0.8811382549450901,169.68243350283666
1,1063,2,2,3,-0.8810509280350901,-0.8811382549450901,169.4127510693338
1,1064,2,2,3,-0.8810509280350901,-0.8811382549450901,169.78106398436557
1,1065,1,2,1,175.77730735231717,-0.7244813201501,-0.28643926681
1,1066,2,2,3,-0.8810509280350901,-0.8811382549450901,169.5112829203812
1,1067,2,2,3,-0.8810509280350901,-0.8811382549450901,169.24177163746083
1,1068,2,2,3,-0.8810509280350901,-0.8811382549450901,169.61765372718887
1,1069,2,1,2,-0.7244813201501,175.67450456875633,-0.28564538581
1,1070,2,2,3,-0.8810509280350901,-0.8811382549450901,169.94766430677686
1,1071,2,1,2,-0.7244813201501,175.7318728782516,-0.28564538581
1,1072,2,2,3,-0.8810509280350901,-0.8811382549450901,170.25035329104608
1,1073,2,1,2,-0.7244813201501,182.9288428389948,-0.28564538581
1,1074,2,0,2,-0.9920000000000001,153.2932031553182,-0.24516100000000002
1,1075,2,1,2,-0.7244813201501,182.8459139961558,-0.28564538581
1,1076,2,1,2,-0.7244813201501,181.61610757235377,-0.28564538581
1,1077,2,2,3,-0.8810509280350901,-0.8811382549450901,171.1053126116045
1,1078,2,1,2,-0.7244813201501,181.73570853242148,-0.28564538581
1,1079,1,2,1,182.37349173470108,-0.7244813201501,-0.28643926681
1,1080,2,1,2,-0.7244813201501,181.51482797337212,-0.28564538581
1,1081,2,2,3,-0.8810509280350901,-0.8811382549450901,171.86474931980788
1,1082,2,1,2,-0.7244813201501,181.83331314539873,-0.28564538581
1,1083,2,1,2,-0.7244813201501,182.25147983225332,-0.28564538581
1,1084,2,1,2,-0.7244813201501,182.76922835242107,-0.28564538581
1,1085,2,1,2,-0.7244813201501,183.38645912406864,-0.28564538581
1,1086,2,1,2,-0.7244813201501,190.12384032403827,-0.28564538581
1,1087,2,0,2,-0.9920000000000001,156.78614303186617,-0.24516100000000002
1,1088,2,1,2,-0.7244813201501,190.03022122183927,-0.28564538581
1,1089,1,2,1,187.48891098327877,-0.7244813201501,-0.28643926681
1,1090,0,1,2,0.02480464015294347,75.6805184231652,0.4484812350418096
1,1091,0,2,1,159.6682083815457,-0.9920000000000001,-0.24516100000000002
1,1092,2,1,2,-0.7244813201501,186.08508499038422,-0.28564538581
1,1093,2,2,3,-0.8810509280350901,-0.8811382549450901,173.00069780187513
1,1094,2,1,2,-0.7244813201501,186.29598486803937,-0.28564538581
1,1095,1,2,1,186.20652510844383,-0.7244813201501,-0.28643926681
1,1096,2,1,2,-0.7244813201501,186.5146315346044,-0.28564538581
1,1097,2,1,2,-0.7244813201501,185.5902374635296,-0.28564538581
1,1098,2,2,3,-0.8810509280350901,-0.8811382549450901,173.974568246619
1,1099,1,2,1,184.45930248306402,-0.7244813201501,-0.28643926681
1,1100,2,2,3,-0.8810509280350901,-0.8811382549450901,173.70059367837237
1,1101,2,2,3,-0.8810509280350901,-0.8811382549450901,173.426893084694
1,1102,2,2,3,-0.8810509280350901,-0.8811382549450901,174.2452186776102
1,1103,2,1,2,-0.7244813201501,183.95950302531614,-0.28564538581
1,1104,2,2,3,-0.8810509280350901,-0.8811382549450901,174.93309804934944
1,1105,1,2,1,183.18566070234252,-0.7244813201501,-0.28643926681
1,1106,2,2,3,-0.8810509280350901,-0.8811382549450901,175.47479925795184
1,1107,2,1,2,-0.7244813201501,183.03574161324033,-0.28564538581
1,1108,2,2,3,-0.8810509280350901,-0.8811382549450901,175.1993244586939
1,1109,2,2,3,-0.8810509280350901,-0.8811382549450901,174.9241251342352
1,1110,2,2,3,-0.8810509280350901,-0.8811382549450901,174.64920100910098
1,1111,2,2,3,-0.8810509280350901,-0.8811382549450901,174.37455180809187
1,1112,2,2,3,-0.8810509280350901,-0.8811382549450901,174.95796750338857
1,1113,1,2,1,182.45602856561644,-0.7244813201501,-0.28643926681
1,1114,2,2,3,-0.8810509280350901,-0.8811382549450901,175.42531758104573
1,1115,1,2,1,182.07753214957833,-0.7244813201501,-0.28643926681
1,1116,2,2,3,-0.8810509280350901,-0.8811382549450901,175.1498922634647
1,1117,2,2,3,-0.8810509280350901,-0.8811382549450901,174.87474237120122
1,1118,2,2,3,-0.8810509280350901,-0.8811382549450901,175.31294381688934
1,1119,1,2,1,181.82576037249254,-0.7244813201501,-0.28643926681
1,1120,2,2,3,-0.8810509280350901,-0.8811382549450901,175.03763087307246
1,1121,2,2,3,-0.8810509280350901,-0.8811382549450901,174.7625932421994
1,1122,2,2,3,-0.8810509280350901,-0.8811382549450901,175.18684183414416
1,1123,2,1,2,-0.7244813201501,189.34820521672933,-0.28564538581
1,1124,2,0,2,-0.9920000000000001,162.44751014087794,-0.24516100000000002
1,1125,2,1,2,-0.7244813201501,189.2588570115126,-0.28564538581
1,1126,2,1,2,-0.7244813201501,189.2698089865384,-0.28564538581
1,1127,1,2,1,189.78305023908942,-0.7244813201501,-0.28643926681
1,1128,2,1,2,-0.7244813201501,189.94151871149285,-0.28564538581
1,1129,2,1,2,-0.7244813201501,190.15157719278136,-0.28564538581
1,1130,2,1,2,-0.7244813201501,188.9799168150835,-0.28564538581
1,1131,2,2,3,-0.8810509280350901,-0.8811382549450901,176.277169415423
1,1132,2,1,2,-0.7244813201501,189.39093689826842,-0.28564538581
1,1133,2,1,2,-0.7244813201501,189.90154596137015,-0.28564538581
1,1134,2,1,2,-0.7244813201501,189.16283113736,-0.28564538581
1,1135,2,2,3,-0.8810509280350901,-0.8811382549450901,177.27657275647934
1,1136,2,1,2,-0.7244813201501,196.22885152757092,-0.28564538581
1,1137,2,0,2,-0.9920000000000001,163.7531398296816,-0.24516100000000002
1,1138,2,2,3,-0.8810509280350901,-0.8811382549450901,178.87557178206092
1,1139,2,1,2,-0.7244813201501,196.13262267604335,-0.28564538581
1,1140,2,1,2,-0.7244813201501,194.42804201486305,-0.28564538581
1,1141,2,2,3,-0.8810509280350901,-0.8811382549450901,180.13639076332626
1,1142,2,1,2,-0.7244813201501,193.11874049894604,-0.28564538581
1,1143,2,2,3,-0.8810509280350901,-0.8811382549450901,179.85625437256294
1,1144,2,2,3,-0.8810509280350901,-0.8811382549450901,180.88657131497928
1,1145,1,2,1,192.48906492084313,-0.7244813201501,-0.28643926681
1,1146,2,2,3,-0.8810509280350901,-0.8811382549450901,181.75686324739556
1,1147,2,1,2,-0.7244813201501,191.6571027698031,-0.28564538581
1,1148,2,2,3,-0.8810509280350901,-0.8811382549450901,182.4552300968665
1,1149,2,1,2,-0.7244813201501,191.05446027241257,-0.28564538581
1,1150,2,2,3,-0.8810509280350901,-0.8811382549450901,183.0220480283806
1,1151,1,2,1,198.04189389977122,-0.7244813201501,-0.28643926681
1,1152,0,2,1,166.98546699771646,-0.9920000000000001,-0.24516100000000002
1,1153,2,1,2,-0.7244813201501,198.46066507555616,-0.28564538581
1,1154,1,2,1,198.3843851595268,-0.7244813201501,-0.28643926681
1,1155,2,1,2,-0.7244813201501,198.85924155970747,-0.28564538581
1,1156,1,2,1,198.93407854642717,-0.7244813201501,-0.28643926681
1,1157,1,2,1,197.45985344659414,-0.7244813201501,-0.28643926681
1,1158,2,2,3,-0.8810509280350901,-0.8811382549450901,184.16836871675537
1,1159,1,2,1,196.34653660489352,-0.7244813201501,-0.28643926681
1,1160,2,2,3,-0.8810509280350901,-0.8811382549450901,185.08392926841856
1,1161,2,1,2,-0.7244813201501,195.7814673915619,-0.28564538581
1,1162,2,2,3,-0.8810509280350901,-0.8811382549450901,185.85790161334134
1,1163,2,1,2,-0.7244813201501,202.634734013342,-0.28564538581
1,1164,2,0,2,-0.9920000000000001,170.35121617258653,-0.24516100000000002
1,1165,1,2,1,201.3148428422192,-0.7244813201501,-0.28643926681
1,1166,2,2,3,-0.8810509280350901,-0.8811382549450901,187.09795954630835
1,1167,2,1,2,-0.7244813201501,199.76677157964028,-0.28564538581
1,1168,2,2,3,-0.8810509280350901,-0.8811382549450901,186.81086158676203
1,1169,2,2,3,-0.8810509280350901,-0.8811382549450901,186.52405072517527
1,1170,2,2,3,-0.8810509280350901,-0.8811382549450901,186.2375266744501
1,1171,2,2,3,-0.8810509280350901,-0.8811382549450901,185.95128914777564
1,1172,2,2,3,-0.8810509280350901,-0.8811382549450901,187.03307061938247
1,1173,2,1,2,-0.7244813201501,198.5063684129951,-0.28564538581
1,1174,2,2,3,-0.8810509280350901,-0.8811382549450901,186.7460375487631
1,1175,2,2,3,-0.8810509280350901,-0.8811382549450901,186.45929151121433
1,1176,2,2,3,-0.8810509280350901,-0.8811382549450901,187.36899312411305
1,1177,1,2,1,197.83708271947046,-0.7244813201501,-0.28643926681
1,1178,2,2,3,-0.8810509280350901,-0.8811382549450901,188.11481473890905
1,1179,2,1,2,-0.7244813201501,196.94810236103652,-0.28564538581
1,1180,2,2,3,-0.8810509280350901,-0.8811382549450901,188.704030634579
1,1181,1,2,1,196.66076602883118,-0.7244813201501,-0.28643926681
1,1182,2,2,3,-0.8810509280350901,-0.8811382549450901,189.20049169573895
1,1183,2,1,2,-0.7244813201501,196.10234071985872,-0.28564538581
1,1184,2,2,3,-0.8810509280350901,-0.8811382549450901,189.59457425743108
1,1185,2,1,2,-0.7244813201501,195.76196949935851,-0.28564538581
1,1186,2,2,3,-0.8810509280350901,-0.8811382549450901,189.30497968317366
1,1187,2,2,3,-0.8810509280350901,-0.8811382549450901,189.01567470349048
1,1188,2,2,3,-0.8810509280350901,-0.8811382549450901,189.39454221357792
1,1189,2,1,2,-0.7244813201501,195.53583222856687,-0.28564538581
1,1190,2,2,3,-0.8810509280350901,-0.8811382549450901,189.7149955810686
1,1191,1,2,1,195.58094446114828,-0.7244813201501,-0.28643926681
1,1192,2,2,3,-0.8810509280350901,-0.8811382549450901,190.0043353462171
1,1193,2,1,2,-0.7244813201501,195.51805941068787,-0.28564538581
1,1194,2,2,3,-0.8810509280350901,-0.8811382549450901,190.26169645381196
1,1195,1,2,1,202.74437943043935,-0.7244813201501,-0.28643926681
1,1196,0,2,1,172.1488910176665,-0.9920000000000001,-0.24516100000000002
1,1197,2,2,3,-0.8810509280350901,-0.8811382549450901,191.20722037204428
1,1198,1,2,1,202.6416350510089,-0.7244813201501,-0.28643926681
1,1199,1,2,1,202.63899341595788,-0.7244813201501,-0.28643926681
1,1200,1,2,1,202.73635442254192,-0.7244813201501,-0.28643926681
1,1201,1,2,1,202.9336180681194,-0.7244813201501,-0.28643926681
1,1202,1,2,1,203.22936753051133,-0.7244813201501,-0.28643926681
1,1203,2,1,2,-0.7244813201501,203.84289987142995,-0.28564538581
1,1204,1,2,1,203.02770489509098,-0.7244813201501,-0.28643926681
1,1205,2,2,3,-0.8810509280350901,-0.8811382549450901,190.91601315167225
1,1206,2,2,3,-0.8810509280350901,-0.8811382549450901,190.62509713852057
1,1207,2,2,3,-0.8810509280350901,-0.8811382549450901,190.33447204138204
1,1208,2,2,3,-0.8810509280350901,-0.8811382549450901,191.29684918265465
1,1209,2,1,2,-0.7244813201501,209.6323604789287,-0.28564538581
1,1210,2,0,2,-0.9920000000000001,175.69040594124368,-0.24516100000000002
1,1211,2,1,2,-0.7244813201501,209.52272811844975,-0.28564538581
1,1212,2,1,2,-0.7244813201501,207.7088433756876,-0.28564538581
1,1213,2,2,3,-0.8810509280350901,-0.8811382549450901,192.63033975858227
1,1214,2,1,2,-0.7244813201501,207.8042778754648,-0.28564538581
1,1215,1,2,1,206.82564619127052,-0.7244813201501,-0.28643926681
1,1216,2,2,3,-0.8810509280350901,-0.8811382549450901,192.3377094188237
1,1217,2,2,3,-0.8810509280350901,-0.8811382549450901,192.04537170940486
1,1218,2,2,3,-0.8810509280350901,-0.8811382549450901,193.21657351140016
1,1219,1,2,1,206.0715223497721,-0.7244813201501,-0.28643926681
1,1220,2,2,3,-0.8810509280350901,-0.8811382549450901,194.19319980405538
1,1221,2,1,2,-0.7244813201501,205.0640689969218,-0.28564538581
1,1222,2,2,3,-0.8810509280350901,-0.8811382549450901,194.9752226543451
1,1223,2,1,2,-0.7244813201501,204.36020914000977,-0.28564538581
1,1224,2,2,3,-0.8810509280350901,-0.8811382549450901,195.61162671952565
1,1225,1,2,1,211.23820389236195,-0.7244813201501,-0.28643926681
1,1226,0,2,1,177.48754257785797,-0.9920000000000001,-0.24516100000000002
1,1227,2,2,3,-0.8810509280350901,-0.8811382549450901,196.86304623291693
1,1228,1,2,1,209.70382508018454,-0.7244813201501,-0.28643926681
1,1229,2,2,3,-0.8810509280350901,-0.8811382549450901,196.56618318668401
1,1230,2,2,3,-0.8810509280350901,-0.8811382549450901,196.26961700349733
1,1231,2,2,3,-0.8810509280350901,-0.8811382549450901,195.97334738649383
1,1232,2,2,3,-0.8810509280350901,-0.8811382549450901,195.67737403910735
1,1233,2,2,3,-0.8810509280350901,-0.8811382549450901,195.38169666506823
1,1234,2,2,3,-0.8810509280350901,-0.8811382549450901,195.08631496840317
1,1235,2,2,3,-0.8810509280350901,-0.8811382549450901,194.79122865343476
1,1236,2,2,3,-0.8810509280350901,-0.8811382549450901,195.9709431769246
1,1237,2,1,2,-0.7244813201501,208.71782690936388,-0.28564538581
1,1238,2,2,3,-0.8810509280350901,-0.8811382549450901,196.93857088795363
1,1239,1,2,1,207.55802786992086,-0.7244813201501,-0.28643926681
1,1240,2,2,3,-0.8810509280350901,-0.8811382549450901,197.69295855828042
1,1241,1,2,1,206.67382798019855,-0.7244813201501,-0.28643926681
1,1242,2,2,3,-0.8810509280350901,-0.8811382549450901,198.28302936908952
1,1243,2,1,2,-0.7244813201501,206.32426233151392,-0.28564538581
1,1244,2,2,3,-0.8810509280350901,-0.8811382549450901,198.78082840300044
1,1245,2,1,2,-0.7244813201501,206.17113811025956,-0.28564538581
1,1246,2,2,3,-0.8810509280350901,-0.8811382549450901,199.2136882356161
1,1247,2,1,2,-0.7244813201501,213.0252290220765,-0.28564538581
1,1248,2,0,2,-0.9920000000000001,179.46037988844313,-0.24516100000000002
1,1249,2,2,3,-0.8810509280350901,-0.8811382549450901,200.28181708524008
1,1250,2,1,2,-0.7244813201501,212.91220379305443,-0.28564538581
1,1251,2,1,2,-0.7244813201501,212.89929158926137,-0.28564538581
1,1252,2,1,2,-0.7244813201501,212.9863922976721,-0.28564538581
1,1253,2,1,2,-0.7244813201501,213.17340590537444,-0.28564538581
1,1254,2,1,2,-0.7244813201501,213.46121324309206,-0.28564538581
1,1255,1,2,1,213.68053726038522,-0.7244813201501,-0.28643926681
1,1256,2,1,2,-0.7244813201501,214.05579564245343,-0.28564538581
1,1257,2,1,2,-0.7244813201501,213.17811596964685,-0.28564538581
1,1258,2,2,3,-0.8810509280350901,-0.8811382549450901,201.25925439999892
1,1259,1,2,1,212.29393003362588,-0.7244813201501,-0.28643926681
1,1260,2,2,3,-0.8810509280350901,-0.8811382549450901,202.050428033328
1,1261,1,2,1,211.66752940556276,-0.7244813201501,-0.28643926681
1,1262,2,2,3,-0.8810509280350901,-0.8811382549450901,202.69967235189276
1,1263,2,1,2,-0.7244813201501,211.36078685281538,-0.28564538581
1,1264,2,2,3,-0.8810509280350901,-0.8811382549450901,202.39697267954085
1,1265,2,2,3,-0.8810509280350901,-0.8811382549450901,202.09457570686132
1,1266,2,2,3,-0.8810509280350901,-0.8811382549450901,202.71055449493173
1,1267,1,2,1,210.9995845200577,-0.7244813201501,-0.28643926681
1,1268,2,2,3,-0.8810509280350901,-0.8811382549450901,203.22845791292426
1,1269,1,2,1,210.81924340143144,-0.7244813201501,-0.28643926681
1,1270,2,2,3,-0.8810509280350901,-0.8811382549450901,203.676135265508
1,1271,2,1,2,-0.7244813201501,217.3986061896484,-0.28564538581
1,1272,2,0,2,-0.9920000000000001,183.0373331934727,-0.24516100000000002
1,1273,1,2,1,213.0559285409288,-0.7244813201501,-0.28643926681
1,1274,0,1,2,0.02480464015294347,86.33316038198939,0.4484812350418096
1,1275,0,2,1,185.82564902585082,-0.9920000000000001,-0.24516100000000002
1,1276,2,1,2,-0.7244813201501,213.03861888446704,-0.28564538581
1,1277,1,2,1,212.92811779744173,-0.7244813201501,-0.28643926681
1,1278,1,2,1,212.91493846399024,-0.7244813201501,-0.28643926681
1,1279,2,1,2,-0.7244813201501,212.99901994019845,-0.28564538581
1,1280,1,2,1,212.17325022378907,-0.7244813201501,-0.28643926681
1,1281,2,2,3,-0.8810509280350901,-0.8811382549450901,204.21367351111232
1,1282,1,2,1,211.57307887901027,-0.7244813201501,-0.28643926681
1,1283,2,2,3,-0.8810509280350901,-0.8811382549450901,204.63713260465153
1,1284,2,1,2,-0.7244813201501,211.06658926104637,-0.28564538581
1,1285,2,2,3,-0.8810509280350901,-0.8811382549450901,204.96901168102997
1,1286,2,1,2,-0.7244813201501,210.7518624913637,-0.28564538581
1,1287,2,2,3,-0.8810509280350901,-0.8811382549450901,205.23728067471296
1,1288,1,2,1,210.50185589394184,-0.7244813201501,-0.28643926681
1,1289,2,2,3,-0.8810509280350901,-0.8811382549450901,205.4532363407419
1,1290,1,2,1,210.3915407022811,-0.7244813201501,-0.28643926681
1,1291,2,2,3,-0.8810509280350901,-0.8811382549450901,205.63667523619355
1,1292,1,2,1,210.41041748043617,-0.7244813201501,-0.28643926681
1,1293,2,2,3,-0.8810509280350901,-0.8811382549450901,205.8031026630596
1,1294,2,1,2,-0.7244813201501,210.3390067135103,-0.28564538581
1,1295,2,2,3,-0.8810509280350901,-0.8811382549450901,205.94635406139116
1,1296,2,1,2,-0.7244813201501,210.393795094237,-0.28564538581
1,1297,2,2,3,-0.8810509280350901,-0.8811382549450901,206.08113883744448
1,1298,1,2,1,210.56039803756568,-0.7244813201501,-0.28643926681
1,1299,2,2,3,-0.8810509280350901,-0.8811382549450901,206.21850435941903
1,1300,1,2,1,217.80109748736834,-0.7244813201501,-0.28643926681
1,1301,0,2,1,188.8053927745152,-0.9920000000000001,-0.24516100000000002
1,1302,1,2,1,217.6829492515832,-0.7244813201501,-0.28643926681
1,1303,2,1,2,-0.7244813201501,218.2507754679196,-0.28564538581
1,1304,2,1,2,-0.7244813201501,225.0174408997611,-0.28564538581
1,1305,2,0,2,-0.9920000000000001,192.202953051516,-0.24516100000000002
1,1306,1,2,1,225.00544308321872,-0.7244813201501,-0.28643926681
1,1307,1,2,1,223.22053070647934,-0.7244813201501,-0.28643926681
1,1308,2,2,3,-0.8810509280350901,-0.8811382549450901,205.91228585505962
1,1309,2,2,3,-0.8810509280350901,-0.8811382549450901,205.60637356920455
1,1310,2,2,3,-0.8810509280350901,-0.8811382549450901,207.04456875222556
1,1311,1,2,1,221.79588994230173,-0.7244813201501,-0.28643926681
1,1312,2,2,3,-0.8810509280350901,-0.8811382549450901,208.19686093761365
1,1313,2,1,2,-0.7244813201501,220.3182988747388,-0.28564538581
1,1314,2,2,3,-0.8810509280350901,-0.8811382549450901,209.08868643245142
1,1315,2,1,2,-0.7244813201501,219.1862489440776,-0.28564538581
1,1316,2,2,3,-0.8810509280350901,-0.8811382549450901,209.77925643466997
1,1317,2,1,2,-0.7244813201501,218.33577043670215,-0.28564538581
1,1318,2,2,3,-0.8810509280350901,-0.8811382549450901,210.3173331722772
1,1319,1,2,1,217.8305285392755,-0.7244813201501,-0.28643926681
1,1320,2,2,3,-0.8810509280350901,-0.8811382549450901,210.75013718338113
1,1321,2,1,2,-0.7244813201501,217.30551202053337,-0.28564538581
1,1322,2,2,3,-0.8810509280350901,-0.8811382549450901,210.43938704619774
1,1323,2,2,3,-0.8810509280350901,-0.8811382549450901,210.12894765915155
1,1324,2,2,3,-0.8810509280350901,-0.8811382549450901,210.52991508062016
1,1325,1,2,1,217.0230269328338,-0.7244813201501,-0.28643926681
1,1326,2,2,3,-0.8810509280350901,-0.8811382549450901,210.21938516553953
1,1327,2,2,3,-0.8810509280350901,-0.8811382549450901,209.909165780374
1,1328,2,2,3,-0.8810509280350901,-0.8811382549450901,209.59925661459363
1,1329,2,2,3,-0.8810509280350901,-0.8811382549450901,209.28965735797902
1,1330,2,2,3,-0.8810509280350901,-0.8811382549450901,209.74597128853168
1,1331,1,2,1,216.78557539711505,-0.7244813201501,-0.28643926681
1,1332,2,2,3,-0.8810509280350901,-0.8811382549450901,210.1331461239929
1,1333,1,2,1,216.71019932367884,-0.7244813201501,-0.28643926681
1,1334,2,2,3,-0.8810509280350901,-0.8811382549450901,210.47369181806897
1,1335,2,1,2,-0.7244813201501,216.37198918521935,-0.28564538581
1,1336,2,2,3,-0.8810509280350901,-0.8811382549450901,210.74755404951077
1,1337,1,2,1,223.6664238276377,-0.7244813201501,-0.28643926681
1,1338,0,2,1,195.12404751078697,-0.9920000000000001,-0.24516100000000002
1,1339,2,1,2,-0.7244813201501,224.03957031585387,-0.28564538581
1,1340,1,2,1,222.63573686643068,-0.7244813201501,-0.28643926681
1,1341,2,2,3,-0.8810509280350901,-0.8811382549450901,211.61373659433633
1,1342,1,2,1,222.61310112956426,-0.7244813201501,-0.28643926681
1,1343,1,2,1,222.6904880284347,-0.7244813201501,-0.28643926681
1,1344,1,2,1,222.8642292303508,-0.7244813201501,-0.28643926681
1,1345,2,1,2,-0.7244813201501,223.33086155717086,-0.28564538581
1,1346,1,2,1,223.66417403987415,-0.7244813201501,-0.28643926681
1,1347,1,2,1,222.84751655872603,-0.7244813201501,-0.28643926681
1,1348,2,2,3,-0.8810509280350901,-0.8811382549450901,211.302122857742
1,1349,2,2,3,-0.8810509280350901,-0.8811382549450901,210.99082073488427
1,1350,2,2,3,-0.8810509280350901,-0.8811382549450901,210.6798299141494
1,1351,2,2,3,-0.8810509280350901,-0.8811382549450901,210.36915008423523
1,1352,2,2,3,-0.8810509280350901,-0.8811382549450901,210.058780934151
1,1353,2,2,3,-0.8810509280350901,-0.8811382549450901,209.74872215321685
1,1354,2,2,3,-0.8810509280350901,-0.8811382549450901,210.73070715523542
1,1355,2,1,2,-0.7244813201501,222.17922380237076,-0.28564538581
1,1356,2,2,3,-0.8810509280350901,-0.8811382549450901,210.41997644808018
1,1357,2,2,3,-0.8810509280350901,-0.8811382549450901,210.1095564716321
1,1358,2,2,3,-0.8810509280350901,-0.8811382549450901,209.79944691516044
1,1359,2,2,3,-0.8810509280350901,-0.8811382549450901,209.4896474682453
1,1360,2,2,3,-0.8810509280350901,-0.8811382549450901,209.18015782077705
1,1361,2,2,3,-0.8810509280350901,-0.8811382549450901,208.87097766295628
1,1362,2,2,3,-0.8810509280350901,-0.8811382549450901,209.8841652828716
1,1363,1,2,1,221.48112678310386,-0.7244813201501,-0.28643926681
1,1364,2,2,3,-0.8810509280350901,-0.8811382549450901,210.7182922993131
1,1365,2,1,2,-0.7244813201501,228.51328814344893,-0.28564538581
1,1366,2,0,2,-0.9920000000000001,196.4741812724025,-0.24516100000000002
1,1367,2,2,3,-0.8810509280350901,-0.8811382549450901,212.16927859558325
1,1368,2,1,2,-0.7244813201501,226.76671791006677,-0.28564538581
1,1369,2,2,3,-0.8810509280350901,-0.8811382549450901,213.30225580912153
1,1370,2,1,2,-0.7244813201501,226.7399511921567,-0.28564538581
1,1371,2,1,2,-0.7244813201501,226.81321124096453,-0.28564538581
1,1372,2,1,2,-0.7244813201501,225.6488134419711,-0.28564538581
1,1373,2,2,3,-0.8810509280350901,-0.8811382549450901,214.21126275896452
1,1374,2,1,2,-0.7244813201501,225.92612626082712,-0.28564538581
1,1375,1,2,1,226.54647477464164,-0.7244813201501,-0.28643926681
1,1376,2,1,2,-0.7244813201501,226.93355417638006,-0.28564538581
1,1377,1,2,1,222.70940712239212,-0.7244813201501,-0.28643926681
1,1378,0,1,2,0.02480464015294347,97.85064695982713,0.4484812350418096
1,1379,0,2,1,198.03239334074374,-0.9920000000000001,-0.24516100000000002
1,1380,2,2,3,-0.8810509280350901,-0.8811382549450901,213.89705149620556
1,1381,2,2,3,-0.8810509280350901,-0.8811382549450901,213.58315444470935
1,1382,2,2,3,-0.8810509280350901,-0.8811382549450901,214.17087760229884
1,1383,2,1,2,-0.7244813201501,222.42144962863162,-0.28564538581
1,1384,2,2,3,-0.8810509280350901,-0.8811382549450901,213.85670672469655
1,1385,2,2,3,-0.8810509280350901,-0.8811382549450901,213.54285001797186
1,1386,2,2,3,-0.8810509280350901,-0.8811382549450901,214.1082885294092
1,1387,2,1,2,-0.7244813201501,229.68463880344012,-0.28564538581
1,1388,2,0,2,-0.9920000000000001,199.42703090688127,-0.24516100000000002
1,1389,2,2,3,-0.8810509280350901,-0.8811382549450901,215.33623891800886
1,1390,2,1,2,-0.7244813201501,229.55495416463668,-0.28564538581
1,1391,2,1,2,-0.7244813201501,229.52539921047205,-0.28564538581
1,1392,2,1,2,-0.7244813201501,228.1911469423077,-0.28564538581
1,1393,2,2,3,-0.8810509280350901,-0.8811382549450901,216.29353857349645
1,1394,2,1,2,-0.7244813201501,227.1850925668531,-0.28564538581
1,1395,2,2,3,-0.8810509280350901,-0.8811382549450901,217.05550888026525
1,1396,2,1,2,-0.7244813201501,227.45790747428623,-0.28564538581
1,1397,2,1,2,-0.7244813201501,226.80061210600388,-0.28564538581
1,1398,2,2,3,-0.8810509280350901,-0.8811382549450901,216.738453371385
1,1399,2,2,3,-0.8810509280350901,-0.8811382549450901,216.4217149180136
1,1400,2,2,3,-0.8810509280350901,-0.8811382549450901,217.13280402470662
1,1401,2,1,2,-0.7244813201501,226.31669849384946,-0.28564538581
1,1402,2,2,3,-0.8810509280350901,-0.8811382549450901,217.72487677312705
1,1403,2,1,2,-0.7244813201501,226.03979144500408,-0.28564538581
1,1404,2,2,3,-0.8810509280350901,-0.8811382549450901,218.2313666553417
1,1405,1,2,1,225.1501558400367,-0.7244813201501,-0.28643926681
1,1406,2,2,3,-0.8810509280350901,-0.8811382549450901,218.5971610321464
1,1407,2,1,2,-0.7244813201501,232.2699218992255,-0.28564538581
1,1408,2,0,2,-0.9920000000000001,201.12544675837563,-0.24516100000000002
1,1409,2,2,3,-0.8810509280350901,-0.8811382549450901,219.6321671969551
1,1410,2,1,2,-0.7244813201501,232.13765197732627,-0.28564538581
1,1411,2,1,2,-0.7244813201501,232.10551432534893,-0.28564538581
1,1412,2,1,2,-0.7244813201501,232.1734088110236,-0.28564538581
1,1413,2,1,2,-0.7244813201501,232.34123540221256,-0.28564538581
1,1414,2,1,2,-0.7244813201501,232.60972046732385,-0.28564538581
1,1415,1,2,1,231.32227196249426,-0.7244813201501,-0.28643926681
1,1416,2,2,3,-0.8810509280350901,-0.8811382549450901,219.31253502975815
1,1417,2,2,3,-0.8810509280350901,-0.8811382549450901,218.9932224947284
1,1418,2,2,3,-0.8810509280350901,-0.8811382549450901,219.89480516954248
1,1419,1,2,1,230.25963047802952,-0.7244813201501,-0.28643926681
1,1420,2,2,3,-0.8810509280350901,-0.8811382549450901,220.60102806991316
1,1421,1,2,1,229.47316920914798,-0.7244813201501,-0.28643926681
1,1422,2,2,3,-0.8810509280350901,-0.8811382549450901,221.15636820706717
1,1423,2,1,2,-0.7244813201501,228.99850721745716,-0.28564538581
1,1424,2,2,3,-0.8810509280350901,-0.8811382549450901,221.613744327693
1,1425,1,2,1,228.55806015510117,-0.7244813201501,-0.28643926681
1,1426,2,2,3,-0.8810509280350901,-0.8811382549450901,221.29213058336532
1,1427,2,2,3,-0.8810509280350901,-0.8811382549450901,220.97083845278195
1,1428,2,2,3,-0.8810509280350901,-0.8811382549450901,221.40100256285876
1,1429,1,2,1,228.22095339331406,-0.7244813201501,-0.28643926681
1,1430,2,2,3,-0.8810509280350901,-0.8811382549450901,221.7530265037995
1,1431,2,1,2,-0.7244813201501,228.03649687139082,-0.28564538581
1,1432,2,2,3,-0.8810509280350901,-0.8811382549450901,222.05333704368724
1,1433,2,1,2,-0.7244813201501,228.01612755157677,-0.28564538581
1,1434,2,2,3,-0.8810509280350901,-0.8811382549450901,222.32159996692462
1,1435,2,1,2,-0.7244813201501,235.0259340254983,-0.28564538581
1,1436,2,0,2,-0.9920000000000001,204.2804695510624,-0.24516100000000002
1,1437,2,1,2,-0.7244813201501,234.8909080914728,-0.28564538581
1,1438,2,1,2,-0.7244813201501,233.61165567905107,-0.28564538581
1,1439,2,2,3,-0.8810509280350901,-0.8811382549450901,223.11699388245822
1,1440,2,1,2,-0.7244813201501,232.63907250550932,-0.28564538581
1,1441,2,2,3,-0.8810509280350901,-0.8811382549450901,222.79387688857577
1,1442,2,2,3,-0.8810509280350901,-0.8811382549450901,223.44678155955165
1,1443,1,2,1,232.20570737288173,-0.7244813201501,-0.28643926681
1,1444,2,2,3,-0.8810509280350901,-0.8811382549450901,223.1233347779921
1,1445,2,2,3,-0.8810509280350901,-0.8811382549450901,222.80021144321412
1,1446,2,2,3,-0.8810509280350901,-0.8811382549450901,223.408555328808
1,1447,1,2,1,231.90258361314557,-0.7244813201501,-0.28643926681
1,1448,2,2,3,-0.8810509280350901,-0.8811382549450901,223.9252259863803
1,1449,2,1,2,-0.7244813201501,231.2733809222252,-0.28564538581
1,1450,2,2,3,-0.8810509280350901,-0.8811382549450901,224.32876809904255
1,1451,2,1,2,-0.7244813201501,230.8545908718079,-0.28564538581
1,1452,2,2,3,-0.8810509280350901,-0.8811382549450901,224.65049578544728
1,1453,2,1,2,-0.7244813201501,230.60953086738638,-0.28564538581
1,1454,2,2,3,-0.8810509280350901,-0.8811382549450901,224.9163945318778
1,1455,1,2,1,237.67787474365795,-0.7244813201501,-0.28643926681
1,1456,0,2,1,207.38282834566317,-0.9920000000000001,-0.24516100000000002
1,1457,1,2,1,237.54019686891428,-0.7244813201501,-0.28643926681
1,1458,1,2,1,237.50210970229458,-0.7244813201501,-0.28643926681
1,1459,2,1,2,-0.7244813201501,237.95723109177035,-0.28564538581
1,1460,1,2,1,238.07165494554025,-0.7244813201501,-0.28643926681
1,1461,1,2,1,238.2283975631934,-0.7244813201501,-0.28643926681
1,1462,2,1,2,-0.7244813201501,238.76375587553352,-0.28564538581
1,1463,2,1,2,-0.7244813201501,234.47467760176718,-0.28564538581
1,1464,1,0,1,109.09715569939834,0.02480464015294347,0.44810014016329236
1,1465,2,0,2,-0.9920000000000001,209.85677929305416,-0.24516100000000002
1,1466,2,1,2,-0.7244813201501,233.39393290024637,-0.28564538581
1,1467,2,2,3,-0.8810509280350901,-0.8811382549450901,225.43075443581444
1,1468,2,1,2,-0.7244813201501,232.57218429936736,-0.28564538581
1,1469,2,2,3,-0.8810509280350901,-0.8811382549450901,225.81232523787037
1,1470,2,1,2,-0.7244813201501,231.9703860679798,-0.28564538581
1,1471,2,2,3,-0.8810509280350901,-0.8811382549450901,226.09787057171565
1,1472,1,2,1,231.77257880143912,-0.7244813201501,-0.28643926681
1,1473,2,2,3,-0.8810509280350901,-0.8811382549450901,226.33203014267445
1,1474,2,1,2,-0.7244813201501,231.38820396712828,-0.28564538581
1,1475,2,2,3,-0.8810509280350901,-0.8811382549450901,226.5062593211527
1,1476,2,1,2,-0.7244813201501,231.17350324320955,-0.28564538581
1,1477,2,2,3,-0.8810509280350901,-0.8811382549450901,226.64305653541697
1,1478,1,2,1,231.20514574591115,-0.7244813201501,-0.28643926681
1,1479,2,2,3,-0.8810509280350901,-0.8811382549450901,226.76693861794888
1,1480,2,1,2,-0.7244813201501,231.1243608874823,-0.28564538581
1,1481,2,2,3,-0.8810509280350901,-0.8811382549450901,226.44017167933094
1,1482,2,2,3,-0.8810509280350901,-0.8811382549450901,226.1137315076516
1,1483,2,2,3,-0.8810509280350901,-0.8811382549450901,226.28467960824165
1,1484,1,2,1,231.2232855662632,-0.7244813201501,-0.28643926681
1,1485,2,2,3,-0.8810509280350901,-0.8811382549450901,225.9583949286334
1,1486,2,2,3,-0.8810509280350901,-0.8811382549450901,225.63243653370478
1,1487,2,2,3,-0.8810509280350901,-0.8811382549450901,225.86029815139435
1,1488,1,2,1,238.77708550332304,-0.7244813201501,-0.28643926681
1,1489,0,2,1,212.51197872092175,-0.9920000000000001,-0.24516100000000002
1,1490,2,1,2,-0.7244813201501,239.2305980445996,-0.28564538581
1,1491,1,2,1,237.81505506045352,-0.7244813201501,-0.28643926681
1,1492,2,2,3,-0.8810509280350901,-0.8811382549450901,226.7179587872398
1,1493,1,2,1,237.7725526223638,-0.7244813201501,-0.28643926681
1,1494,2,1,2,-0.7244813201501,237.2024556418628,-0.28564538581
1,1495,2,2,3,-0.8810509280350901,-0.8811382549450901,227.42920601706024
1,1496,2,1,2,-0.7244813201501,244.42070332770572,-0.28564538581
1,1497,2,0,2,-0.9920000000000001,215.46007688661743,-0.24516100000000002
1,1498,1,2,1,242.82501267657506,-0.7244813201501,-0.28643926681
1,1499,2,2,3,-0.8810509280350901,-0.8811382549450901,228.62596167033513
1,1500,1,2,1,241.57648161428074,-0.7244813201501,-0.28643926681
1,1501,2,2,3,-0.8810509280350901,-0.8811382549450901,229.5794371831154
1,1502,1,2,1,240.6471977339811,-0.7244813201501,-0.28643926681
1,1503,2,2,3,-0.8810509280350901,-0.8811382549450901,230.3430891088176
1,1504,2,1,2,-0.7244813201501,239.46392622189768,-0.28564538581
1,1505,2,2,3,-0.8810509280350901,-0.8811382549450901,230.01274601970877
1,1506,2,2,3,-0.8810509280350901,-0.8811382549450901,229.68273327368905
1,1507,2,2,3,-0.8810509280350901,-0.8811382549450901,230.32361788077338
1,1508,1,2,1,238.9398375743169,-0.7244813201501,-0.28643926681
1,1509,2,2,3,-0.8810509280350901,-0.8811382549450901,230.84630001255343
1,1510,1,2,1,238.599637518128,-0.7244813201501,-0.28643926681
1,1511,2,2,3,-0.8810509280350901,-0.8811382549450901,231.2812284424196
1,1512,2,1,2,-0.7244813201501,237.82010008054067,-0.28564538581
1,1513,2,2,3,-0.8810509280350901,-0.8811382549450901,231.598920621007
1,1514,1,2,1,237.78115698538295,-0.7244813201501,-0.28643926681
1,1515,2,2,3,-0.8810509280350901,-0.8811382549450901,231.87790049708897
1,1516,2,1,2,-0.7244813201501,237.24565704178147,-0.28564538581
1,1517,2,2,3,-0.8810509280350901,-0.8811382549450901,231.54602259659188
1,1518,2,2,3,-0.8810509280350901,-0.8811382549450901,231.21447657399528
1,1519,2,2,3,-0.8810509280350901,-0.8811382549450901,230.8832620974213
1,1520,2,2,3,-0.8810509280350901,-0.8811382549450901,230.55237883532388
1,1521,2,2,3,-0.8810509280350901,-0.8811382549450901,230.88577734196107
1,1522,1,2,1,244.7634427097998,-0.7244813201501,-0.28643926681
1,1523,0,2,1,216.77027938729935,-0.9920000000000001,-0.24516100000000002
1,1524,2,2,3,-0.8810509280350901,-0.8811382549450901,231.92878043603514
1,1525,1,2,1,243.3480477019873,-0.7244813201501,-0.28643926681
1,1526,2,2,3,-0.8810509280350901,-0.8811382549450901,232.72735911492836
1,1527,1,2,1,243.30364793923178,-0.7244813201501,-0.28643926681
1,1528,2,1,2,-0.7244813201501,243.44872987463205,-0.28564538581
1,1529,1,2,1,242.46724521498535,-0.7244813201501,-0.28643926681
1,1530,2,2,3,-0.8810509280350901,-0.8811382549450901,232.39463175581344
1,1531,2,2,3,-0.8810509280350901,-0.8811382549450901,233.05942585651565
1,1532,1,2,1,241.69340385328186,-0.7244813201501,-0.28643926681
1,1533,2,2,3,-0.8810509280350901,-0.8811382549450901,233.581130252339
1,1534,1,2,1,241.14859536293523,-0.7244813201501,-0.28643926681
1,1535,2,2,3,-0.8810509280350901,-0.8811382549450901,233.99672816803567
1,1536,1,2,1,240.79941191527723,-0.7244813201501,-0.28643926681
1,1537,2,2,3,-0.8810509280350901,-0.8811382549450901,234.33619713084454
1,1538,1,2,1,240.61875423970312,-0.7244813201501,-0.28643926681
1,1539,2,2,3,-0.8810509280350901,-0.8811382549450901,234.62231547989484
1,1540,2,1,2,-0.7244813201501,240.27068252464366,-0.28564538581
1,1541,2,2,3,-0.8810509280350901,-0.8811382549450901,234.84688150184508
1,1542,2,1,2,-0.7244813201501,240.09345554086195,-0.28564538581
1,1543,2,2,3,-0.8810509280350901,-0.8811382549450901,235.0314454502059
1,1544,2,1,2,-0.7244813201501,240.05222308634615,-0.28564538581
1,1545,2,2,3,-0.8810509280350901,-0.8811382549450901,234.6964140047557
1,1546,2,2,3,-0.8810509280350901,-0.8811382549450901,234.36171759075094
1,1547,2,2,3,-0.8810509280350901,-0.8811382549450901,234.59071591722412
1,1548,2,1,2,-0.7244813201501,240.0714816535167,-0.28564538581
1,1549,2,2,3,-0.8810509280350901,-0.8811382549450901,234.7997173676435
1,1550,1,2,1,240.1185633115949,-0.7244813201501,-0.28643926681
1,1551,2,2,3,-0.8810509280350901,-0.8811382549450901,234.99148339872704
1,1552,1,2,1,247.46696463977804,-0.7244813201501,-0.28643926681
1,1553,0,2,1,219.59168842037147,-0.9920000000000001,-0.24516100000000002
1,1554,2,1,2,-0.7244813201501,243.413681794259,-0.28564538581
1,1555,1,0,1,109.08805854369895,0.02480464015294347,0.44810014016329236
1,1556,1,0,1,109.17897048515525,0.02480464015294347,0.44810014016329236
1,1557,1,0,1,109.3697915146701,0.02480464015294347,0.44810014016329236
1,1558,1,0,1,109.66042172315542,0.02480464015294347,0.44810014016329236
1,1559,1,0,1,120.9341671901679,0.02480464015294347,0.44810014016329236
1,1560,2,0,2,-0.9920000000000001,221.73238758243184,-0.24516100000000002
1,1561,2,1,2,-0.7244813201501,243.27097478696624,-0.28564538581
1,1562,1,2,1,243.62013449306303,-0.7244813201501,-0.28643926681
1,1563,2,1,2,-0.7244813201501,242.76020041724854,-0.28564538581
1,1564,2,2,3,-0.8810509280350901,-0.8811382549450901,234.6564919153283
1,1565,2,2,3,-0.8810509280350901,-0.8811382549450901,234.32183542341298
1,1566,2,2,3,-0.8810509280350901,-0.8811382549450901,234.82291172237927
1,1567,2,1,2,-0.7244813201501,242.03164863603922,-0.28564538581
1,1568,2,2,3,-0.8810509280350901,-0.8811382549450901,235.19837486884293
1,1569,1,2,1,241.7824056456663,-0.7244813201501,-0.28643926681
1,1570,2,2,3,-0.8810509280350901,-0.8811382549450901,235.5149955408796
1,1571,1,2,1,241.72014963964676,-0.7244813201501,-0.28643926681
1,1572,2,2,3,-0.8810509280350901,-0.8811382549450901,235.17948054533872
1,1573,2,2,3,-0.8810509280350901,-0.8811382549450901,234.84430106479337
1,1574,2,2,3,-0.8810509280350901,-0.8811382549450901,234.50945676372856
1,1575,2,2,3,-0.8810509280350901,-0.8811382549450901,234.17494730696484
1,1576,2,2,3,-0.8810509280350901,-0.8811382549450901,233.84077235965788
1,1577,2,2,3,-0.8810509280350901,-0.8811382549450901,233.50693158729823
1,1578,2,2,3,-0.8810509280350901,-0.8811382549450901,233.17342465571093
1,1579,2,2,3,-0.8810509280350901,-0.8811382549450901,232.84025123105522
1,1580,2,2,3,-0.8810509280350901,-0.8811382549450901,232.50741097982416
1,1581,2,2,3,-0.8810509280350901,-0.8811382549450901,232.17490356884434
1,1582,2,2,3,-0.8810509280350901,-0.8811382549450901,231.8427286652755
1,1583,2,2,3,-0.8810509280350901,-0.8811382549450901,231.51088593661024
1,1584,2,2,3,-0.8810509280350901,-0.8811382549450901,231.17937505067363
1,1585,2,2,3,-0.8810509280350901,-0.8811382549450901,230.84819567562295
1,1586,2,2,3,-0.8810509280350901,-0.8811382549450901,231.59640782836138
1,1587,2,1,2,-0.7244813201501,240.90106001410527,-0.28564538581
1,1588,2,2,3,-0.8810509280350901,-0.8811382549450901,231.26481142053302
1,1589,2,2,3,-0.8810509280350901,-0.8811382549450901,230.93354660911248
1,1590,2,2,3,-0.8810509280350901,-0.8811382549450901,231.58693367421952
1,1591,1,2,1,248.63994803991716,-0.7244813201501,-0.28643926681
1,1592,0,2,1,222.48516910916842,-0.9920000000000001,-0.24516100000000002
1,1593,2,2,3,-0.8810509280350901,-0.8811382549450901,232.94359516274938
1,1594,1,2,1,248.49130809187724,-0.7244813201501,-0.28643926681
1,1595,1,2,1,248.44281678378536,-0.7244813201501,-0.28643926681
1,1596,1,2,1,246.959951026519,-0.7244813201501,-0.28643926681
1,1597,2,2,3,-0.8810509280350901,-0.8811382549450901,233.9982707980998
1,1598,1,2,1,247.1149929155991,-0.7244813201501,-0.28643926681
1,1599,2,1,2,-0.7244813201501,247.39626919068593,-0.28564538581
1,1600,1,2,1,246.32198065553726,-0.7244813201501,-0.28643926681
1,1601,2,2,3,-0.8810509280350901,-0.8811382549450901,234.88431980318802
1,1602,1,2,1,246.67565867488173,-0.7244813201501,-0.28643926681
1,1603,1,2,1,247.12898301620686,-0.7244813201501,-0.28643926681
1,1604,1,2,1,247.68190248821915,-0.7244813201501,-0.28643926681
1,1605,2,1,2,-0.7244813201501,248.08383855139465,-0.28564538581
1,1606,1,2,1,255.19264277219446,-0.7244813201501,-0.28643926681
1,1607,0,2,1,225.50072383269884,-0.9920000000000001,-0.24516100000000002
1,1608,1,2,1,255.03745012942227,-0.7244813201501,-0.28643926681
1,1609,1,2,1,254.98241267929285,-0.7244813201501,-0.28643926681
1,1610,1,2,1,253.03771907187917,-0.7244813201501,-0.28643926681
1,1611,2,2,3,-0.8810509280350901,-0.8811382549450901,234.54943548338483
1,1612,2,2,3,-0.8810509280350901,-0.8811382549450901,236.0452261231624
1,1613,1,2,1,251.5024245508843,-0.7244813201501,-0.28643926681
1,1614,2,2,3,-0.8810509280350901,-0.8811382549450901,237.2394435413837
1,1615,1,2,1,250.33888700639287,-0.7244813201501,-0.28643926681
1,1616,2,2,3,-0.8810509280350901,-0.8811382549450901,238.19969372615614
1,1617,2,1,2,-0.7244813201501,249.5926291235331,-0.28564538581
1,1618,2,2,3,-0.8810509280350901,-0.8811382549450901,237.86149403243
1,1619,2,2,3,-0.8810509280350901,-0.8811382549450901,237.52363253839755
1,1620,2,2,3,-0.8810509280350901,-0.8811382549450901,237.18610890585916
1,1621,2,2,3,-0.8810509280350901,-0.8811382549450901,236.8489227969533
1,1622,2,2,3,-0.8810509280350901,-0.8811382549450901,236.51207387415636
1,1623,2,2,3,-0.8810509280350901,-0.8811382549450901,236.1755618002822
1,1624,2,2,3,-0.8810509280350901,-0.8811382549450901,235.83938623848192
1,1625,2,2,3,-0.8810509280350901,-0.8811382549450901,235.50354685224343
1,1626,2,2,3,-0.8810509280350901,-0.8811382549450901,235.1680433053912
1,1627,2,2,3,-0.8810509280350901,-0.8811382549450901,234.8328752620858
1,1628,2,2,3,-0.8810509280350901,-0.8811382549450901,234.4980423868237
1,1629,2,2,3,-0.8810509280350901,-0.8811382549450901,234.16354434443687
1,1630,2,2,3,-0.8810509280350901,-0.8811382549450901,235.35627994047286
1,1631,1,2,1,248.52836290028554,-0.7244813201501,-0.28643926681
1,1632,2,2,3,-0.8810509280350901,-0.8811382549450901,236.32495987355384
1,1633,1,2,1,247.7716976377388,-0.7244813201501,-0.28643926681
1,1634,2,2,3,-0.8810509280350901,-0.8811382549450901,237.1223319570622
1,1635,2,1,2,-0.7244813201501,247.27391150796495,-0.28564538581
1,1636,2,2,3,-0.8810509280350901,-0.8811382549450901,237.78979299638965
1,1637,1,2,1,246.88386437058523,-0.7244813201501,-0.28643926681
1,1638,2,2,3,-0.8810509280350901,-0.8811382549450901,238.35231626943863
1,1639,1,2,1,254.4200495929639,-0.7244813201501,-0.28643926681
1,1640,0,2,1,228.13859725872362,-0.9920000000000001,-0.24516100000000002
1,1641,2,1,2,-0.7244813201501,250.85380809086914,-0.28564538581
1,1642,1,0,1,120.91323302297774,0.02480464015294347,0.44810014016329236
1,1643,1,0,1,120.99231978995476,0.02480464015294347,0.44810014016329236
1,1644,1,0,1,121.17132747016481,0.02480464015294347,0.44810014016329236
1,1645,1,0,1,121.45015614269465,0.02480464015294347,0.44810014016329236
1,1646,1,0,1,132.39099198384142,0.02480464015294347,0.44810014016329236
1,1647,2,0,2,-0.9920000000000001,230.1601165338317,-0.24516100000000002
1,1648,1,2,1,251.19959613792105,-0.7244813201501,-0.28643926681
1,1649,1,2,1,251.64839654178314,-0.7244813201501,-0.28643926681
1,1650,1,2,1,252.19708026912588,-0.7244813201501,-0.28643926681
1,1651,2,1,2,-0.7244813201501,252.09618937470393,-0.28564538581
1,1652,1,2,1,259.51717268012897,-0.7244813201501,-0.28643926681
1,1653,0,2,1,230.740217391137,-0.9920000000000001,-0.24516100000000002
1,1654,2,2,3,-0.8810509280350901,-0.8811382549450901,240.11475441792896
1,1655,2,1,2,-0.7244813201501,257.58654046404956,-0.28564538581
1,1656,2,2,3,-0.8810509280350901,-0.8811382549450901,241.50434648207698
1,1657,2,1,2,-0.7244813201501,256.0368167193702,-0.28564538581
1,1658,2,2,3,-0.8810509280350901,-0.8811382549450901,241.1628421355949
1,1659,2,2,3,-0.8810509280350901,-0.8811382549450901,240.8216792934593
1,1660,2,2,3,-0.8810509280350901,-0.8811382549450901,241.98715621933104
1,1661,2,1,2,-0.7244813201501,254.78986351314697,-0.28564538581
1,1662,2,2,3,-0.8810509280350901,-0.8811382549450901,242.90864968840555
1,1663,1,2,1,253.42258441922127,-0.7244813201501,-0.28643926681
1,1664,2,2,3,-0.8810509280350901,-0.8811382549450901,243.61020923418243
1,1665,2,1,2,-0.7244813201501,252.73036084707005,-0.28564538581
1,1666,2,2,3,-0.8810509280350901,-0.8811382549450901,243.26659902494825
1,1667,2,2,3,-0.8810509280350901,-0.8811382549450901,242.9233324259233
1,1668,2,2,3,-0.8810509280350901,-0.8811382549450901,242.58040909349737
1,1669,2,2,3,-0.8810509280350901,-0.8811382549450901,242.23782868440387
1,1670,2,2,3,-0.8810509280350901,-0.8811382549450901,242.9311217484203
1,1671,1,2,1,251.6781440754285,-0.7244813201501,-0.28643926681
1,1672,2,2,3,-0.8810509280350901,-0.8811382549450901,243.4541458370457
1,1673,1,2,1,250.91229010575316,-0.7244813201501,-0.28643926681
1,1674,2,2,3,-0.8810509280350901,-0.8811382549450901,243.11069169120864
1,1675,2,2,3,-0.8810509280350901,-0.8811382549450901,242.76758099951743
1,1676,2,2,3,-0.8810509280350901,-0.8811382549450901,242.4248134185179
1,1677,2,2,3,-0.8810509280350901,-0.8811382549450901,242.0823886050994
1,1678,2,2,3,-0.8810509280350901,-0.8811382549450901,242.61708259609554
1,1679,2,1,2,-0.7244813201501,250.4639352816141,-0.28564538581
1,1680,2,2,3,-0.8810509280350901,-0.8811382549450901,243.04894941143294
1,1681,1,2,1,249.85798303670404,-0.7244813201501,-0.28643926681
1,1682,2,2,3,-0.8810509280350901,-0.8811382549450901,243.38211385706293
1,1683,2,1,2,-0.7244813201501,249.68627824251536,-0.28564538581
1,1684,2,2,3,-0.8810509280350901,-0.8811382549450901,243.66093685784006
1,1685,1,2,1,249.32274535332076,-0.7244813201501,-0.28643926681
1,1686,2,2,3,-0.8810509280350901,-0.8811382549450901,243.3172759209822
1,1687,2,2,3,-0.8810509280350901,-0.8811382549450901,242.97395864506123
1,1688,2,2,3,-0.8810509280350901,-0.8811382549450901,242.63098468641618
1,1689,2,2,3,-0.8810509280350901,-0.8811382549450901,242.28835370172976
1,1690,2,2,3,-0.8810509280350901,-0.8811382549450901,242.64247012153555
1,1691,1,2,1,249.0120753600207,-0.7244813201501,-0.28643926681
1,1692,2,2,3,-0.8810509280350901,-0.8811382549450901,242.299827651414
1,1693,2,2,3,-0.8810509280350901,-0.8811382549450901,241.9575278237626
1,1694,2,2,3,-0.8810509280350901,-0.8811382549450901,242.31397050202838
1,1695,1,2,1,248.79995090371943,-0.7244813201501,-0.28643926681
1,1696,2,2,3,-0.8810509280350901,-0.8811382549450901,242.61515891058795
1,1697,2,1,2,-0.7244813201501,248.7514958118064,-0.28564538581
1,1698,2,2,3,-0.8810509280350901,-0.8811382549450901,242.880041104898
1,1699,2,1,2,-0.7244813201501,256.6197036655469,-0.28564538581
1,1700,2,0,2,-0.9920000000000001,231.71200984139557,-0.24516100000000002
1,1701,2,2,3,-0.8810509280350901,-0.8811382549450901,243.89738765729734
1,1702,2,1,2,-0.7244813201501,256.46308396188135,-0.28564538581
1,1703,2,1,2,-0.7244813201501,256.40662087791947,-0.28564538581
1,1704,2,1,2,-0.7244813201501,255.21180016819994,-0.28564538581
1,1705,2,2,3,-0.8810509280350901,-0.8811382549450901,244.6736171082194
1,1706,2,1,2,-0.7244813201501,255.35557010099325,-0.28564538581
1,1707,1,2,1,255.9056095964693,-0.7244813201501,-0.28643926681
1,1708,2,1,2,-0.7244813201501,256.1987137725034,-0.28564538581
1,1709,2,1,2,-0.7244813201501,256.54251505873094,-0.28564538581
1,1710,2,1,2,-0.7244813201501,256.98597254367223,-0.28564538581
1,1711,2,1,2,-0.7244813201501,257.52898657112854,-0.28564538581
1,1712,2,1,2,-0.7244813201501,264.61557688831385,-0.28564538581
1,1713,2,0,2,-0.9920000000000001,234.73775096919908,-0.24516100000000002
1,1714,2,1,2,-0.7244813201501,264.4466008628796,-0.28564538581
1,1715,1,2,1,260.9617560721085,-0.7244813201501,-0.28643926681
1,1716,0,1,2,0.02480464015294347,142.58966283445136,0.4484812350418096
1,1717,0,2,1,237.0993487207143,-0.9920000000000001,-0.24516100000000002
1,1718,2,1,2,-0.7244813201501,261.0429979358315,-0.28564538581
1,1719,1,2,1,260.8512103301378,-0.7244813201501,-0.28643926681
1,1720,2,1,2,-0.7244813201501,259.39935926215253,-0.28564538581
1,1721,2,2,3,-0.8810509280350901,-0.8811382549450901,245.7857443590904
1,1722,1,2,1,259.3293886134469,-0.7244813201501,-0.28643926681
1,1723,1,2,1,259.3700592248334,-0.7244813201501,-0.28643926681
1,1724,1,2,1,259.5117346767058,-0.7244813201501,-0.28643926681
1,1725,2,1,2,-0.7244813201501,258.4135864050643,-0.28564538581
1,1726,2,2,3,-0.8810509280350901,-0.8811382549450901,246.68811156333928
1,1727,1,2,1,257.47613795529725,-0.7244813201501,-0.28643926681
1,1728,2,2,3,-0.8810509280350901,-0.8811382549450901,247.40943806457977
1,1729,1,2,1,256.82205852816094,-0.7244813201501,-0.28643926681
1,1730,2,2,3,-0.8810509280350901,-0.8811382549450901,247.0620286265152
1,1731,2,2,3,-0.8810509280350901,-0.8811382549450901,246.7149665978887
1,1732,2,2,3,-0.8810509280350901,-0.8811382549450901,246.3682516312908
1,1733,2,2,3,-0.8810509280350901,-0.8811382549450901,246.02188337965953
1,1734,2,2,3,-0.8810509280350901,-0.8811382549450901,246.74670160127567
1,1735,2,1,2,-0.7244813201501,256.1825285456364,-0.28564538581
1,1736,2,2,3,-0.8810509280350901,-0.8811382549450901,247.33410176716612
1,1737,2,1,2,-0.7244813201501,255.7503517660222,-0.28564538581
1,1738,2,2,3,-0.8810509280350901,-0.8811382549450901,247.8199764152857
1,1739,2,1,2,-0.7244813201501,255.50949425453325,-0.28564538581
1,1740,2,2,3,-0.8810509280350901,-0.8811382549450901,248.23341870495594
1,1741,2,1,2,-0.7244813201501,263.3313646116983,-0.28564538581
1,1742,2,0,2,-0.9920000000000001,239.45907584763424,-0.24516100000000002
1,1743,2,1,2,-0.7244813201501,263.1680332470866,-0.28564538581
1,1744,2,1,2,-0.7244813201501,263.1048652138395,-0.28564538581
1,1745,2,1,2,-0.7244813201501,263.14176034862567,-0.28564538581
1,1746,2,1,2,-0.7244813201501,261.80269276555373,-0.28564538581
1,1747,2,2,3,-0.8810509280350901,-0.8811382549450901,247.885185286251
1,1748,2,2,3,-0.8810509280350901,-0.8811382549450901,247.53730010096473
1,1749,2,2,3,-0.8810509280350901,-0.8811382549450901,248.60108271808178
1,1750,1,2,1,260.92525834557676,-0.7244813201501,-0.28643926681
1,1751,2,2,3,-0.8810509280350901,-0.8811382549450901,248.2524816353637
1,1752,2,2,3,-0.8810509280350901,-0.8811382549450901,247.90422915372832
1,1753,2,2,3,-0.8810509280350901,-0.8811382549450901,248.84540681456758
1,1754,1,2,1,260.2684277856613,-0.7244813201501,-0.28643926681
1,1755,2,2,3,-0.8810509280350901,-0.8811382549450901,248.496561407753
1,1756,2,2,3,-0.8810509280350901,-0.8811382549450901,248.14806484634525
1,1757,2,2,3,-0.8810509280350901,-0.8811382549450901,247.7999167814989
1,1758,2,2,3,-0.8810509280350901,-0.8811382549450901,247.4521168647174
1,1759,2,2,3,-0.8810509280350901,-0.8811382549450901,247.10466474785267
1,1760,2,2,3,-0.8810509280350901,-0.8811382549450901,246.7575600831048
1,1761,2,2,3,-0.8810509280350901,-0.8811382549450901,247.74915113040157
1,1762,2,1,2,-0.7244813201501,259.2757755583394,-0.28564538581
1,1763,2,2,3,-0.8810509280350901,-0.8811382549450901,247.40140197927116
1,1764,2,2,3,-0.8810509280350901,-0.8811382549450901,247.05400057729187
1,1765,2,2,3,-0.8810509280350901,-0.8811382549450901,246.70694657671459
1,1766,2,2,3,-0.8810509280350901,-0.8811382549450901,246.36023963013787
1,1767,2,2,3,-0.8810509280350901,-0.8811382549450901,247.29182201305557
1,1768,1,2,1,266.9482332970196,-0.7244813201501,-0.28643926681
1,1769,0,2,1,239.9942306057941,-0.9920000000000001,-0.24516100000000002
1,1770,2,2,3,-0.8810509280350901,-0.8811382549450901,248.89051490815496
1,1771,1,2,1,266.7812850637226,-0.7244813201501,-0.28643926681
1,1772,1,2,1,266.71450377865887,-0.7244813201501,-0.28643926681
1,1773,1,2,1,266.74778927488023,-0.7244813201501,-0.28643926681
1,1774,1,2,1,266.88104148560535,-0.7244813201501,-0.28643926681
1,1775,1,2,1,267.11416044411976,-0.7244813201501,-0.28643926681
1,1776,1,2,1,267.44704628367566,-0.7244813201501,-0.28643926681
1,1777,1,2,1,267.8802303456793,-0.7244813201501,-0.28643926681
1,1778,2,1,2,-0.7244813201501,268.25554243105955,-0.28564538581
1,1779,1,2,1,268.7812565057745,-0.7244813201501,-0.28643926681
1,1780,1,2,1,275.56255968517064,-0.7244813201501,-0.28643926681
1,1781,0,2,1,240.634968521122,-0.9920000000000001,-0.24516100000000002
1,1782,2,2,3,-0.8810509280350901,-0.8811382549450901,251.18215682617137
1,1783,1,2,1,275.38754254818224,-0.7244813201501,-0.28643926681
1,1784,2,1,2,-0.7244813201501,273.40419946115924,-0.28564538581
1,1785,2,2,3,-0.8810509280350901,-0.8811382549450901,253.03095689020898
1,1786,2,1,2,-0.7244813201501,271.913844247174,-0.28564538581
1,1787,2,2,3,-0.8810509280350901,-0.8811382549450901,254.5473317816583
1,1788,2,1,2,-0.7244813201501,278.4453954840882,-0.28564538581
1,1789,2,0,2,-0.9920000000000001,244.13823653139363,-0.24516100000000002
1,1790,2,1,2,-0.7244813201501,278.26695008860406,-0.28564538581
1,1791,2,1,2,-0.7244813201501,278.1896069066843,-0.28564538581
1,1792,1,2,1,275.7706674967384,-0.7244813201501,-0.28643926681
1,1793,2,2,3,-0.8810509280350901,-0.8811382549450901,256.29391097767007
1,1794,2,1,2,-0.7244813201501,273.86684604294936,-0.28564538581
1,1795,2,2,3,-0.8810509280350901,-0.8811382549450901,255.93761706669238
1,1796,2,2,3,-0.8810509280350901,-0.8811382549450901,255.58167944962568
1,1797,2,2,3,-0.8810509280350901,-0.8811382549450901,257.0363146001146
1,1798,1,2,1,272.22662328587984,-0.7244813201501,-0.28643926681
1,1799,2,2,3,-0.8810509280350901,-0.8811382549450901,258.18311884540526
1,1800,1,2,1,270.96408972298696,-0.7244813201501,-0.28643926681
1,1801,2,2,3,-0.8810509280350901,-0.8811382549450901,259.09025184344046
1,1802,1,2,1,270.01761568318886,-0.7244813201501,-0.28643926681
1,1803,2,2,3,-0.8810509280350901,-0.8811382549450901,259.81298130091363
1,1804,2,1,2,-0.7244813201501,269.137436438038,-0.28564538581
1,1805,2,2,3,-0.8810509280350901,-0.8811382549450901,259.4531683196127
1,1806,2,2,3,-0.8810509280350901,-0.8811382549450901,259.0937151512931
1,1807,2,2,3,-0.8810509280350901,-0.8811382549450901,259.7289402232662
1,1808,1,2,1,268.5367704193977,-0.7244813201501,-0.28643926681
1,1809,2,2,3,-0.8810509280350901,-0.8811382549450901,260.241195130697
1,1810,2,1,2,-0.7244813201501,267.9470504066428,-0.28564538581
1,1811,2,2,3,-0.8810509280350901,-0.8811382549450901,260.64383360788497
1,1812,2,1,2,-0.7244813201501,267.55608489315915,-0.28564538581
1,1813,2,2,3,-0.8810509280350901,-0.8811382549450901,260.9675026515192
1,1814,2,1,2,-0.7244813201501,267.33625916634367,-0.28564538581
1,1815,2,2,3,-0.8810509280350901,-0.8811382549450901,260.6065351488677
1,1816,2,2,3,-0.8810509280350901,-0.8811382549450901,260.24592861371883
1,1817,2,2,3,-0.8810509280350901,-0.8811382549450901,259.8856826851051
1,1818,2,2,3,-0.8810509280350901,-0.8811382549450901,259.52579700242
1,1819,2,2,3,-0.8810509280350901,-0.8811382549450901,259.1662712054176
1,1820,2,2,3,-0.8810509280350901,-0.8811382549450901,258.8071049342122
1,1821,2,2,3,-0.8810509280350901,-0.8811382549450901,259.29267778640417
1,1822,1,2,1,266.9725509700651,-0.7244813201501,-0.28643926681
1,1823,2,2,3,-0.8810509280350901,-0.8811382549450901,258.93338510861776
1,1824,2,2,3,-0.8810509280350901,-0.8811382549450901,258.5744517235091
1,1825,2,2,3,-0.8810509280350901,-0.8811382549450901,259.04729477786395
1,1826,2,1,2,-0.7244813201501,266.7210296985155,-0.28564538581
1,1827,2,2,3,-0.8810509280350901,-0.8811382549450901,259.4479421276282
1,1828,1,2,1,266.5342265210956,-0.7244813201501,-0.28643926681
1,1829,2,2,3,-0.8810509280350901,-0.8811382549450901,259.08849418550056
1,1830,2,2,3,-0.8810509280350901,-0.8811382549450901,258.72940569131504
1,1831,2,2,3,-0.8810509280350901,-0.8811382549450901,258.37067628562374
1,1832,2,2,3,-0.8810509280350901,-0.8811382549450901,258.0123056093381
1,1833,2,2,3,-0.8810509280350901,-0.8811382549450901,257.65429330372876
1,1834,2,2,3,-0.8810509280350901,-0.8811382549450901,257.29663901042505
1,1835,2,2,3,-0.8810509280350901,-0.8811382549450901,257.85386813631317
1,1836,2,1,2,-0.7244813201501,273.95053111597724,-0.28564538581
1,1837,2,0,2,-0.9920000000000001,246.8455138068194,-0.24516100000000002
1,1838,1,2,1,270.57183960756646,-0.7244813201501,-0.28643926681
1,1839,0,1,2,0.02480464015294347,152.86842521134227,0.4484812350418096
1,1840,0,2,1,248.94779566807,-0.9920000000000001,-0.24516100000000002
1,1841,2,1,2,-0.7244813201501,270.5013941997991,-0.28564538581
1,1842,1,2,1,270.32450233111103,-0.7244813201501,-0.28643926681
1,1843,2,1,2,-0.7244813201501,270.34306713008857,-0.28564538581
1,1844,2,1,2,-0.7244813201501,270.4727240629585,-0.28564538581
1,1845,2,1,2,-0.7244813201501,270.7022513388955,-0.28564538581
1,1846,2,1,2,-0.7244813201501,271.03154908755664,-0.28564538581
1,1847,2,1,2,-0.7244813201501,271.4616142010608,-0.28564538581
1,1848,1,2,1,271.43645708607255,-0.7244813201501,-0.28643926681
1,1849,2,1,2,-0.7244813201501,271.9211050807495,-0.28564538581
1,1850,1,2,1,272.03189010540774,-0.7244813201501,-0.28643926681
1,1851,2,1,2,-0.7244813201501,279.3099464039803,-0.28564538581
1,1852,2,0,2,-0.9920000000000001,249.58035003805287,-0.24516100000000002
1,1853,2,2,3,-0.8810509280350901,-0.8811382549450901,259.6265600764164
1,1854,1,2,1,277.5401090269705,-0.7244813201501,-0.28643926681
1,1855,2,2,3,-0.8810509280350901,-0.8811382549450901,261.03462020867835
1,1856,2,1,2,-0.7244813201501,275.6762104906919,-0.28564538581
1,1857,2,2,3,-0.8810509280350901,-0.8811382549450901,260.6735855884697
1,1858,2,2,3,-0.8810509280350901,-0.8811382549450901,260.3129120028812
1,1859,2,2,3,-0.8810509280350901,-0.8811382549450901,259.9525990908783
1,1860,2,2,3,-0.8810509280350901,-0.8811382549450901,259.59264649178743
1,1861,2,2,3,-0.8810509280350901,-0.8811382549450901,260.8253266811872
1,1862,2,1,2,-0.7244813201501,274.13029678306026,-0.28564538581
1,1863,2,2,3,-0.8810509280350901,-0.8811382549450901,261.78169339459146
1,1864,2,1,2,-0.7244813201501,272.9336547508188,-0.28564538581
1,1865,2,2,3,-0.8810509280350901,-0.8811382549450901,262.52815101805913
1,1866,1,2,1,272.1687138864863,-0.7244813201501,-0.28643926681
1,1867,2,2,3,-0.8810509280350901,-0.8811382549450901,262.16562286704107
1,1868,2,2,3,-0.8810509280350901,-0.8811382549450901,261.803457244174
1,1869,2,2,3,-0.8810509280350901,-0.8811382549450901,262.4678141945187
1,1870,1,2,1,271.536156103095,-0.7244813201501,-0.28643926681
1,1871,2,2,3,-0.8810509280350901,-0.8811382549450901,263.00311222927326
1,1872,1,2,1,271.11984860348355,-0.7244813201501,-0.28643926681
1,1873,2,2,3,-0.8810509280350901,-0.8811382549450901,263.4406077591385
1,1874,2,1,2,-0.7244813201501,270.460681557178,-0.28564538581
1,1875,2,2,3,-0.8810509280350901,-0.8811382549450901,263.7721544573853
1,1876,2,1,2,-0.7244813201501,270.02805669274136,-0.28564538581
1,1877,2,2,3,-0.8810509280350901,-0.8811382549450901,264.02771662422816
1,1878,2,1,2,-0.7244813201501,269.7639949692658,-0.28564538581
1,1879,2,2,3,-0.8810509280350901,-0.8811382549450901,263.66368890760396
1,1880,2,2,3,-0.8810509280350901,-0.8811382549450901,263.30002521869636
1,1881,2,2,3,-0.8810509280350901,-0.8811382549450901,263.57665819878406
1,1882,2,1,2,-0.7244813201501,269.58168463401887,-0.28564538581
1,1883,2,2,3,-0.8810509280350901,-0.8811382549450901,263.2130815405853
1,1884,2,2,3,-0.8810509280350901,-0.8811382549450901,262.84986845904467
1,1885,2,2,3,-0.8810509280350901,-0.8811382549450901,262.48701859058565
1,1886,2,2,3,-0.8810509280350901,-0.8811382549450901,262.1245315719951
1,1887,2,2,3,-0.8810509280350901,-0.8811382549450901,261.7624070404231
1,1888,2,2,3,-0.8810509280350901,-0.8811382549450901,261.4006446333827
1,1889,2,2,3,-0.8810509280350901,-0.8811382549450901,261.8511734725109
1,1890,1,2,1,269.3650234689283,-0.7244813201501,-0.28643926681
1,1891,2,2,3,-0.8810509280350901,-0.8811382549450901,262.23319344868366
1,1892,1,2,1,277.0369954776645,-0.7244813201501,-0.28643926681
1,1893,0,2,1,252.0475294596908,-0.9920000000000001,-0.24516100000000002
1,1894,2,1,2,-0.7244813201501,277.5451654396397,-0.28564538581
1,1895,1,2,1,277.4262119561045,-0.7244813201501,-0.28643926681
1,1896,2,1,2,-0.7244813201501,274.65434424692614,-0.28564538581
1,1897,1,0,1,162.7354374676952,0.02480464015294347,0.44810014016329236
1,1898,2,0,2,-0.9920000000000001,254.04111874866803,-0.24516100000000002
1,1899,1,2,1,274.74284729156057,-0.7244813201501,-0.28643926681
1,1900,1,2,1,274.868104444269,-0.7244813201501,-0.28643926681
1,1901,1,2,1,275.086990010907,-0.7244813201501,-0.28643926681
1,1902,2,1,2,-0.7244813201501,274.8859210934006,-0.28564538581
1,1903,1,2,1,275.21650366650334,-0.7244813201501,-0.28643926681
1,1904,2,1,2,-0.7244813201501,275.1658204253238,-0.28564538581
1,1905,1,2,1,275.5611332524381,-0.7244813201501,-0.28643926681
1,1906,1,2,1,276.08557211918566,-0.7244813201501,-0.28643926681
1,1907,1,2,1,283.52633701008966,-0.7244813201501,-0.28643926681
1,1908,0,2,1,256.69930829874954,-0.9920000000000001,-0.24516100000000002
1,1909,1,2,1,283.34551251190754,-0.7244813201501,-0.28643926681
1,1910,2,1,2,-0.7244813201501,281.2756102484503,-0.28564538581
1,1911,2,2,3,-0.8810509280350901,-0.8811382549450901,263.7558067976168
1,1912,1,2,1,279.4566675438869,-0.7244813201501,-0.28643926681
1,1913,2,2,3,-0.8810509280350901,-0.8811382549450901,264.9464362046999
1,1914,1,2,1,278.0406979737635,-0.7244813201501,-0.28643926681
1,1915,2,2,3,-0.8810509280350901,-0.8811382549450901,264.5814897684952
1,1916,2,2,3,-0.8810509280350901,-0.8811382549450901,264.2169082787267
1,1917,2,2,3,-0.8810509280350901,-0.8811382549450901,265.2215322541006
1,1918,2,1,2,-0.7244813201501,276.89615717721585,-0.28564538581
1,1919,2,2,3,-0.8810509280350901,-0.8811382549450901,266.01209858923494
1,1920,2,1,2,-0.7244813201501,276.0417392198285,-0.28564538581
1,1921,2,2,3,-0.8810509280350901,-0.8811382549450901,266.6387894929608
1,1922,1,2,1,275.23270163843387,-0.7244813201501,-0.28643926681
1,1923,2,2,3,-0.8810509280350901,-0.8811382549450901,267.123156283972
1,1924,2,1,2,-0.7244813201501,274.75651738399716,-0.28564538581
1,1925,2,2,3,-0.8810509280350901,-0.8811382549450901,266.756033127688
1,1926,2,2,3,-0.8810509280350901,-0.8811382549450901,266.3892770945603
1,1927,2,2,3,-0.8810509280350901,-0.8811382549450901,266.85105715582796
1,1928,1,2,1,274.1974162104603,-0.7244813201501,-0.28643926681
1,1929,2,2,3,-0.8810509280350901,-0.8811382549450901,267.2116643503436
1,1930,2,1,2,-0.7244813201501,273.93316304430596,-0.28564538581
1,1931,2,2,3,-0.8810509280350901,-0.8811382549450901,266.84445268599325
1,1932,2,2,3,-0.8810509280350901,-0.8811382549450901,266.47760823330725
1,1933,2,2,3,-0.8810509280350901,-0.8811382549450901,266.11113062507394
1,1934,2,2,3,-0.8810509280350901,-0.8811382549450901,265.74501949444885
1,1935,2,2,3,-0.8810509280350901,-0.8811382549450901,266.1899006863903
1,1936,2,1,2,-0.7244813201501,273.692646907828,-0.28564538581
1,1937,2,2,3,-0.8810509280350901,-0.8811382549450901,265.8237107857039
1,1938,2,2,3,-0.8810509280350901,-0.8811382549450901,265.4578870749182
1,1939,2,2,3,-0.8810509280350901,-0.8811382549450901,265.90767041130135
1,1940,2,1,2,-0.7244813201501,281.6375550086314,-0.28564538581
1,1941,2,0,2,-0.9920000000000001,258.9200524148198,-0.24516100000000002
1,1942,2,1,2,-0.7244813201501,281.45591745362276,-0.28564538581
1,1943,2,1,2,-0.7244813201501,279.8351850789793,-0.28564538581
1,1944,2,2,3,-0.8810509280350901,-0.8811382549450901,266.9205866929902
1,1945,2,1,2,-0.7244813201501,278.5768046536874,-0.28564538581
1,1946,2,2,3,-0.8810509280350901,-0.8811382549450901,267.70763168440624
1,1947,2,1,2,-0.7244813201501,278.6980529249202,-0.28564538581
1,1948,1,2,1,279.02888432737166,-0.7244813201501,-0.28643926681
1,1949,2,1,2,-0.7244813201501,279.270756011164,-0.28564538581
1,1950,1,2,1,279.694225510871,-0.7244813201501,-0.28643926681
1,1951,2,1,2,-0.7244813201501,280.0536753268882,-0.28564538581
1,1952,2,1,2,-0.7244813201501,279.2513633309556,-0.28564538581
1,1953,2,2,3,-0.8810509280350901,-0.8811382549450901,268.4827534857302
1,1954,2,1,2,-0.7244813201501,278.7060195929473,-0.28564538581
1,1955,2,2,3,-0.8810509280350901,-0.8811382549450901,268.11427073224445
1,1956,2,2,3,-0.8810509280350901,-0.8811382549450901,267.7461564615122
1,1957,2,2,3,-0.8810509280350901,-0.8811382549450901,268.46029779437265
1,1958,1,2,1,278.18445110902155,-0.7244813201501,-0.28643926681
1,1959,2,2,3,-0.8810509280350901,-0.8811382549450901,269.05735373934965
1,1960,2,1,2,-0.7244813201501,286.0247735928331,-0.28564538581
2,1,0,0,1,16.110808309301827,16.110694522565026,-0.271
2,2,1,0,1,162.6727020302275,0.02480464015294347,0.44810014016329236
2,3,1,0,1,172.2385170162719,0.02480464015294347,0.44810014016329236
2,4,2,0,2,-0.9920000000000001,261.34187121501094,-0.24516100000000002
2,5,1,2,1,286.0148529645369,-0.7244813201501,-0.28643926681
2,6,2,1,2,-0.7244813201501,285.85172891036194,-0.28564538581
2,7,2,1,2,-0.7244813201501,284.10323403952134,-0.28564538581
2,8,2,2,3,-0.8810509280350901,-0.8811382549450901,270.1778385353273
2,9,2,1,2,-0.7244813201501,282.74051665056663,-0.28564538581
2,10,2,2,3,-0.8810509280350901,-0.8811382549450901,271.0495302170457
2,11,1,2,1,281.68368108467985,-0.7244813201501,-0.28643926681
2,12,2,2,3,-0.8810509280350901,-0.8811382549450901,271.73291367456386
2,13,2,1,2,-0.7244813201501,280.83189008307954,-0.28564538581
2,14,2,2,3,-0.8810509280350901,-0.8811382549450901,272.26197942533236
2,15,2,1,2,-0.7244813201501,280.20263703787947,-0.28564538581
2,16,2,2,3,-0.8810509280350901,-0.8811382549450901,272.6758425495492
2,17,2,1,2,-0.7244813201501,279.7772817464969,-0.28564538581
2,18,2,2,3,-0.8810509280350901,-0.8811382549450901,273.0050048417065
2,19,1,2,1,279.3161004530766,-0.7244813201501,-0.28643926681
2,20,2,2,3,-0.8810509280350901,-0.8811382549450901,273.25679830239045
2,21,1,2,1,279.0369134397056,-0.7244813201501,-0.28643926681
2,22,2,2,3,-0.8810509280350901,-0.8811382549450901,273.45577290268227
2,23,1,2,1,278.90534361310057,-0.7244813201501,-0.28643926681
2,24,2,2,3,-0.8810509280350901,-0.8811382549450901,273.621824630111
2,25,1,2,1,278.9033698901715,-0.7244813201501,-0.28643926681
2,26,2,2,3,-0.8810509280350901,-0.8811382549450901,273.2482028054809
2,27,2,2,3,-0.8810509280350901,-0.8811382549450901,272.8749546026754
2,28,2,2,3,-0.8810509280350901,-0.8811382549450901,272.50207964807277
2,29,2,2,3,-0.8810509280350901,-0.8811382549450901,272.1295775684247
2,30,2,2,3,-0.8810509280350901,-0.8811382549450901,271.75744799085624
2,31,2,2,3,-0.8810509280350901,-0.8811382549450901,271.3856905428654
2,32,2,2,3,-0.8810509280350901,-0.8811382549450901,271.01430485232254
2,33,2,2,3,-0.8810509280350901,-0.8811382549450901,270.6432905474702
2,34,2,2,3,-0.8810509280350901,-0.8811382549450901,271.0911852831236
2,35,2,1,2,-0.7244813201501,278.5582436193967,-0.28564538581
2,36,2,2,3,-0.8810509280350901,-0.8811382549450901,270.72009409784044
2,37,2,2,3,-0.8810509280350901,-0.8811382549450901,270.3493740037426
2,38,2,2,3,-0.8810509280350901,-0.8811382549450901,270.7917027216886
2,39,2,1,2,-0.7244813201501,278.3107978269042,-0.28564538581
2,40,2,2,3,-0.8810509280350901,-0.8811382549450901,271.16466139565176
2,41,1,2,1,286.24622329681347,-0.7244813201501,-0.28643926681
2,42,0,2,1,262.04824499200873,-0.9920000000000001,-0.24516100000000002
2,43,2,2,3,-0.8810509280350901,-0.8811382549450901,272.28657136247114
2,44,1,2,1,286.0606047332876,-0.7244813201501,-0.28643926681
2,45,2,1,2,-0.7244813201501,284.39418933489173,-0.28564538581
2,46,1,0,1,181.15791088624098,0.02480464015294347,0.44810014016329236
2,47,2,0,2,-0.9920000000000001,264.003877960664,-0.24516100000000002
2,48,1,2,1,283.22174280263533,-0.7244813201501,-0.28643926681
2,49,2,2,3,-0.8810509280350901,-0.8811382549450901,272.9968667636849
2,50,1,2,1,283.3385210598327,-0.7244813201501,-0.28643926681
2,51,1,2,1,283.5551825387729,-0.7244813201501,-0.28643926681
2,52,1,2,1,283.8716273562341,-0.7244813201501,-0.28643926681
2,53,1,2,1,284.28670929267713,-0.7244813201501,-0.28643926681
2,54,2,1,2,-0.7244813201501,284.13178642576867,-0.28564538581
2,55,1,2,1,283.5050665072092,-0.7244813201501,-0.28643926681
2,56,2,2,3,-0.8810509280350901,-0.8811382549450901,272.62386989692124
2,57,2,2,3,-0.8810509280350901,-0.8811382549450901,272.2512460270243
2,58,2,2,3,-0.8810509280350901,-0.8811382549450901,272.99710588600874
2,59,2,1,2,-0.7244813201501,282.41748131623183,-0.28564538581
2,60,2,2,3,-0.8810509280350901,-0.8811382549450901,273.553141357989
2,61,1,2,1,290.1789920837421,-0.7244813201501,-0.28643926681
2,62,0,2,1,266.32960030643466,-0.9920000000000001,-0.24516100000000002
2,63,2,1,2,-0.7244813201501,290.2186256087334,-0.28564538581
2,64,1,2,1,288.35522412401014,-0.7244813201501,-0.28643926681
2,65,2,2,3,-0.8810509280350901,-0.8811382549450901,273.179588216631
2,66,2,2,3,-0.8810509280350901,-0.8811382549450901,272.8064086284144
2,67,2,2,3,-0.8810509280350901,-0.8811382549450901,272.43360221978594
2,68,2,2,3,-0.8810509280350901,-0.8811382549450901,272.0611686175662
2,69,2,2,3,-0.8810509280350901,-0.8811382549450901,271.6891074489486
2,70,2,2,3,-0.8810509280350901,-0.8811382549450901,271.31741834149966
2,71,2,2,3,-0.8810509280350901,-0.8811382549450901,270.94610092315816
2,72,2,2,3,-0.8810509280350901,-0.8811382549450901,270.575154822235
2,73,2,2,3,-0.8810509280350901,-0.8811382549450901,270.20457966741276
2,74,2,2,3,-0.8810509280350901,-0.8811382549450901,269.83437508774534
2,75,2,2,3,-0.8810509280350901,-0.8811382549450901,271.2981047672478
2,76,1,2,1,286.57821408356665,-0.7244813201501,-0.28643926681
2,77,2,2,3,-0.8810509280350901,-0.8811382549450901,272.44161350751585
2,78,2,1,2,-0.7244813201501,285.31098534626966,-0.28564538581
2,79,2,2,3,-0.8810509280350901,-0.8811382549450901,272.0691718940083
2,80,2,2,3,-0.8810509280350901,-0.8811382549450901,271.6971027221143
2,81,2,2,3,-0.8810509280350901,-0.8811382549450901,271.3254056193922
2,82,2,2,3,-0.8810509280350901,-0.8811382549450901,270.9540802137728
2,83,2,2,3,-0.8810509280350901,-0.8811382549450901,272.00259132122846
2,84,1,2,1,283.99115771201025,-0.7244813201501,-0.28643926681
2,85,2,2,3,-0.8810509280350901,-0.8811382549450901,271.63058872990723
2,86,2,2,3,-0.8810509280350901,-0.8811382549450901,271.25895814117735
2,87,2,2,3,-0.8810509280350901,-0.8811382549450901,272.1498685189516
2,88,2,1,2,-0.7244813201501,283.0501660005761,-0.28564538581
2,89,2,2,3,-0.8810509280350901,-0.8811382549450901,272.8553346805508
2,90,1,2,1,282.1440691651414,-0.7244813201501,-0.28643926681
2,91,2,2,3,-0.8810509280350901,-0.8811382549450901,273.40342613835116
2,92,2,1,2,-0.7244813201501,281.60898396820045,-0.28564538581
2,93,2,2,3,-0.8810509280350901,-0.8811382549450901,273.8411470667121
2,94,1,2,1,281.0472148522961,-0.7244813201501,-0.28643926681
2,95,2,2,3,-0.8810509280350901,-0.8811382549450901,273.46730591964536
2,96,2,2,3,-0.8810509280350901,-0.8811382549450901,273.0938386137257
2,97,2,2,3,-0.8810509280350901,-0.8811382549450901,272.720744775112
2,98,2,2,3,-0.8810509280350901,-0.8811382549450901,272.3480240303369
2,99,2,2,3,-0.8810509280350901,-0.8811382549450901,272.8368958976805
2,100,1,2,1,280.55334606093686,-0.7244813201501,-0.28643926681
2,101,2,2,3,-0.8810509280350901,-0.8811382549450901,273.22898052317635
2,102,2,1,2,-0.7244813201501,280.2567073923756,-0.28564538581
2,103,2,2,3,-0.8810509280350901,-0.8811382549450901,272.8557515426532
2,104,2,2,3,-0.8810509280350901,-0.8811382549450901,272.48289579111054
2,105,2,2,3,-0.8810509280350901,-0.8811382549450901,272.1104128953194
2,106,2,2,3,-0.8810509280350901,-0.8811382549450901,271.7383024824241
2,107,2,2,3,-0.8810509280350901,-0.8811382549450901,272.2098862660269
2,108,2,1,2,-0.7244813201501,279.97981539347467,-0.28564538581
2,109,2,2,3,-0.8810509280350901,-0.8811382549450901,271.83767637976086
2,110,2,2,3,-0.8810509280350901,-0.8811382549450901,271.4658387033811
2,111,2,2,3,-0.8810509280350901,-0.8811382549450901,271.93645226325975
2,112,1,2,1,279.59623086694216,-0.7244813201501,-0.28643926681
2,113,2,2,3,-0.8810509280350901,-0.8811382549450901,271.5645158109965
2,114,2,2,3,-0.8810509280350901,-0.8811382549450901,271.19295129518554
2,115,2,2,3,-0.8810509280350901,-0.8811382549450901,270.82175834389034
2,116,2,2,3,-0.8810509280350901,-0.8811382549450901,270.45093658554646
2,117,2,2,3,-0.8810509280350901,-0.8811382549450901,270.0804856489609
2,118,2,2,3,-0.8810509280350901,-0.8811382549450901,269.710405163312
2,119,2,2,3,-0.8810509280350901,-0.8811382549450901,269.3406947581487
2,120,2,2,3,-0.8810509280350901,-0.8811382549450901,268.97135406339055
2,121,2,2,3,-0.8810509280350901,-0.8811382549450901,269.6549693772423
2,122,2,1,2,-0.7244813201501,287.90997819307887,-0.28564538581
2,123,2,0,2,-0.9920000000000001,268.20117718391407,-0.24516100000000002
2,124,2,1,2,-0.7244813201501,287.7220682148858,-0.28564538581
2,125,2,1,2,-0.7244813201501,287.6343461466709,-0.28564538581
2,126,2,1,2,-0.7244813201501,287.64671180052426,-0.28564538581
2,127,2,1,2,-0.7244813201501,285.97788258881883,-0.28564538581
2,128,2,2,3,-0.8810509280350901,-0.8811382549450901,270.90128281581116
2,129,2,1,2,-0.7244813201501,286.1913059735861,-0.28564538581
2,130,1,2,1,286.719770828943,-0.7244813201501,-0.28643926681
2,131,2,1,2,-0.7244813201501,287.07067525560456,-0.28564538581
2,132,2,1,2,-0.7244813201501,287.4836045803489,-0.28564538581
2,133,2,1,2,-0.7244813201501,286.3544711210793,-0.28564538581
2,134,2,2,3,-0.8810509280350901,-0.8811382549450901,272.0602471752169
2,135,2,1,2,-0.7244813201501,294.1709405501789,-0.28564538581
2,136,2,0,2,-0.9920000000000001,270.50398257999035,-0.24516100000000002
2,137,2,1,2,-0.7244813201501,293.97373480021236,-0.28564538581
2,138,1,2,1,292.3711086104369,-0.7244813201501,-0.28643926681
2,139,0,1,2,0.02480464015294347,181.17457409799468,0.4484812350418096
2,140,0,1,2,0.02480464015294347,181.29339952389668,0.4484812350418096
2,141,0,1,2,0.02480464015294347,181.5121061243728,0.4484812350418096
2,142,0,1,2,0.02480464015294347,181.8305940182484,0.4484812350418096
2,143,0,1,2,0.02480464015294347,182.24876342423016,0.4484812350418096
2,144,0,1,2,0.02480464015294347,182.76651466080594,0.4484812350418096
2,145,0,1,2,0.02480464015294347,192.06926845943016,0.4484812350418096
2,146,0,2,1,272.3978272253388,-0.9920000000000001,-0.24516100000000002
2,147,2,1,2,-0.7244813201501,300.0373291315041,-0.28564538581
2,148,2,0,2,-0.9920000000000001,274.86218725100105,-0.24516100000000002
2,149,2,1,2,-0.7244813201501,299.8337331001792,-0.28564538581
2,150,1,2,1,299.58984513835213,-0.7244813201501,-0.28643926681
2,151,2,1,2,-0.7244813201501,299.5081736816692,-0.28564538581
2,152,1,2,1,299.38526203158716,-0.7244813201501,-0.28643926681
2,153,2,1,2,-0.7244813201501,299.39710075737474,-0.28564538581
2,154,2,1,2,-0.7244813201501,299.4977036566174,-0.28564538581
2,155,2,1,2,-0.7244813201501,299.6970958893414,-0.28564538581
2,156,1,2,1,299.7070813599418,-0.7244813201501,-0.28643926681
2,157,2,1,2,-0.7244813201501,299.9995496741716,-0.28564538581
2,158,1,2,1,297.366660247868,-0.7244813201501,-0.28643926681
2,159,2,2,3,-0.8810509280350901,-0.8811382549450901,271.68818692804166
2,160,2,2,3,-0.8810509280350901,-0.8811382549450901,271.3164987411136
2,161,2,2,3,-0.8810509280350901,-0.8811382549450901,270.9451822423725
2,162,2,2,3,-0.8810509280350901,-0.8811382549450901,270.5742370601301
2,163,2,2,3,-0.8810509280350901,-0.8811382549450901,272.856112718656
2,164,1,2,1,295.14274938222815,-0.7244813201501,-0.28643926681
2,165,2,2,3,-0.8810509280350901,-0.8811382549450901,274.68963363563097
2,166,1,2,1,293.4227481739328,-0.7244813201501,-0.28643926681
2,167,2,2,3,-0.8810509280350901,-0.8811382549450901,274.31494400199534
2,168,2,2,3,-0.8810509280350901,-0.8811382549450901,273.94062905799336
2,169,2,2,3,-0.8810509280350901,-0.8811382549450901,275.4954182214134
2,170,1,2,1,292.05451976045947,-0.7244813201501,-0.28643926681
2,171,2,2,3,-0.8810509280350901,-0.8811382549450901,275.11992280319197
2,172,2,2,3,-0.8810509280350901,-0.8811382549450901,274.74480288038876
2,173,2,2,3,-0.8810509280350901,-0.8811382549450901,274.37005807750836
2,174,2,2,3,-0.8810509280350901,-0.8811382549450901,273.9956880194309
2,175,2,2,3,-0.8810509280350901,-0.8811382549450901,275.40712773639495
2,176,2,1,2,-0.7244813201501,290.7926558177863,-0.28564538581
2,177,2,2,3,-0.8810509280350901,-0.8811382549450901,276.5548878887163
2,178,2,1,2,-0.7244813201501,289.89232413699057,-0.28564538581
2,179,2,2,3,-0.8810509280350901,-0.8811382549450901,277.4987391894067
2,180,2,1,2,-0.7244813201501,298.0144482611406,-0.28564538581
2,181,2,0,2,-0.9920000000000001,276.88110117760635,-0.24516100000000002
2,182,1,2,1,298.53190902972045,-0.7244813201501,-0.28643926681
2,183,2,1,2,-0.7244813201501,296.2832713658233,-0.28564538581
2,184,2,2,3,-0.8810509280350901,-0.8811382549450901,278.9809091356825
2,185,2,1,2,-0.7244813201501,294.47405423367354,-0.28564538581
2,186,2,2,3,-0.8810509280350901,-0.8811382549450901,280.13574959124793
2,187,2,1,2,-0.7244813201501,293.0600880198397,-0.28564538581
2,188,2,2,3,-0.8810509280350901,-0.8811382549450901,281.0351233460873
2,189,2,1,2,-0.7244813201501,291.9765564291184,-0.28564538581
2,190,2,2,3,-0.8810509280350901,-0.8811382549450901,281.73729009796125
2,191,2,1,2,-0.7244813201501,292.18457987268926,-0.28564538581
2,192,2,1,2,-0.7244813201501,292.4923952928166,-0.28564538581
2,193,2,1,2,-0.7244813201501,292.89990289752376,-0.28564538581
2,194,2,1,2,-0.7244813201501,292.3019043274696,-0.28564538581
2,195,2,2,3,-0.8810509280350901,-0.8811382549450901,281.3555528078633
2,196,2,2,3,-0.8810509280350901,-0.8811382549450901,280.97419725505546
2,197,2,2,3,-0.8810509280350901,-0.8811382549450901,281.71258223152506
2,198,1,2,1,300.3634735867339,-0.7244813201501,-0.28643926681
2,199,0,2,1,278.9241981467049,-0.9920000000000001,-0.24516100000000002
2,200,1,2,1,300.1631101131472,-0.7244813201501,-0.28643926681
2,201,1,2,1,300.062947003034,-0.7244813201501,-0.28643926681
2,202,1,2,1,300.062884056031,-0.7244813201501,-0.28643926681
2,203,1,2,1,300.16474285849864,-0.7244813201501,-0.28643926681
2,204,2,1,2,-0.7244813201501,299.0864367225831,-0.28564538581
2,205,1,0,1,200.97869714536796,0.02480464015294347,0.44810014016329236
2,206,2,0,2,-0.9920000000000001,280.6450616561216,-0.24516100000000002
2,207,1,2,1,299.36637077065484,-0.7244813201501,-0.28643926681
2,208,2,1,2,-0.7244813201501,299.21564869286294,-0.28564538581
2,209,2,1,2,-0.7244813201501,297.38362946449763,-0.28564538581
2,210,2,2,3,-0.8810509280350901,-0.8811382549450901,282.88230332535784
2,211,2,1,2,-0.7244813201501,295.9506145472583,-0.28564538581
2,212,2,2,3,-0.8810509280350901,-0.8811382549450901,283.7931838330006
2,213,2,1,2,-0.7244813201501,294.8510782919995,-0.28564538581
2,214,2,2,3,-0.8810509280350901,-0.8811382549450901,284.50061149333993
2,215,1,2,1,294.19961548001686,-0.7244813201501,-0.28643926681
2,216,2,2,3,-0.8810509280350901,-0.8811382549450901,285.0794719130693
2,217,2,1,2,-0.7244813201501,293.53124561997004,-0.28564538581
2,218,2,2,3,-0.8810509280350901,-0.8811382549450901,285.5282743652519
2,219,1,2,1,293.2195686484281,-0.7244813201501,-0.28643926681
2,220,2,2,3,-0.8810509280350901,-0.8811382549450901,285.14274609088665
2,221,2,2,3,-0.8810509280350901,-0.8811382549450901,284.75760334479577
2,222,2,2,3,-0.8810509280350901,-0.8811382549450901,285.21058030651056
2,223,1,2,1,301.5811040047747,-0.7244813201501,-0.28643926681
2,224,0,2,1,280.8130494611577,-0.9920000000000001,-0.24516100000000002
2,225,2,2,3,-0.8810509280350901,-0.8811382549450901,286.4460515723322
2,226,1,2,1,301.3795229007699,-0.7244813201501,-0.28643926681
2,227,1,2,1,299.7997297163538,-0.7244813201501,-0.28643926681
2,228,2,2,3,-0.8810509280350901,-0.8811382549450901,287.381619657018
2,229,1,2,1,298.5705370907632,-0.7244813201501,-0.28643926681
2,230,2,2,3,-0.8810509280350901,-0.8811382549450901,288.10383428247786
2,231,2,1,2,-0.7244813201501,297.8529758772529,-0.28564538581
2,232,2,2,3,-0.8810509280350901,-0.8811382549450901,287.71573044819536
2,233,2,2,3,-0.8810509280350901,-0.8811382549450901,287.3280147177472
2,234,2,2,3,-0.8810509280350901,-0.8811382549450901,287.9826578578205
2,235,2,1,2,-0.7244813201501,297.2779614174518,-0.28564538581
2,236,2,2,3,-0.8810509280350901,-0.8811382549450901,288.51491025236623
2,237,2,1,2,-0.7244813201501,296.9131413906909,-0.28564538581
2,238,2,2,3,-0.8810509280350901,-0.8811382549450901,288.957820224808
2,239,2,1,2,-0.7244813201501,304.92265114276637,-0.28564538581
2,240,2,0,2,-0.9920000000000001,281.34158684902457,-0.24516100000000002
2,241,2,2,3,-0.8810509280350901,-0.8811382549450901,290.1493806654611
2,242,2,1,2,-0.7244813201501,304.7164533518477,-0.28564538581
2,243,1,2,1,303.341939143368,-0.7244813201501,-0.28643926681
2,244,2,2,3,-0.8810509280350901,-0.8811382549450901,291.0652945741084
2,245,1,2,1,302.3232093918679,-0.7244813201501,-0.28643926681
2,246,2,2,3,-0.8810509280350901,-0.8811382549450901,290.6742292795343
2,247,2,2,3,-0.8810509280350901,-0.8811382549450901,290.2835550502548
2,248,2,2,3,-0.8810509280350901,-0.8811382549450901,291.08766156354676
2,249,2,1,2,-0.7244813201501,301.1309695704045,-0.28564538581
2,250,2,2,3,-0.8810509280350901,-0.8811382549450901,291.69086139466214
2,251,2,1,2,-0.7244813201501,300.1952678914356,-0.28564538581
2,252,2,2,3,-0.8810509280350901,-0.8811382549450901,292.1391107027448
2,253,1,2,1,299.67936693728865,-0.7244813201501,-0.28643926681
2,254,2,2,3,-0.8810509280350901,-0.8811382549450901,292.4934569592619
2,255,1,2,1,299.3682824825267,-0.7244813201501,-0.28643926681
2,256,2,2,3,-0.8810509280350901,-0.8811382549450901,292.78318804880547
2,257,2,1,2,-0.7244813201501,298.8316882120116,-0.28564538581
2,258,2,2,3,-0.8810509280350901,-0.8811382549450901,292.3904048607567
2,259,2,2,3,-0.8810509280350901,-0.8811382549450901,291.99801445589594
2,260,2,2,3,-0.8810509280350901,-0.8811382549450901,292.2810950055658
2,261,1,2,1,298.6711192715462,-0.7244813201501,-0.28643926681
2,262,2,2,3,-0.8810509280350901,-0.8811382549450901,292.522735936849
2,263,2,1,2,-0.7244813201501,298.27566387447337,-0.28564538581
2,264,2,2,3,-0.8810509280350901,-0.8811382549450901,292.1302132009122
2,265,2,2,3,-0.8810509280350901,-0.8811382549450901,291.73808298771127
2,266,2,2,3,-0.8810509280350901,-0.8811382549450901,291.34634490472354
2,267,2,2,3,-0.8810509280350901,-0.8811382549450901,290.9549985598188
2,268,2,2,3,-0.8810509280350901,-0.8811382549450901,291.2887894274098
2,269,2,1,2,-0.7244813201501,297.8856876403396,-0.28564538581
2,270,2,2,3,-0.8810509280350901,-0.8811382549450901,291.55059356106244
2,271,2,1,2,-0.7244813201501,297.6606276388508,-0.28564538581
2,272,2,2,3,-0.8810509280350901,-0.8811382549450901,291.76393634120245
2,273,2,1,2,-0.7244813201501,297.57919457274477,-0.28564538581
2,274,2,2,3,-0.8810509280350901,-0.8811382549450901,291.9470237255059
2,275,1,2,1,305.5659821068646,-0.7244813201501,-0.28643926681
2,276,0,2,1,283.45654697470695,-0.9920000000000001,-0.24516100000000002
2,277,2,1,2,-0.7244813201501,304.8135740095628,-0.28564538581
2,278,1,0,1,200.8777184482226,0.02480464015294347,0.44810014016329236
2,279,1,0,1,200.87684072977436,0.02480464015294347,0.44810014016329236
2,280,1,0,1,200.97596388904458,0.02480464015294347,0.44810014016329236
2,281,1,0,1,201.17498792515553,0.02480464015294347,0.44810014016329236
2,282,1,0,1,209.61987671151746,0.02480464015294347,0.44810014016329236
2,283,2,0,2,-0.9920000000000001,285.2884075398445,-0.24516100000000002
2,284,1,2,1,303.82814795257946,-0.7244813201501,-0.28643926681
2,285,2,2,3,-0.8810509280350901,-0.8811382549450901,292.7319835767411
2,286,2,1,2,-0.7244813201501,302.5319411357858,-0.28564538581
2,287,2,2,3,-0.8810509280350901,-0.8811382549450901,292.3392515931643
2,288,2,2,3,-0.8810509280350901,-0.8811382549450901,291.94691234157114
2,289,2,2,3,-0.8810509280350901,-0.8811382549450901,292.6022752610245
2,290,1,2,1,301.9408448291184,-0.7244813201501,-0.28643926681
2,291,2,2,3,-0.8810509280350901,-0.8811382549450901,293.13419137300474
2,292,1,2,1,301.567045292134,-0.7244813201501,-0.28643926681
2,293,2,2,3,-0.8810509280350901,-0.8811382549450901,292.74105718163173
2,294,2,2,3,-0.8810509280350901,-0.8811382549450901,292.3483161244501
2,295,2,2,3,-0.8810509280350901,-0.8811382549450901,292.86911449118054
2,296,2,1,2,-0.7244813201501,300.608860327131,-0.28564538581
2,297,2,2,3,-0.8810509280350901,-0.8811382549450901,292.47624537668935
2,298,2,2,3,-0.8810509280350901,-0.8811382549450901,292.08376913131264
2,299,2,2,3,-0.8810509280350901,-0.8811382549450901,292.53566939056736
2,300,2,1,2,-0.7244813201501,299.8090055640841,-0.28564538581
2,301,2,2,3,-0.8810509280350901,-0.8811382549450901,292.1431337211768
2,302,2,2,3,-0.8810509280350901,-0.8811382549450901,291.75099058745565
2,303,2,2,3,-0.8810509280350901,-0.8811382549450901,292.1569830795544
2,304,2,1,2,-0.7244813201501,299.15164633255154,-0.28564538581
2,305,2,2,3,-0.8810509280350901,-0.8811382549450901,292.4572977585215
2,306,2,1,2,-0.7244813201501,298.68975417739,-0.28564538581
2,307,2,2,3,-0.8810509280350901,-0.8811382549450901,292.6815305200947
2,308,1,2,1,306.9612974236354,-0.7244813201501,-0.28643926681
2,309,0,2,1,285.73416401525407,-0.9920000000000001,-0.24516100000000002
2,310,2,2,3,-0.8810509280350901,-0.8811382549450901,293.7025459130252
2,311,1,2,1,305.44171972666135,-0.7244813201501,-0.28643926681
2,312,2,2,3,-0.8810509280350901,-0.8811382549450901,294.47102157466213
2,313,1,2,1,304.25017888988674,-0.7244813201501,-0.28643926681
2,314,2,2,3,-0.8810509280350901,-0.8811382549450901,295.0446871272947
2,315,1,2,1,304.24592871099685,-0.7244813201501,-0.28643926681
2,316,1,2,1,304.34168278228583,-0.7244813201501,-0.28643926681
2,317,1,2,1,304.5375838842013,-0.7244813201501,-0.28643926681
2,318,2,1,2,-0.7244813201501,303.91247222359044,-0.28564538581
2,319,2,2,3,-0.8810509280350901,-0.8811382549450901,294.64964244016744
2,320,2,2,3,-0.8810509280350901,-0.8811382549450901,294.25499279772725
2,321,2,2,3,-0.8810509280350901,-0.8811382549450901,294.81682826809
2,322,2,1,2,-0.7244813201501,303.4080909997723,-0.28564538581
2,323,2,2,3,-0.8810509280350901,-0.8811382549450901,295.27254645025846
2,324,2,1,2,-0.7244813201501,303.09926399837065,-0.28564538581
2,325,2,2,3,-0.8810509280350901,-0.8811382549450901,294.8772739038082
2,326,2,2,3,-0.8810509280350901,-0.8811382549450901,294.4823966299044
2,327,2,2,3,-0.8810509280350901,-0.8811382549450901,294.93944263426266
2,328,1,2,1,302.5743290694166,-0.7244813201501,-0.28643926681
2,329,2,2,3,-0.8810509280350901,-0.8811382549450901,294.5445031916284
2,330,2,2,3,-0.8810509280350901,-0.8811382549450901,294.14995868843675
2,331,2,2,3,-0.8810509280350901,-0.8811382549450901,293.7558087297483
2,332,2,2,3,-0.8810509280350901,-0.8811382549450901,293.3620529210186
2,333,2,2,3,-0.8810509280350901,-0.8811382549450901,293.88209352842995
2,334,2,1,2,-0.7244813201501,310.51727696982067,-0.28564538581
2,335,2,0,2,-0.9920000000000001,287.901487738213,-0.24516100000000002
2,336,1,2,1,310.8953309799988,-0.7244813201501,-0.28643926681
2,337,2,1,2,-0.7244813201501,310.7284061028925,-0.28564538581
2,338,1,2,1,311.1632312817531,-0.7244813201501,-0.28643926681
2,339,2,1,2,-0.7244813201501,309.4289801098617,-0.28564538581
2,340,2,2,3,-0.8810509280350901,-0.8811382549450901,295.02735320646326
2,341,2,1,2,-0.7244813201501,309.4195511297518,-0.28564538581
2,342,2,1,2,-0.7244813201501,309.51013157862207,-0.28564538581
2,343,2,1,2,-0.7244813201501,309.69195208680674,-0.28564538581
2,344,1,2,1,309.3279236207272,-0.7244813201501,-0.28643926681
2,345,0,1,2,0.02480464015294347,217.75770512095937,0.4484812350418096
2,346,0,2,1,289.7398995729509,-0.9920000000000001,-0.24516100000000002
2,347,2,1,2,-0.7244813201501,309.76574954789373,-0.28564538581
2,348,2,1,2,-0.7244813201501,308.79688256054425,-0.28564538581
2,349,2,2,3,-0.8810509280350901,-0.8811382549450901,295.99550925931084
2,350,2,1,2,-0.7244813201501,316.50093984137135,-0.28564538581
2,351,2,0,2,-0.9920000000000001,292.09118478712367,-0.24516100000000002
2,352,1,2,1,314.22048018543865,-0.7244813201501,-0.28643926681
2,353,2,2,3,-0.8810509280350901,-0.8811382549450901,297.40714405949643
2,354,2,1,2,-0.7244813201501,312.3722684084055,-0.28564538581
2,355,2,2,3,-0.8810509280350901,-0.8811382549450901,298.4882618569965
2,356,1,2,1,310.8579034097491,-0.7244813201501,-0.28643926681
2,357,2,2,3,-0.8810509280350901,-0.8811382549450901,299.31436810886197
2,358,1,2,1,309.70423551155153,-0.7244813201501,-0.28643926681
2,359,2,2,3,-0.8810509280350901,-0.8811382549450901,298.91505374075314
2,360,2,2,3,-0.8810509280350901,-0.8811382549450901,298.51613868701236
2,361,2,2,3,-0.8810509280350901,-0.8811382549450901,298.11762254832536
2,362,2,2,3,-0.8810509280350901,-0.8811382549450901,297.719504925777
2,363,2,2,3,-0.8810509280350901,-0.8811382549450901,298.5082737488429
2,364,1,2,1,308.6861310615318,-0.7244813201501,-0.28643926681
2,365,2,2,3,-0.8810509280350901,-0.8811382549450901,298.10976547509404
2,366,2,2,3,-0.8810509280350901,-0.8811382549450901,297.7116557096189
2,367,2,2,3,-0.8810509280350901,-0.8811382549450901,298.4004171137487
2,368,1,2,1,307.85915924963973,-0.7244813201501,-0.28643926681
2,369,2,2,3,-0.8810509280350901,-0.8811382549450901,298.9384321680881
2,370,1,2,1,307.2681481093165,-0.7244813201501,-0.28643926681
2,371,2,2,3,-0.8810509280350901,-0.8811382549450901,299.3659202927621
2,372,2,1,2,-0.7244813201501,306.3947837588268,-0.28564538581
2,373,2,2,3,-0.8810509280350901,-0.8811382549450901,299.66080564481535
2,374,1,2,1,306.1071232254682,-0.7244813201501,-0.28643926681
2,375,2,2,3,-0.8810509280350901,-0.8811382549450901,299.2611448391705
2,376,2,2,3,-0.8810509280350901,-0.8811382549450901,298.86188369433137
2,377,2,2,3,-0.8810509280350901,-0.8811382549450901,298.46302181063703
2,378,2,2,3,-0.8810509280350901,-0.8811382549450901,298.0645587888264
2,379,2,2,3,-0.8810509280350901,-0.8811382549450901,298.4627081092651
2,380,1,2,1,305.8442190057386,-0.7244813201501,-0.28643926681
2,381,2,2,3,-0.8810509280350901,-0.8811382549450901,298.06424540115586
2,382,2,2,3,-0.8810509280350901,-0.8811382549450901,297.6661811557547
2,383,2,2,3,-0.8810509280350901,-0.8811382549450901,298.0794417524908
2,384,2,1,2,-0.7244813201501,305.08148939087465,-0.28564538581
2,385,2,2,3,-0.8810509280350901,-0.8811382549450901,298.3733940992692
2,386,1,2,1,313.3805464181304,-0.7244813201501,-0.28643926681
2,387,0,2,1,292.42851840978403,-0.9920000000000001,-0.24516100000000002
2,388,2,2,3,-0.8810509280350901,-0.8811382549450901,299.46072878473717
2,389,1,2,1,313.1681381831429,-0.7244813201501,-0.28643926681
2,390,2,1,2,-0.7244813201501,313.24312466627623,-0.28564538581
2,391,1,2,1,313.14913131308316,-0.7244813201501,-0.28643926681
2,392,1,2,1,313.1359821817701,-0.7244813201501,-0.28643926681
2,393,1,2,1,313.2209423779399,-0.7244813201501,-0.28643926681
2,394,2,1,2,-0.7244813201501,313.40142810594585,-0.28564538581
2,395,1,2,1,313.6121639331119,-0.7244813201501,-0.28643926681
2,396,1,2,1,313.89855176917877,-0.7244813201501,-0.28643926681
2,397,1,2,1,314.2846532174096,-0.7244813201501,-0.28643926681
2,398,1,2,1,314.77036856419215,-0.7244813201501,-0.28643926681
2,399,1,2,1,322.14375503034154,-0.7244813201501,-0.28643926681
2,400,0,2,1,295.07789831680947,-0.9920000000000001,-0.24516100000000002
2,401,1,2,1,321.9216112753112,-0.7244813201501,-0.28643926681
2,402,1,2,1,319.57606229746904,-0.7244813201501,-0.28643926681
2,403,2,2,3,-0.8810509280350901,-0.8811382549450901,301.0526860737129
2,404,1,2,1,317.7226719890197,-0.7244813201501,-0.28643926681
2,405,2,2,3,-0.8810509280350901,-0.8811382549450901,302.3001675698185
2,406,2,1,2,-0.7244813201501,316.46180843920166,-0.28564538581
2,407,2,2,3,-0.8810509280350901,-0.8811382549450901,303.2998698483176
2,408,2,1,2,-0.7244813201501,315.5423147102649,-0.28564538581
2,409,2,2,3,-0.8810509280350901,-0.8811382549450901,304.10857201980207
2,410,2,1,2,-0.7244813201501,314.8948318691988,-0.28564538581
2,411,2,2,3,-0.8810509280350901,-0.8811382549450901,304.7736113075575
2,412,1,2,1,313.9898283352264,-0.7244813201501,-0.28643926681
2,413,2,2,3,-0.8810509280350901,-0.8811382549450901,305.2800658607727
2,414,2,1,2,-0.7244813201501,321.69196796673856,-0.28564538581
2,415,2,0,2,-0.9920000000000001,297.41070114229115,-0.24516100000000002
2,416,1,2,1,320.2559282117776,-0.7244813201501,-0.28643926681
2,417,2,2,3,-0.8810509280350901,-0.8811382549450901,306.3573961676614
2,418,1,2,1,319.1597176111983,-0.7244813201501,-0.28643926681
2,419,2,2,3,-0.8810509280350901,-0.8811382549450901,307.21846859440393
2,420,1,2,1,318.35837424092443,-0.7244813201501,-0.28643926681
2,421,2,2,3,-0.8810509280350901,-0.8811382549450901,307.9132643612963
2,422,2,1,2,-0.7244813201501,317.0983461384295,-0.28564538581
2,423,2,2,3,-0.8810509280350901,-0.8811382549450901,308.4154269740381
2,424,1,2,1,316.7284822601701,-0.7244813201501,-0.28643926681
2,425,2,2,3,-0.8810509280350901,-0.8811382549450901,308.00701154706405
2,426,2,2,3,-0.8810509280350901,-0.8811382549450901,307.599004535517
2,427,2,2,3,-0.8810509280350901,-0.8811382549450901,308.09522382572214
2,428,1,2,1,324.3999777522228,-0.7244813201501,-0.28643926681
2,429,0,2,1,299.7914497799222,-0.9920000000000001,-0.24516100000000002
2,430,1,2,1,324.1755777744706,-0.7244813201501,-0.28643926681
2,431,1,2,1,324.05072537525655,-0.7244813201501,-0.28643926681
2,432,2,1,2,-0.7244813201501,322.33102715704297,-0.28564538581
2,433,2,2,3,-0.8810509280350901,-0.8811382549450901,307.6871286018964
2,434,2,2,3,-0.8810509280350901,-0.8811382549450901,307.2794414732945
2,435,2,2,3,-0.8810509280350901,-0.8811382549450901,308.3638582456163
2,436,1,2,1,320.94039396314565,-0.7244813201501,-0.28643926681
2,437,2,2,3,-0.8810509280350901,-0.8811382549450901,309.20057142340613
2,438,1,2,1,319.8572111377483,-0.7244813201501,-0.28643926681
2,439,2,2,3,-0.8810509280350901,-0.8811382549450901,309.8463781837026
2,440,1,2,1,319.0462814641601,-0.7244813201501,-0.28643926681
2,441,2,2,3,-0.8810509280350901,-0.8811382549450901,310.3473222302842
2,442,1,2,1,318.4660382185422,-0.7244813201501,-0.28643926681
2,443,2,2,3,-0.8810509280350901,-0.8811382549450901,309.9369749080539
2,444,2,2,3,-0.8810509280350901,-0.8811382549450901,309.52703793314583
2,445,2,2,3,-0.8810509280350901,-0.8811382549450901,310.00142922893957
2,446,2,1,2,-0.7244813201501,317.6000968491953,-0.28564538581
2,447,2,2,3,-0.8810509280350901,-0.8811382549450901,310.34463431919056
2,448,1,2,1,317.27273709891756,-0.7244813201501,-0.28643926681
2,449,2,2,3,-0.8810509280350901,-0.8811382549450901,310.6201718600644
2,450,1,2,1,317.0968604031722,-0.7244813201501,-0.28643926681
2,451,2,2,3,-0.8810509280350901,-0.8811382549450901,310.20955168820433
2,452,2,2,3,-0.8810509280350901,-0.8811382549450901,309.79934213651615
2,453,2,2,3,-0.8810509280350901,-0.8811382549450901,310.11199710277856
2,454,1,2,1,324.96652789106724,-0.7244813201501,-0.28643926681
2,455,0,2,1,300.513392515105,-0.9920000000000001,-0.24516100000000002
2,456,2,2,3,-0.8810509280350901,-0.8811382549450901,311.17248365371637
2,457,1,2,1,324.7415613631762,-0.7244813201501,-0.28643926681
2,458,1,2,1,324.616819801813,-0.7244813201501,-0.28643926681
2,459,1,2,1,324.5914527610862,-0.7244813201501,-0.28643926681
2,460,2,1,2,-0.7244813201501,324.6591381326247,-0.28564538581
2,461,1,2,1,324.74888859794737,-0.7244813201501,-0.28643926681
2,462,1,2,1,323.58007561987057,-0.7244813201501,-0.28643926681
2,463,2,2,3,-0.8810509280350901,-0.8811382549450901,311.9896627747119
2,464,1,2,1,322.70904467258,-0.7244813201501,-0.28643926681
2,465,2,2,3,-0.8810509280350901,-0.8811382549450901,312.63889191982616
2,466,1,2,1,322.08939050538476,-0.7244813201501,-0.28643926681
2,467,2,2,3,-0.8810509280350901,-0.8811382549450901,313.1608124323857
2,468,2,1,2,-0.7244813201501,321.37391774482546,-0.28564538581
2,469,2,2,3,-0.8810509280350901,-0.8811382549450901,313.5616850058267
2,470,1,2,1,321.08764151266405,-0.7244813201501,-0.28643926681
2,471,2,2,3,-0.8810509280350901,-0.8811382549450901,313.14812332082084
2,472,2,2,3,-0.8810509280350901,-0.8811382549450901,312.73497519750003
2,473,2,2,3,-0.8810509280350901,-0.8811382549450901,312.3222402223025
2,474,2,2,3,-0.8810509280350901,-0.8811382549450901,311.90991798208023
2,475,2,2,3,-0.8810509280350901,-0.8811382549450901,312.4066026936259
2,476,1,2,1,328.629703220393,-0.7244813201501,-0.28643926681
2,477,0,2,1,302.99557490429356,-0.9920000000000001,-0.24516100000000002
2,478,2,1,2,-0.7244813201501,328.89362826153734,-0.28564538581
2,479,1,2,1,328.69495108451355,-0.7244813201501,-0.28643926681
2,480,2,1,2,-0.7244813201501,329.02135919084225,-0.28564538581
2,481,1,2,1,328.9694719654196,-0.7244813201501,-0.28643926681
2,482,1,2,1,328.9328662142111,-0.7244813201501,-0.28643926681
2,483,2,1,2,-0.7244813201501,329.33859034588943,-0.28564538581
2,484,2,1,2,-0.7244813201501,327.86298480761894,-0.28564538581
2,485,1,0,1,226.38021250119044,0.02480464015294347,0.44810014016329236
2,486,2,0,2,-0.9920000000000001,303.61997918836454,-0.24516100000000002
2,487,2,2,3,-0.8810509280350901,-0.8811382549450901,313.5301761534604
2,488,1,2,1,326.66888497734755,-0.7244813201501,-0.28643926681
2,489,2,2,3,-0.8810509280350901,-0.8811382549450901,313.1166459773069
2,490,2,2,3,-0.8810509280350901,-0.8811382549450901,312.7035293313296
2,491,2,2,3,-0.8810509280350901,-0.8811382549450901,312.29082580199827
2,492,2,2,3,-0.8810509280350901,-0.8811382549450901,311.87853497619625
2,493,2,2,3,-0.8810509280350901,-0.8811382549450901,311.46665644122004
2,494,2,2,3,-0.8810509280350901,-0.8811382549450901,311.0551897847788
2,495,2,2,3,-0.8810509280350901,-0.8811382549450901,312.1898904190583
2,496,1,2,1,325.5087956310996,-0.7244813201501,-0.28643926681
2,497,2,2,3,-0.8810509280350901,-0.8811382549450901,311.77770052863923
2,498,2,2,3,-0.8810509280350901,-0.8811382549450901,311.36592282811057
2,499,2,2,3,-0.8810509280350901,-0.8811382549450901,312.3547013127784
2,500,1,2,1,324.5810314979547,-0.7244813201501,-0.28643926681
2,501,2,2,3,-0.8810509280350901,-0.8811382549450901,313.1485263877641
2,502,2,1,2,-0.7244813201501,323.1862059875117,-0.28564538581
2,503,2,2,3,-0.8810509280350901,-0.8811382549450901,313.72910814175134
2,504,2,1,2,-0.7244813201501,322.12676709479393,-0.28564538581
2,505,2,2,3,-0.8810509280350901,-0.8811382549450901,313.3153790336096
2,506,2,2,3,-0.8810509280350901,-0.8811382549450901,312.90206365457595
2,507,2,2,3,-0.8810509280350901,-0.8811382549450901,313.40240723150293
2,508,2,1,2,-0.7244813201501,321.2409287012333,-0.28564538581
2,509,2,2,3,-0.8810509280350901,-0.8811382549450901,312.98900482427143
2,510,2,2,3,-0.8810509280350901,-0.8811382549450901,312.57601581944715
2,511,2,2,3,-0.8810509280350901,-0.8811382549450901,313.0243475977973
2,512,1,2,1,320.93425914213526,-0.7244813201501,-0.28643926681
2,513,2,2,3,-0.8810509280350901,-0.8811382549450901,312.6113232501995
2,514,2,2,3,-0.8810509280350901,-0.8811382549450901,312.19871192694933
2,515,2,2,3,-0.8810509280350901,-0.8811382549450901,312.6513323893258
2,516,1,2,1,328.7996360648945,-0.7244813201501,-0.28643926681
2,517,0,2,1,305.8104699287823,-0.9920000000000001,-0.24516100000000002
2,518,2,1,2,-0.7244813201501,328.8477635731743,-0.28564538581
2,519,1,2,1,328.64672545109715,-0.7244813201501,-0.28643926681
2,520,1,2,1,328.51807872564603,-0.7244813201501,-0.28643926681
2,521,1,2,1,328.4895606469204,-0.7244813201501,-0.28643926681
2,522,1,2,1,328.56107108627344,-0.7244813201501,-0.28643926681
2,523,1,2,1,327.15744588418937,-0.7244813201501,-0.28643926681
2,524,2,2,3,-0.8810509280350901,-0.8811382549450901,313.67478629292793
2,525,1,2,1,326.0955051387703,-0.7244813201501,-0.28643926681
2,526,2,2,3,-0.8810509280350901,-0.8811382549450901,314.4907626723734
2,527,1,2,1,326.4694096336315,-0.7244813201501,-0.28643926681
2,528,1,2,1,326.9429402239979,-0.7244813201501,-0.28643926681
2,529,1,2,1,334.4238827245475,-0.7244813201501,-0.28643926681
2,530,0,2,1,308.33738732563427,-0.9920000000000001,-0.24516100000000002
2,531,1,2,1,334.18945884182295,-0.7244813201501,-0.28643926681
2,532,1,2,1,332.1050984622056,-0.7244813201501,-0.28643926681
2,533,2,2,3,-0.8810509280350901,-0.8811382549450901,315.8182839459679
2,534,2,1,2,-0.7244813201501,330.6441695727582,-0.28564538581
2,535,2,2,3,-0.8810509280350901,-0.8811382549450901,316.8702283390742
2,536,2,1,2,-0.7244813201501,329.5499052210507,-0.28564538581
2,537,2,2,3,-0.8810509280350901,-0.8811382549450901,316.4533581107351
2,538,2,2,3,-0.8810509280350901,-0.8811382549450901,316.03690475262437
2,539,2,2,3,-0.8810509280350901,-0.8811382549450901,316.95865489424597
2,540,2,1,2,-0.7244813201501,328.67382153347603,-0.28564538581
2,541,2,2,3,-0.8810509280350901,-0.8811382549450901,317.70281519048496
2,542,1,2,1,327.57099493716316,-0.7244813201501,-0.28643926681
2,543,2,2,3,-0.8810509280350901,-0.8811382549450901,318.2620621702156
2,544,1,2,1,326.7218395982982,-0.7244813201501,-0.28643926681
2,545,2,2,3,-0.8810509280350901,-0.8811382549450901,317.84380010804534
2,546,2,2,3,-0.8810509280350901,-0.8811382549450901,317.4259563079373
2,547,2,2,3,-0.8810509280350901,-0.8811382549450901,317.9288227973751
2,548,1,2,1,326.0246090954085,-0.7244813201501,-0.28643926681
2,549,2,2,3,-0.8810509280350901,-0.8811382549450901,317.51089397457775
2,550,2,2,3,-0.8810509280350901,-0.8811382549450901,317.0933830806032
2,551,2,2,3,-0.8810509280350901,-0.8811382549450901,316.6762896975226
2,552,2,2,3,-0.8810509280350901,-0.8811382549450901,316.25961340782504
2,553,2,2,3,-0.8810509280350901,-0.8811382549450901,316.810088367488
2,554,1,2,1,325.38634693424893,-0.7244813201501,-0.28643926681
2,555,2,2,3,-0.8810509280350901,-0.8811382549450901,316.3932782791205
2,556,2,2,3,-0.8810509280350901,-0.8811382549450901,315.9768850008414
2,557,2,2,3,-0.8810509280350901,-0.8811382549450901,316.49158046577725
2,558,2,1,2,-0.7244813201501,324.9725206935668,-0.28564538581
2,559,2,2,3,-0.8810509280350901,-0.8811382549450901,316.9154799111862
2,560,1,2,1,324.5569733474498,-0.7244813201501,-0.28643926681
2,561,2,2,3,-0.8810509280350901,-0.8811382549450901,317.2550722814651
2,562,1,2,1,324.30952816856984,-0.7244813201501,-0.28643926681
2,563,2,2,3,-0.8810509280350901,-0.8811382549450901,316.83781720918364
2,564,2,2,3,-0.8810509280350901,-0.8811382549450901,316.42097939197447
2,565,2,2,3,-0.8810509280350901,-0.8811382549450901,316.78552474146545
2,566,1,2,1,332.30397669695066,-0.7244813201501,-0.28643926681
2,567,0,2,1,310.40114378025476,-0.9920000000000001,-0.24516100000000002
2,568,2,1,2,-0.7244813201501,331.3797791029265,-0.28564538581
2,569,1,0,1,226.25383228868924,0.02480464015294347,0.44810014016329236
2,570,1,0,1,226.22757845640055,0.02480464015294347,0.44810014016329236
2,571,1,0,1,234.63430777770577,0.02480464015294347,0.44810014016329236
2,572,2,0,2,-0.9920000000000001,312.1660942130908,-0.24516100000000002
2,573,1,2,1,331.4536651329869,-0.7244813201501,-0.28643926681
2,574,1,2,1,331.6222114678539,-0.7244813201501,-0.28643926681
2,575,1,2,1,331.890589256386,-0.7244813201501,-0.28643926681
2,576,1,2,1,332.25869866712964,-0.7244813201501,-0.28643926681
2,577,1,2,1,331.19459574982176,-0.7244813201501,-0.28643926681
2,578,2,2,3,-0.8810509280350901,-0.8811382549450901,317.79523724655127
2,579,1,2,1,338.8797313006481,-0.7244813201501,-0.28643926681
2,580,0,2,1,314.49995817884127,-0.9920000000000001,-0.24516100000000002
2,581,1,2,1,338.6404155415674,-0.7244813201501,-0.28643926681
2,582,2,1,2,-0.7244813201501,336.3136043656689,-0.28564538581
2,583,2,2,3,-0.8810509280350901,-0.8811382549450901,317.37744200930473
2,584,2,2,3,-0.8810509280350901,-0.8811382549450901,316.96006456729543
2,585,2,2,3,-0.8810509280350901,-0.8811382549450901,316.5431045027281
2,586,2,2,3,-0.8810509280350901,-0.8811382549450901,316.12656139822536
2,587,2,2,3,-0.8810509280350901,-0.8811382549450901,315.7104348368271
2,588,2,2,3,-0.8810509280350901,-0.8811382549450901,315.29472440199027
2,589,2,2,3,-0.8810509280350901,-0.8811382549450901,316.9602987939925
2,590,2,1,2,-0.7244813201501,334.26131350970724,-0.28564538581
2,591,2,2,3,-0.8810509280350901,-0.8811382549450901,318.2583217335795
2,592,1,2,1,332.56259947877265,-0.7244813201501,-0.28643926681
2,593,2,2,3,-0.8810509280350901,-0.8811382549450901,319.25618690862007
2,594,1,2,1,331.2127020348488,-0.7244813201501,-0.28643926681
2,595,2,2,3,-0.8810509280350901,-0.8811382549450901,318.83693072171144
2,596,2,2,3,-0.8810509280350901,-0.8811382549450901,318.4180937909897
2,597,2,2,3,-0.8810509280350901,-0.8811382549450901,319.2645738603053
2,598,2,1,2,-0.7244813201501,329.9825514341206,-0.28564538581
2,599,2,2,3,-0.8810509280350901,-0.8811382549450901,319.9063890662527
2,600,2,1,2,-0.7244813201501,329.05502880826754,-0.28564538581
2,601,2,2,3,-0.8810509280350901,-0.8811382549450901,320.3921980116459
2,602,2,1,2,-0.7244813201501,328.3683535305937,-0.28564538581
2,603,2,2,3,-0.8810509280350901,-0.8811382549450901,320.762734120673
2,604,1,2,1,327.69874622514345,-0.7244813201501,-0.28643926681
2,605,2,2,3,-0.8810509280350901,-0.8811382549450901,321.0274765652983
2,606,2,1,2,-0.7244813201501,327.3000461498974,-0.28564538581
2,607,2,2,3,-0.8810509280350901,-0.8811382549450901,321.2284774952452
2,608,1,2,1,326.88115187636356,-0.7244813201501,-0.28643926681
2,609,2,2,3,-0.8810509280350901,-0.8811382549450901,321.3668637814807
2,610,1,2,1,326.60835620309376,-0.7244813201501,-0.28643926681
2,611,2,2,3,-0.8810509280350901,-0.8811382549450901,321.4644046674389
2,612,1,2,1,326.4724966448608,-0.7244813201501,-0.28643926681
2,613,2,2,3,-0.8810509280350901,-0.8811382549450901,321.0429402627714
2,614,2,2,3,-0.8810509280350901,-0.8811382549450901,320.62189732250863
2,615,2,2,3,-0.8810509280350901,-0.8811382549450901,320.78048475809896
2,616,1,2,1,326.38251497142653,-0.7244813201501,-0.28643926681
2,617,2,2,3,-0.8810509280350901,-0.8811382549450901,320.91430526446027
2,618,1,2,1,334.77975933398915,-0.7244813201501,-0.28643926681
2,619,0,2,1,314.8204785821387,-0.9920000000000001,-0.24516100000000002
2,620,2,2,3,-0.8810509280350901,-0.8811382549450901,321.8660709120792
2,621,1,2,1,333.26652442088607,-0.7244813201501,-0.28643926681
2,622,2,2,3,-0.8810509280350901,-0.8811382549450901,322.572849738539
2,623,1,2,1,332.0745841029128,-0.7244813201501,-0.28643926681
2,624,2,2,3,-0.8810509280350901,-0.8811382549450901,323.09094859087344
2,625,1,2,1,332.0425095188099,-0.7244813201501,-0.28643926681
2,626,1,2,1,332.1104670092911,-0.7244813201501,-0.28643926681
2,627,1,2,1,332.2783565422818,-0.7244813201501,-0.28643926681
2,628,1,2,1,332.54607818573953,-0.7244813201501,-0.28643926681
2,629,1,2,1,332.913020392137,-0.7244813201501,-0.28643926681
2,630,2,1,2,-0.7244813201501,332.33669059538397,-0.28564538581
2,631,2,2,3,-0.8810509280350901,-0.8811382549450901,323.58031823586464
2,632,1,2,1,331.9114015424284,-0.7244813201501,-0.28643926681
2,633,2,2,3,-0.8810509280350901,-0.8811382549450901,323.9840962433566
2,634,2,1,2,-0.7244813201501,331.6181512651689,-0.28564538581
2,635,2,2,3,-0.8810509280350901,-0.8811382549450901,324.31588359427263
2,636,2,1,2,-0.7244813201501,339.5234017112514,-0.28564538581
2,637,2,0,2,-0.9920000000000001,316.9477018657277,-0.24516100000000002
2,638,1,2,1,338.6808673066103,-0.7244813201501,-0.28643926681
2,639,0,1,2,0.02480464015294347,242.64786679962862,0.4484812350418096
2,640,0,2,1,318.78740868700663,-0.9920000000000001,-0.24516100000000002
2,641,2,1,2,-0.7244813201501,338.561158152109,-0.28564538581
2,642,2,1,2,-0.7244813201501,337.1123148127311,-0.28564538581
2,643,2,2,3,-0.8810509280350901,-0.8811382549450901,323.8915677106784
2,644,2,2,3,-0.8810509280350901,-0.8811382549450901,323.4676761429677
2,645,2,2,3,-0.8810509280350901,-0.8811382549450901,324.3933373155204
2,646,1,2,1,335.6006566383222,-0.7244813201501,-0.28643926681
2,647,2,2,3,-0.8810509280350901,-0.8811382549450901,325.0784685911623
2,648,1,2,1,334.4233593650151,-0.7244813201501,-0.28643926681
2,649,2,2,3,-0.8810509280350901,-0.8811382549450901,324.6533901225711
2,650,2,2,3,-0.8810509280350901,-0.8811382549450901,324.22873673244857
2,651,2,2,3,-0.8810509280350901,-0.8811382549450901,324.81514484382507
2,652,2,1,2,-0.7244813201501,333.55017010882375,-0.28564538581
2,653,2,2,3,-0.8810509280350901,-0.8811382549450901,324.39032969898125
2,654,2,2,3,-0.8810509280350901,-0.8811382549450901,323.9659393692823
2,655,2,2,3,-0.8810509280350901,-0.8811382549450901,323.541973429913
2,656,2,2,3,-0.8810509280350901,-0.8811382549450901,323.1184314564831
2,657,2,2,3,-0.8810509280350901,-0.8811382549450901,322.6953130250266
2,658,2,2,3,-0.8810509280350901,-0.8811382549450901,322.2726177120016
2,659,2,2,3,-0.8810509280350901,-0.8811382549450901,322.966822781575
2,660,2,1,2,-0.7244813201501,332.6688685533173,-0.28564538581
2,661,2,2,3,-0.8810509280350901,-0.8811382549450901,322.5438559587934
2,662,2,2,3,-0.8810509280350901,-0.8811382549450901,322.1213121028346
2,663,2,2,3,-0.8810509280350901,-0.8811382549450901,322.74339887932956
2,664,2,1,2,-0.7244813201501,331.95357818703917,-0.28564538581
2,665,2,2,3,-0.8810509280350901,-0.8811382549450901,323.231465079657
2,666,1,2,1,331.0490612997989,-0.7244813201501,-0.28643926681
2,667,2,2,3,-0.8810509280350901,-0.8811382549450901,323.5821756403714
2,668,1,2,1,330.37879055821577,-0.7244813201501,-0.28643926681
2,669,2,2,3,-0.8810509280350901,-0.8811382549450901,323.83226684492536
2,670,2,1,2,-0.7244813201501,330.107655950294,-0.28564538581
2,671,2,2,3,-0.8810509280350901,-0.8811382549450901,324.02897044651695
2,672,1,2,1,329.6691434022428,-0.7244813201501,-0.28643926681
2,673,2,2,3,-0.8810509280350901,-0.8811382549450901,324.1633185986873
2,674,1,2,1,329.39439760328855,-0.7244813201501,-0.28643926681
2,675,2,2,3,-0.8810509280350901,-0.8811382549450901,323.7391552800886
2,676,2,2,3,-0.8810509280350901,-0.8811382549450901,323.3154161248085
2,677,2,2,3,-0.8810509280350901,-0.8811382549450901,322.8921007086837
2,678,2,2,3,-0.8810509280350901,-0.8811382549450901,322.469208607975
2,679,2,2,3,-0.8810509280350901,-0.8811382549450901,322.046739399367
2,680,2,2,3,-0.8810509280350901,-0.8811382549450901,321.62469265996765
2,681,2,2,3,-0.8810509280350901,-0.8811382549450901,321.97285815562236
2,682,2,1,2,-0.7244813201501,329.13562897242014,-0.28564538581
2,683,2,2,3,-0.8810509280350901,-0.8811382549450901,321.5508852974667
2,684,2,2,3,-0.8810509280350901,-0.8811382549450901,321.12933441216927
2,685,2,2,3,-0.8810509280350901,-0.8811382549450901,320.7082050777571
2,686,2,2,3,-0.8810509280350901,-0.8811382549450901,320.28749687267936
2,687,2,2,3,-0.8810509280350901,-0.8811382549450901,320.74317445368104
2,688,2,1,2,-0.7244813201501,337.68151749188655,-0.28564538581
2,689,2,0,2,-0.9920000000000001,320.33414630911244,-0.24516100000000002
2,690,1,2,1,338.0399476940058,-0.7244813201501,-0.28643926681
2,691,2,1,2,-0.7244813201501,336.12496277887846,-0.28564538581
2,692,2,2,3,-0.8810509280350901,-0.8811382549450901,321.8452283234219
2,693,2,1,2,-0.7244813201501,335.9888378160996,-0.28564538581
2,694,2,1,2,-0.7244813201501,335.9528489782835,-0.28564538581
2,695,2,1,2,-0.7244813201501,336.01339501929004,-0.28564538581
2,696,1,2,1,336.4572818299596,-0.7244813201501,-0.28643926681
2,697,2,1,2,-0.7244813201501,336.67846467784034,-0.28564538581
2,698,1,2,1,336.90058829822607,-0.7244813201501,-0.28643926681
2,699,0,1,2,0.02480464015294347,250.69665478661602,0.4484812350418096
2,700,0,2,1,321.661575351447,-0.9920000000000001,-0.24516100000000002
2,701,2,1,2,-0.7244813201501,335.8022331171511,-0.28564538581
2,702,2,2,3,-0.8810509280350901,-0.8811382549450901,322.80512656967767
2,703,2,1,2,-0.7244813201501,334.9797173358341,-0.28564538581
2,704,2,2,3,-0.8810509280350901,-0.8811382549450901,323.5876059289575
2,705,2,1,2,-0.7244813201501,343.22548070430355,-0.28564538581
2,706,2,0,2,-0.9920000000000001,321.52367391471984,-0.24516100000000002
2,707,2,2,3,-0.8810509280350901,-0.8811382549450901,325.10816792578777
2,708,2,1,2,-0.7244813201501,341.18864125852616,-0.28564538581
2,709,2,2,3,-0.8810509280350901,-0.8811382549450901,324.683059757862
2,710,2,2,3,-0.8810509280350901,-0.8811382549450901,324.25837669810414
2,711,2,2,3,-0.8810509280350901,-0.8811382549450901,325.51021451288784
2,712,2,1,2,-0.7244813201501,341.0454255710182,-0.28564538581
2,713,1,2,1,340.7768590454555,-0.7244813201501,-0.28643926681
2,714,2,1,2,-0.7244813201501,340.73701426735704,-0.28564538581
2,715,2,1,2,-0.7244813201501,340.79627725308967,-0.28564538581
2,716,2,1,2,-0.7244813201501,340.95548097583656,-0.28564538581
2,717,2,1,2,-0.7244813201501,341.2145254948607,-0.28564538581
2,718,2,1,2,-0.7244813201501,340.01858418215056,-0.28564538581
2,719,2,2,3,-0.8810509280350901,-0.8811382549450901,326.52095009611577
2,720,1,2,1,338.5415471005764,-0.7244813201501,-0.28643926681
2,721,2,2,3,-0.8810509280350901,-0.8811382549450901,326.09442914601965
2,722,2,2,3,-0.8810509280350901,-0.8811382549450901,325.66833471687363
2,723,2,2,3,-0.8810509280350901,-0.8811382549450901,325.24266638215676
2,724,2,2,3,-0.8810509280350901,-0.8811382549450901,324.8174237157746
2,725,2,2,3,-0.8810509280350901,-0.8811382549450901,325.7513690267188
2,726,2,1,2,-0.7244813201501,337.737455374751,-0.28564538581
2,727,2,2,3,-0.8810509280350901,-0.8811382549450901,325.3256176576921
2,728,2,2,3,-0.8810509280350901,-0.8811382549450901,324.9002920400344
2,729,2,2,3,-0.8810509280350901,-0.8811382549450901,324.47539174799437
2,730,2,2,3,-0.8810509280350901,-0.8811382549450901,324.0509163562464
2,731,2,2,3,-0.8810509280350901,-0.8811382549450901,324.98183280272207
2,732,2,1,2,-0.7244813201501,345.69455355483313,-0.28564538581
2,733,2,0,2,-0.9920000000000001,323.5950747567537,-0.24516100000000002
2,734,1,2,1,345.64892656107247,-0.7244813201501,-0.28643926681
2,735,2,1,2,-0.7244813201501,343.35310918347585,-0.28564538581
2,736,2,2,3,-0.8810509280350901,-0.8811382549450901,326.375607331614
2,737,2,1,2,-0.7244813201501,341.52898339095805,-0.28564538581
2,738,2,2,3,-0.8810509280350901,-0.8811382549450901,327.4494159541574
2,739,2,1,2,-0.7244813201501,340.0935772313238,-0.28564538581
2,740,2,2,3,-0.8810509280350901,-0.8811382549450901,328.2737385046427
2,741,2,1,2,-0.7244813201501,340.1534836540925,-0.28564538581
2,742,2,1,2,-0.7244813201501,340.3133301704384,-0.28564538581
2,743,2,1,2,-0.7244813201501,340.5733470563327,-0.28564538581
2,744,1,2,1,340.65834578715345,-0.7244813201501,-0.28643926681
2,745,2,1,2,-0.7244813201501,339.77616983722453,-0.28564538581
2,746,2,2,3,-0.8810509280350901,-0.8811382549450901,328.9842054680637
2,747,2,1,2,-0.7244813201501,339.1679891948404,-0.28564538581
2,748,2,2,3,-0.8810509280350901,-0.8811382549450901,328.55522126259564
2,749,2,2,3,-0.8810509280350901,-0.8811382549450901,328.126666041333
2,750,2,2,3,-0.8810509280350901,-0.8811382549450901,327.69853937529166
2,751,2,2,3,-0.8810509280350901,-0.8811382549450901,328.4076922042024
2,752,1,2,1,338.27605940494266,-0.7244813201501,-0.28643926681
2,753,2,2,3,-0.8810509280350901,-0.8811382549450901,327.97928451199823
2,754,2,2,3,-0.8810509280350901,-0.8811382549450901,327.55130522748624
2,755,2,2,3,-0.8810509280350901,-0.8811382549450901,328.18550458582695
2,756,1,2,1,337.53881841844526,-0.7244813201501,-0.28643926681
2,757,2,2,3,-0.8810509280350901,-0.8811382549450901,328.68329715067034
2,758,1,2,1,337.0245829945171,-0.7244813201501,-0.28643926681
2,759,2,2,3,-0.8810509280350901,-0.8811382549450901,329.0804011520605
2,760,1,2,1,336.7010844091194,-0.7244813201501,-0.28643926681
2,761,2,2,3,-0.8810509280350901,-0.8811382549450901,329.4057683933573
2,762,1,2,1,344.96750392816966,-0.7244813201501,-0.28643926681
2,763,0,2,1,323.85233434332594,-0.9920000000000001,-0.24516100000000002
2,764,2,2,3,-0.8810509280350901,-0.8811382549450901,330.51697444291034
2,765,1,2,1,343.2919340052008,-0.7244813201501,-0.28643926681
2,766,2,2,3,-0.8810509280350901,-0.8811382549450901,331.3511784651342
2,767,1,2,1,343.1486420711956,-0.7244813201501,-0.28643926681
2,768,1,2,1,343.1054934291244,-0.7244813201501,-0.28643926681
2,769,1,2,1,341.99871075426023,-0.7244813201501,-0.28643926681
2,770,2,2,3,-0.8810509280350901,-0.8811382549450901,331.9739329832925
2,771,1,2,1,341.16425904418014,-0.7244813201501,-0.28643926681
2,772,2,2,3,-0.8810509280350901,-0.8811382549450901,332.4518013303371
2,773,1,2,1,340.5605614714655,-0.7244813201501,-0.28643926681
2,774,2,2,3,-0.8810509280350901,-0.8811382549450901,332.82211678297847
2,775,1,2,1,340.15389488583384,-0.7244813201501,-0.28643926681
2,776,2,2,3,-0.8810509280350901,-0.8811382549450901,332.3892946661955
2,777,2,2,3,-0.8810509280350901,-0.8811382549450901,332.7256007932735
2,778,1,2,1,339.87833987578455,-0.7244813201501,-0.28643926681
2,779,2,2,3,-0.8810509280350901,-0.8811382549450901,333.0009963616488
2,780,1,2,1,347.85188698819536,-0.7244813201501,-0.28643926681
2,781,0,2,1,325.9039659852003,-0.9920000000000001,-0.24516100000000002
2,782,2,1,2,-0.7244813201501,347.7814038757567,-0.28564538581
2,783,1,0,1,250.54621311075937,0.02480464015294347,0.44810014016329236
2,784,1,0,1,250.49566689764862,0.02480464015294347,0.44810014016329236
2,785,1,0,1,258.0101409394201,0.02480464015294347,0.44810014016329236
2,786,2,0,2,-0.9920000000000001,327.74024223999686,-0.24516100000000002
2,787,1,2,1,347.83745938562566,-0.7244813201501,-0.28643926681
2,788,2,1,2,-0.7244813201501,347.59116324979914,-0.28564538581
2,789,1,2,1,347.7176733701844,-0.7244813201501,-0.28643926681
2,790,1,2,1,347.9699556968142,-0.7244813201501,-0.28643926681
2,791,1,2,1,348.32198574111743,-0.7244813201501,-0.28643926681
2,792,1,2,1,348.7762226029146,-0.7244813201501,-0.28643926681
2,793,2,1,2,-0.7244813201501,347.1248045493411,-0.28564538581
2,794,2,2,3,-0.8810509280350901,-0.8811382549450901,333.9662523758687
2,795,2,1,2,-0.7244813201501,345.774983079618,-0.28564538581
2,796,2,2,3,-0.8810509280350901,-0.8811382549450901,334.701350463164
2,797,2,1,2,-0.7244813201501,344.7329184675094,-0.28564538581
2,798,2,2,3,-0.8810509280350901,-0.8811382549450901,335.259774345131
2,799,2,1,2,-0.7244813201501,343.95034428092646,-0.28564538581
2,800,2,2,3,-0.8810509280350901,-0.8811382549450901,335.6806152865598
2,801,1,2,1,351.8631795990487,-0.7244813201501,-0.28643926681
2,802,0,2,1,328.20191644671155,-0.9920000000000001,-0.24516100000000002
2,803,2,2,3,-0.8810509280350901,-0.8811382549450901,336.84700853820965
2,804,1,2,1,350.1247154844266,-0.7244813201501,-0.28643926681
2,805,2,2,3,-0.8810509280350901,-0.8811382549450901,336.4101615296714
2,806,2,2,3,-0.8810509280350901,-0.8811382549450901,335.97375136814173
2,807,2,2,3,-0.8810509280350901,-0.8811382549450901,335.5377776167736
2,808,2,2,3,-0.8810509280350901,-0.8811382549450901,335.1022398391568
2,809,2,2,3,-0.8810509280350901,-0.8811382549450901,334.66713759931764
2,810,2,2,3,-0.8810509280350901,-0.8811382549450901,334.2324704617183
2,811,2,2,3,-0.8810509280350901,-0.8811382549450901,335.3715702485047
2,812,1,2,1,348.5140293905859,-0.7244813201501,-0.28643926681
2,813,2,2,3,-0.8810509280350901,-0.8811382549450901,336.23730213332226
2,814,1,2,1,347.2501193627262,-0.7244813201501,-0.28643926681
2,815,2,2,3,-0.8810509280350901,-0.8811382549450901,336.89410613069344
2,816,2,1,2,-0.7244813201501,346.50282751333316,-0.28564538581
2,817,2,2,3,-0.8810509280350901,-0.8811382549450901,337.40598028702993
2,818,1,2,1,345.63305358846895,-0.7244813201501,-0.28643926681
2,819,2,2,3,-0.8810509280350901,-0.8811382549450901,337.7830545635854
2,820,1,2,1,345.01027063141703,-0.7244813201501,-0.28643926681
2,821,2,2,3,-0.8810509280350901,-0.8811382549450901,337.3452715090218
2,822,2,2,3,-0.8810509280350901,-0.8811382549450901,336.9079262375128
2,823,2,2,3,-0.8810509280350901,-0.8811382549450901,337.27315040627184
2,824,1,2,1,344.4992854584962,-0.7244813201501,-0.28643926681
2,825,2,2,3,-0.8810509280350901,-0.8811382549450901,337.5512646260358
2,826,1,2,1,344.16693211062415,-0.7244813201501,-0.28643926681
2,827,2,2,3,-0.8810509280350901,-0.8811382549450901,337.11371336140974
2,828,2,2,3,-0.8810509280350901,-0.8811382549450901,336.6765996480483
2,829,2,2,3,-0.8810509280350901,-0.8811382549450901,336.9831030330064
2,830,2,1,2,-0.7244813201501,343.8264485617487,-0.28564538581
2,831,2,2,3,-0.8810509280350901,-0.8811382549450901,336.5461199299734
2,832,2,2,3,-0.8810509280350901,-0.8811382549450901,336.1095738100434
2,833,2,2,3,-0.8810509280350901,-0.8811382549450901,336.4374348366522
2,834,2,1,2,-0.7244813201501,343.5511097544024,-0.28564538581
2,835,2,2,3,-0.8810509280350901,-0.8811382549450901,336.00099740181554
2,836,2,2,3,-0.8810509280350901,-0.8811382549450901,335.5649964044137
2,837,2,2,3,-0.8810509280350901,-0.8811382549450901,335.1294314080093
2,838,2,2,3,-0.8810509280350901,-0.8811382549450901,334.69430197660125
2,839,2,2,3,-0.8810509280350901,-0.8811382549450901,335.13510561726997
2,840,1,2,1,343.16231944091726,-0.7244813201501,-0.28643926681
2,841,2,2,3,-0.8810509280350901,-0.8811382549450901,335.4958581048151
2,842,2,1,2,-0.7244813201501,351.248598105572,-0.28564538581
2,843,2,0,2,-0.9920000000000001,328.5928289888066,-0.24516100000000002
2,844,2,2,3,-0.8810509280350901,-0.8811382549450901,336.61988350678524
2,845,2,1,2,-0.7244813201501,350.9973495074664,-0.28564538581
2,846,2,1,2,-0.7244813201501,350.84635215795896,-0.28564538581
2,847,2,1,2,-0.7244813201501,350.795505805801,-0.28564538581
2,848,2,1,2,-0.7244813201501,350.8447102999952,-0.28564538581
2,849,2,1,2,-0.7244813201501,350.992828182547,-0.28564538581
2,850,1,2,1,351.3422144526911,-0.7244813201501,-0.28643926681
2,851,0,1,2,0.02480464015294347,265.34031289066365,0.4484812350418096
2,852,0,2,1,330.5185516613876,-0.9920000000000001,-0.24516100000000002
2,853,2,1,2,-0.7244813201501,350.22826285273715,-0.28564538581
2,854,2,2,3,-0.8810509280350901,-0.8811382549450901,337.5304931785277
2,855,2,1,2,-0.7244813201501,350.67853935344823,-0.28564538581
2,856,1,2,1,350.4716560468045,-0.7244813201501,-0.28643926681
2,857,2,1,2,-0.7244813201501,357.9877675368169,-0.28564538581
2,858,2,0,2,-0.9920000000000001,332.905571774813,-0.24516100000000002
2,859,2,1,2,-0.7244813201501,355.7045096078094,-0.28564538581
2,860,2,2,3,-0.8810509280350901,-0.8811382549450901,337.09296268534916
2,861,2,2,3,-0.8810509280350901,-0.8811382549450901,338.5035859712002
2,862,1,2,1,353.89294186920284,-0.7244813201501,-0.28643926681
2,863,2,2,3,-0.8810509280350901,-0.8811382549450901,339.58862861913127
2,864,1,2,1,352.4229219155766,-0.7244813201501,-0.28643926681
2,865,2,2,3,-0.8810509280350901,-0.8811382549450901,340.41963502686025
2,866,1,2,1,351.2821735916781,-0.7244813201501,-0.28643926681
2,867,2,2,3,-0.8810509280350901,-0.8811382549450901,341.0546067097504
2,868,1,2,1,350.41836229677557,-0.7244813201501,-0.28643926681
2,869,2,2,3,-0.8810509280350901,-0.8811382549450901,341.54056390615614
2,870,1,2,1,349.78904189380745,-0.7244813201501,-0.28643926681
2,871,2,2,3,-0.8810509280350901,-0.8811382549450901,341.09902334225
2,872,2,2,3,-0.8810509280350901,-0.8811382549450901,340.65792431890776
2,873,2,2,3,-0.8810509280350901,-0.8811382549450901,341.1181923687878
2,874,2,1,2,-0.7244813201501,348.75306906060825,-0.28564538581
2,875,2,2,3,-0.8810509280350901,-0.8811382549450901,341.43567616805376
2,876,1,2,1,348.4048868146803,-0.7244813201501,-0.28643926681
2,877,2,2,3,-0.8810509280350901,-0.8811382549450901,341.68419234590175
2,878,1,2,1,348.19113317545657,-0.7244813201501,-0.28643926681
2,879,2,2,3,-0.8810509280350901,-0.8811382549450901,341.88669529568176
2,880,1,2,1,356.2304299619223,-0.7244813201501,-0.28643926681
2,881,0,2,1,333.46869287073963,-0.9920000000000001,-0.24516100000000002
2,882,2,2,3,-0.8810509280350901,-0.8811382549450901,342.8648383323439
2,883,1,2,1,354.6510059606321,-0.7244813201501,-0.28643926681
2,884,2,2,3,-0.8810509280350901,-0.8811382549450901,343.5888040892121
2,885,1,2,1,354.49635495467146,-0.7244813201501,-0.28643926681
2,886,1,2,1,354.4418585997168,-0.7244813201501,-0.28643926681
2,887,1,2,1,353.4129643445771,-0.7244813201501,-0.28643926681
2,888,2,2,3,-0.8810509280350901,-0.8811382549450901,343.1452152851229
2,889,2,2,3,-0.8810509280350901,-0.8811382549450901,342.70207006983776
2,890,2,2,3,-0.8810509280350901,-0.8811382549450901,342.2593679997679
2,891,2,2,3,-0.8810509280350901,-0.8811382549450901,341.8171086317681
2,892,2,2,3,-0.8810509280350901,-0.8811382549450901,341.37529152313635
2,893,2,2,3,-0.8810509280350901,-0.8811382549450901,342.1256458409359
2,894,1,2,1,352.4421068483721,-0.7244813201501,-0.28643926681
2,895,2,2,3,-0.8810509280350901,-0.8811382549450901,342.7033370861491
2,896,2,1,2,-0.7244813201501,351.41177427431774,-0.28564538581
2,897,2,2,3,-0.8810509280350901,-0.8811382549450901,343.12413050450544
2,898,1,2,1,350.8522628015033,-0.7244813201501,-0.28643926681
2,899,2,2,3,-0.8810509280350901,-0.8811382549450901,342.68100637400096
2,900,2,2,3,-0.8810509280350901,-0.8811382549450901,342.23832536762694
2,901,2,2,3,-0.8810509280350901,-0.8811382549450901,341.79608704225933
2,902,2,2,3,-0.8810509280350901,-0.8811382549450901,341.3542909552171
2,903,2,2,3,-0.8810509280350901,-0.8811382549450901,341.85201055061174
2,904,2,1,2,-0.7244813201501,349.9992462346594,-0.28564538581
2,905,2,2,3,-0.8810509280350901,-0.8811382549450901,342.21783766657103
2,906,1,2,1,349.5889129382677,-0.7244813201501,-0.28643926681
2,907,2,2,3,-0.8810509280350901,-0.8811382549450901,342.50436376639215
2,908,2,1,2,-0.7244813201501,349.0289307990384,-0.28564538581
2,909,2,2,3,-0.8810509280350901,-0.8811382549450901,342.70779153885775
2,910,2,1,2,-0.7244813201501,348.65410908148147,-0.28564538581
2,911,2,2,3,-0.8810509280350901,-0.8811382549450901,342.854573120711
2,912,1,2,1,348.5386094274868,-0.7244813201501,-0.28643926681
2,913,2,2,3,-0.8810509280350901,-0.8811382549450901,342.97443814196106
2,914,1,2,1,356.59814907894133,-0.7244813201501,-0.28643926681
2,915,0,2,1,334.0762929597198,-0.9920000000000001,-0.24516100000000002
2,916,2,2,3,-0.8810509280350901,-0.8811382549450901,343.8802110865802
2,917,1,2,1,356.34155092986236,-0.7244813201501,-0.28643926681
2,918,1,2,1,356.1852093789325,-0.7244813201501,-0.28643926681
2,919,1,2,1,356.12830683547304,-0.7244813201501,-0.28643926681
2,920,2,1,2,-0.7244813201501,356.46188501566536,-0.28564538581
2,921,1,2,1,356.5444091081798,-0.7244813201501,-0.28643926681
2,922,2,1,2,-0.7244813201501,356.96013021593757,-0.28564538581
2,923,1,2,1,357.17199206765093,-0.7244813201501,-0.28643926681
2,924,1,2,1,357.4148200755833,-0.7244813201501,-0.28643926681
2,925,1,2,1,357.7505986926729,-0.7244813201501,-0.28643926681
2,926,2,1,2,-0.7244813201501,358.12453441980387,-0.28564538581
2,927,1,0,1,272.67877384321827,0.02480464015294347,0.44810014016329236
2,928,2,0,2,-0.9920000000000001,336.1174072656087,-0.24516100000000002
2,929,2,1,2,-0.7244813201501,357.868359727982,-0.28564538581
2,930,1,2,1,365.2492662884008,-0.7244813201501,-0.28643926681
2,931,0,2,1,338.6721255350674,-0.9920000000000001,-0.24516100000000002
2,932,1,2,1,364.9840170221124,-0.7244813201501,-0.28643926681
2,933,1,2,1,364.8190330050903,-0.7244813201501,-0.28643926681
2,934,1,2,1,364.7542139720852,-0.7244813201501,-0.28643926681
2,935,1,2,1,364.7902376176812,-0.7244813201501,-0.28643926681
2,936,2,1,2,-0.7244813201501,364.6352974520965,-0.28564538581
2,937,2,1,2,-0.7244813201501,362.5159086044583,-0.28564538581
2,938,2,2,3,-0.8810509280350901,-0.8811382549450901,345.28126492976355
2,939,2,1,2,-0.7244813201501,360.84716297205904,-0.28564538581
2,940,2,2,3,-0.8810509280350901,-0.8811382549450901,344.8359836648338
2,941,2,2,3,-0.8810509280350901,-0.8811382549450901,344.39114768116895
2,942,2,2,3,-0.8810509280350901,-0.8811382549450901,343.94675653348776
2,943,2,2,3,-0.8810509280350901,-0.8811382549450901,343.5028097769543
2,944,2,2,3,-0.8810509280350901,-0.8811382549450901,343.05930696717735
2,945,2,2,3,-0.8810509280350901,-0.8811382549450901,342.61624766021015
2,946,2,2,3,-0.8810509280350901,-0.8811382549450901,343.9777021511467
2,947,1,2,1,359.30905848530466,-0.7244813201501,-0.28643926681
2,948,2,2,3,-0.8810509280350901,-0.8811382549450901,345.05152872607715
2,949,1,2,1,358.1382539806558,-0.7244813201501,-0.28643926681
2,950,2,2,3,-0.8810509280350901,-0.8811382549450901,344.60647719735107
2,951,2,2,3,-0.8810509280350901,-0.8811382549450901,344.16187072015373
2,952,2,2,3,-0.8810509280350901,-0.8811382549450901,343.71770884943356
2,953,2,2,3,-0.8810509280350901,-0.8811382549450901,343.27399114058414
2,954,2,2,3,-0.8810509280350901,-0.8811382549450901,342.83071714944356
2,955,2,2,3,-0.8810509280350901,-0.8811382549450901,342.3878864322941
2,956,2,2,3,-0.8810509280350901,-0.8811382549450901,341.9454985458618
2,957,2,2,3,-0.8810509280350901,-0.8811382549450901,341.50355304731596
2,958,2,2,3,-0.8810509280350901,-0.8811382549450901,342.7088848866693
2,959,1,2,1,356.95260818637047,-0.7244813201501,-0.28643926681
2,960,2,2,3,-0.8810509280350901,-0.8811382549450901,343.6768804289875
2,961,2,1,2,-0.7244813201501,355.78659326233446,-0.28564538581
2,962,2,2,3,-0.8810509280350901,-0.8811382549450901,344.4315468805789
2,963,1,2,1,355.1019458183602,-0.7244813201501,-0.28643926681
2,964,2,2,3,-0.8810509280350901,-0.8811382549450901,345.0434848285387
2,965,1,2,1,363.02029166449586,-0.7244813201501,-0.28643926681
2,966,0,2,1,340.7439218563457,-0.9920000000000001,-0.24516100000000002
2,967,1,2,1,362.7572713728314,-0.7244813201501,-0.28643926681
2,968,1,2,1,362.59451410145857,-0.7244813201501,-0.28643926681
2,969,1,2,1,362.5319195873571,-0.7244813201501,-0.28643926681
2,970,1,2,1,362.5693876677697,-0.7244813201501,-0.28643926681
2,971,1,2,1,362.70681828010197,-0.7244813201501,-0.28643926681
2,972,1,2,1,361.1954414501171,-0.7244813201501,-0.28643926681
2,973,2,2,3,-0.8810509280350901,-0.8811382549450901,346.1974850492464
2,974,1,2,1,361.53424600866697,-0.7244813201501,-0.28643926681
2,975,1,2,1,361.9727117626583,-0.7244813201501,-0.28643926681
2,976,1,2,1,362.67074421224885,-0.7244813201501,-0.28643926681
2,977,0,1,2,0.02480464015294347,279.7454994079268,0.4484812350418096
2,978,0,2,1,342.57421328273693,-0.9920000000000001,-0.24516100000000002
2,979,2,1,2,-0.7244813201501,363.0106183317928,-0.28564538581
2,980,1,2,1,362.7786792848656,-0.7244813201501,-0.28643926681
2,981,1,2,1,360.9743623762544,-0.7244813201501,-0.28643926681
2,982,2,2,3,-0.8810509280350901,-0.8811382549450901,347.21419841957095
2,983,1,2,1,359.5511317821665,-0.7244813201501,-0.28643926681
2,984,2,2,3,-0.8810509280350901,-0.8811382549450901,347.98834062404836
2,985,1,2,1,358.44686432573064,-0.7244813201501,-0.28643926681
2,986,2,2,3,-0.8810509280350901,-0.8811382549450901,348.573503663511
2,987,2,1,2,-0.7244813201501,357.8905686978466,-0.28564538581
2,988,2,2,3,-0.8810509280350901,-0.8811382549450901,349.04731959824676
2,989,2,1,2,-0.7244813201501,365.91588213528325,-0.28564538581
2,990,2,0,2,-0.9920000000000001,344.5381296697684,-0.24516100000000002
2,991,2,1,2,-0.7244813201501,365.65182985488485,-0.28564538581
2,992,1,2,1,365.7751261444487,-0.7244813201501,-0.28643926681
2,993,1,2,1,366.0104451544818,-0.7244813201501,-0.28643926681
2,994,2,1,2,-0.7244813201501,364.19401950376505,-0.28564538581
2,995,2,2,3,-0.8810509280350901,-0.8811382549450901,350.0977955692948
2,996,2,1,2,-0.7244813201501,362.73429931474874,-0.28564538581
2,997,2,2,3,-0.8810509280350901,-0.8811382549450901,350.89871164452546
2,998,2,1,2,-0.7244813201501,361.5998418360819,-0.28564538581
2,999,2,2,3,-0.8810509280350901,-0.8811382549450901,350.44781293288094
2,1000,2,2,3,-0.8810509280350901,-0.8811382549450901,349.9973651199481
2,1001,2,2,3,-0.8810509280350901,-0.8811382549450901,350.69369271426234
2,1002,1,2,1,360.83744018152146,-0.7244813201501,-0.28643926681
2,1003,2,2,3,-0.8810509280350901,-0.8811382549450901,350.2429990215481
2,1004,2,2,3,-0.8810509280350901,-0.8811382549450901,349.79275602252653
2,1005,2,2,3,-0.8810509280350901,-0.8811382549450901,350.43847521016124
2,1006,2,1,2,-0.7244813201501,359.96608895387305,-0.28564538581
2,1007,2,2,3,-0.8810509280350901,-0.8811382549450901,350.9293911048535
2,1008,1,2,1,359.4944044076382,-0.7244813201501,-0.28643926681
2,1009,2,2,3,-0.8810509280350901,-0.8811382549450901,351.3263980307243
2,1010,1,2,1,367.55485242774614,-0.7244813201501,-0.28643926681
2,1011,0,2,1,346.47928704693516,-0.9920000000000001,-0.24516100000000002
2,1012,2,1,2,-0.7244813201501,367.8005844639949,-0.28564538581
2,1013,1,2,1,367.5427204041518,-0.7244813201501,-0.28643926681
2,1014,2,1,2,-0.7244813201501,367.8432591238568,-0.28564538581
2,1015,1,2,1,367.7370260859814,-0.7244813201501,-0.28643926681
2,1016,1,2,1,366.044636882425,-0.7244813201501,-0.28643926681
2,1017,2,2,3,-0.8810509280350901,-0.8811382549450901,350.87507163269356
2,1018,2,2,3,-0.8810509280350901,-0.8811382549450901,350.42419656106085
2,1019,2,2,3,-0.8810509280350901,-0.8811382549450901,351.5147064856016
2,1020,2,1,2,-0.7244813201501,364.99022485704575,-0.28564538581
2,1021,2,2,3,-0.8810509280350901,-0.8811382549450901,351.063191779116
2,1022,2,2,3,-0.8810509280350901,-0.8811382549450901,350.6121285873369
2,1023,2,2,3,-0.8810509280350901,-0.8811382549450901,351.58988851309266
2,1024,1,2,1,363.74351518542755,-0.7244813201501,-0.28643926681
2,1025,2,2,3,-0.8810509280350901,-0.8811382549450901,352.337061193863
2,1026,2,1,2,-0.7244813201501,371.5294936629443,-0.28564538581
2,1027,2,0,2,-0.9920000000000001,348.6105130791932,-0.24516100000000002
2,1028,1,2,1,371.6949716487097,-0.7244813201501,-0.28643926681
2,1029,2,1,2,-0.7244813201501,371.40267214338223,-0.28564538581
2,1030,2,1,2,-0.7244813201501,371.2312694712389,-0.28564538581
2,1031,2,1,2,-0.7244813201501,371.16003820176763,-0.28564538581
2,1032,2,1,2,-0.7244813201501,369.3254034397833,-0.28564538581
2,1033,2,2,3,-0.8810509280350901,-0.8811382549450901,351.88472413266913
2,1034,2,2,3,-0.8810509280350901,-0.8811382549450901,351.43283940853644
2,1035,2,2,3,-0.8810509280350901,-0.8811382549450901,352.7546026022801
2,1036,1,2,1,367.9322250630556,-0.7244813201501,-0.28643926681
2,1037,2,2,3,-0.8810509280350901,-0.8811382549450901,352.3018479996778
2,1038,2,2,3,-0.8810509280350901,-0.8811382549450901,351.84954615167817
2,1039,2,2,3,-0.8810509280350901,-0.8811382549450901,351.3976966055265
2,1040,2,2,3,-0.8810509280350901,-0.8811382549450901,350.946298908921
2,1041,2,2,3,-0.8810509280350901,-0.8811382549450901,352.1769592992714
2,1042,1,2,1,366.70452152737795,-0.7244813201501,-0.28643926681
2,1043,2,2,3,-0.8810509280350901,-0.8811382549450901,353.16301100055466
2,1044,1,2,1,365.7972074636951,-0.7244813201501,-0.28643926681
2,1045,2,2,3,-0.8810509280350901,-0.8811382549450901,353.9592977699362
2,1046,2,1,2,-0.7244813201501,364.74731474683267,-0.28564538581
2,1047,2,2,3,-0.8810509280350901,-0.8811382549450901,354.573352152879
2,1048,2,1,2,-0.7244813201501,363.97534513528444,-0.28564538581
2,1049,2,2,3,-0.8810509280350901,-0.8811382549450901,354.11877880072615
2,1050,2,2,3,-0.8810509280350901,-0.8811382549450901,353.66466002192544
2,1051,2,2,3,-0.8810509280350901,-0.8811382549450901,353.21099536190354
2,1052,2,2,3,-0.8810509280350901,-0.8811382549450901,352.7577843665416
2,1053,2,2,3,-0.8810509280350901,-0.8811382549450901,353.41664699055036
2,1054,1,2,1,372.00031104929883,-0.7244813201501,-0.28643926681
2,1055,0,2,1,350.5785352836288,-0.9920000000000001,-0.24516100000000002
2,1056,2,1,2,-0.7244813201501,372.31925706881714,-0.28564538581
2,1057,1,2,1,372.08350420457657,-0.7244813201501,-0.28643926681
2,1058,2,1,2,-0.7244813201501,372.45750536662274,-0.28564538581
2,1059,1,2,1,370.48185018593756,-0.7244813201501,-0.28643926681
2,1060,2,2,3,-0.8810509280350901,-0.8811382549450901,354.6526854599031
2,1061,1,2,1,368.8442810278742,-0.7244813201501,-0.28643926681
2,1062,2,2,3,-0.8810509280350901,-0.8811382549450901,355.60300073567237
2,1063,1,2,1,367.56454999791833,-0.7244813201501,-0.28643926681
2,1064,2,2,3,-0.8810509280350901,-0.8811382549450901,356.33159111189906
2,1065,1,2,1,367.69698544792044,-0.7244813201501,-0.28643926681
2,1066,1,2,1,366.8041144232064,-0.7244813201501,-0.28643926681
2,1067,2,2,3,-0.8810509280350901,-0.8811382549450901,355.87525952078715
2,1068,2,2,3,-0.8810509280350901,-0.8811382549450901,355.4193842612664
2,1069,2,2,3,-0.8810509280350901,-0.8811382549450901,354.9639648770051
2,1070,2,2,3,-0.8810509280350901,-0.8811382549450901,354.5090009121281
2,1071,2,2,3,-0.8810509280350901,-0.8811382549450901,354.05449191121596
2,1072,2,2,3,-0.8810509280350901,-0.8811382549450901,353.60043741930474
2,1073,2,2,3,-0.8810509280350901,-0.8811382549450901,354.4480999105028
2,1074,2,1,2,-0.7244813201501,374.6772284287551,-0.28564538581
2,1075,2,0,2,-0.9920000000000001,350.6101051997788,-0.24516100000000002
2,1076,2,2,3,-0.8810509280350901,-0.8811382549450901,355.99633553389924
2,1077,2,1,2,-0.7244813201501,374.40255120032634,-0.28564538581
2,1078,2,1,2,-0.7244813201501,374.228148649126,-0.28564538581
2,1079,2,1,2,-0.7244813201501,374.1539205004769,-0.28564538581
2,1080,2,1,2,-0.7244813201501,374.1797665799764,-0.28564538581
2,1081,2,1,2,-0.7244813201501,374.3055868133964,-0.28564538581
2,1082,2,1,2,-0.7244813201501,374.531281226583,-0.28564538581
2,1083,2,1,2,-0.7244813201501,374.85674994535646,-0.28564538581
2,1084,2,1,2,-0.7244813201501,375.2818931954111,-0.28564538581
2,1085,2,1,2,-0.7244813201501,375.3483644030524,-0.28564538581
2,1086,1,0,1,287.1800415709819,0.02480464015294347,0.44810014016329236
2,1087,2,0,2,-0.9920000000000001,350.79273189765695,-0.24516100000000002
2,1088,2,2,3,-0.8810509280350901,-0.8811382549450901,357.46095520954646
2,1089,1,2,1,374.0454821024461,-0.7244813201501,-0.28643926681
2,1090,2,2,3,-0.8810509280350901,-0.8811382549450901,358.645362416734
2,1091,1,2,1,381.26949796566396,-0.7244813201501,-0.28643926681
2,1092,0,2,1,351.2201097289157,-0.9920000000000001,-0.24516100000000002
2,1093,2,2,3,-0.8810509280350901,-0.8811382549450901,358.1867170543172
2,1094,2,2,3,-0.8810509280350901,-0.8811382549450901,357.7285303372629
2,1095,2,2,3,-0.8810509280350901,-0.8811382549450901,359.5974895501542
2,1096,2,1,2,-0.7244813201501,378.8075355256252,-0.28564538581
2,1097,2,2,3,-0.8810509280350901,-0.8811382549450901,361.0431678589605
2,1098,1,2,1,376.80170328914363,-0.7244813201501,-0.28643926681
2,1099,2,2,3,-0.8810509280350901,-0.8811382549450901,360.5821246911015
2,1100,2,2,3,-0.8810509280350901,-0.8811382549450901,360.1215425664104
2,1101,2,2,3,-0.8810509280350901,-0.8811382549450901,361.3127569353946
2,1102,1,2,1,375.09149589683335,-0.7244813201501,-0.28643926681
2,1103,2,2,3,-0.8810509280350901,-0.8811382549450901,360.8514441784592
2,1104,2,2,3,-0.8810509280350901,-0.8811382549450901,360.39059273428074
2,1105,2,2,3,-0.8810509280350901,-0.8811382549450901,359.9302021415465
2,1106,2,2,3,-0.8810509280350901,-0.8811382549450901,359.47027193940494
2,1107,2,2,3,-0.8810509280350901,-0.8811382549450901,360.55730283925095
2,1108,1,2,1,373.57751928823586,-0.7244813201501,-0.28643926681
2,1109,2,2,3,-0.8810509280350901,-0.8811382549450901,361.3857469648612
2,1110,1,2,1,372.3969563089335,-0.7244813201501,-0.28643926681
2,1111,2,2,3,-0.8810509280350901,-0.8811382549450901,362.01218689694394
2,1112,2,1,2,-0.7244813201501,371.17570312615106,-0.28564538581
2,1113,2,2,3,-0.8810509280350901,-0.8811382549450901,362.4573628167385
2,1114,2,1,2,-0.7244813201501,370.2414117323931,-0.28564538581
2,1115,2,2,3,-0.8810509280350901,-0.8811382549450901,362.7655262965716
2,1116,2,1,2,-0.7244813201501,369.53105766251434,-0.28564538581
2,1117,2,2,3,-0.8810509280350901,-0.8811382549450901,362.30276077027503
2,1118,2,2,3,-0.8810509280350901,-0.8811382549450901,361.84045800950474
2,1119,2,2,3,-0.8810509280350901,-0.8811382549450901,362.1416519866885
2,1120,1,2,1,368.9451124388115,-0.7244813201501,-0.28643926681
2,1121,2,2,3,-0.8810509280350901,-0.8811382549450901,362.35305291946196
2,1122,1,2,1,368.5235534339571,-0.7244813201501,-0.28643926681
2,1123,2,2,3,-0.8810509280350901,-0.8811382549450901,362.50023071114583
2,1124,2,1,2,-0.7244813201501,368.04645996431304,-0.28564538581
2,1125,2,2,3,-0.8810509280350901,-0.8811382549450901,362.0377304804347
2,1126,2,2,3,-0.8810509280350901,-0.8811382549450901,361.5756927499542
2,1127,2,2,3,-0.8810509280350901,-0.8811382549450901,361.7559368471243
2,1128,1,2,1,367.7666865857336,-0.7244813201501,-0.28643926681
2,1129,2,2,3,-0.8810509280350901,-0.8811382549450901,361.2941809102772
2,1130,2,2,3,-0.8810509280350901,-0.8811382549450901,360.8328867293669
2,1131,2,2,3,-0.8810509280350901,-0.8811382549450901,360.37205384263757
2,1132,2,2,3,-0.8810509280350901,-0.8811382549450901,359.9116817887949
2,1133,2,2,3,-0.8810509280350901,-0.8811382549450901,360.22832312977437
2,1134,2,1,2,-0.7244813201501,367.24269053401997,-0.28564538581
2,1135,2,2,3,-0.8810509280350901,-0.8811382549450901,360.4625171796649
2,1136,2,1,2,-0.7244813201501,366.9042106814048,-0.28564538581
2,1137,2,2,3,-0.8810509280350901,-0.8811382549450901,360.00205466248525
2,1138,2,2,3,-0.8810509280350901,-0.8811382549450901,359.54205260782277
2,1139,2,2,3,-0.8810509280350901,-0.8811382549450901,359.0825105552149
2,1140,2,2,3,-0.8810509280350901,-0.8811382549450901,358.6234280446597
2,1141,2,2,3,-0.8810509280350901,-0.8811382549450901,358.9846020976528
2,1142,2,1,2,-0.7244813201501,366.5532652209319,-0.28564538581
2,1143,2,2,3,-0.8810509280350901,-0.8811382549450901,359.2757115423616
2,1144,1,2,1,366.27347411973074,-0.7244813201501,-0.28643926681
2,1145,2,2,3,-0.8810509280350901,-0.8811382549450901,358.8164358308192
2,1146,2,2,3,-0.8810509280350901,-0.8811382549450901,358.3576193949884
2,1147,2,2,3,-0.8810509280350901,-0.8811382549450901,358.6822146355013
2,1148,2,1,2,-0.7244813201501,374.3103263365069,-0.28564538581
2,1149,2,0,2,-0.9920000000000001,351.60695387734773,-0.24516100000000002
2,1150,2,2,3,-0.8810509280350901,-0.8811382549450901,359.77071547926533
2,1151,2,1,2,-0.7244813201501,374.0366685423773,-0.28564538581
2,1152,1,2,1,374.944333235596,-0.7244813201501,-0.28643926681
2,1153,0,1,2,0.02480464015294347,293.47245467180437,0.4484812350418096
2,1154,0,2,1,353.56829295900786,-0.9920000000000001,-0.24516100000000002
2,1155,2,1,2,-0.7244813201501,373.3847440557474,-0.28564538581
2,1156,2,2,3,-0.8810509280350901,-0.8811382549450901,360.6587335928578
2,1157,2,1,2,-0.7244813201501,373.4113593116916,-0.28564538581
2,1158,2,1,2,-0.7244813201501,373.5379479523799,-0.28564538581
2,1159,2,1,2,-0.7244813201501,372.48936778283485,-0.28564538581
2,1160,2,2,3,-0.8810509280350901,-0.8811382549450901,361.36930764407265
2,1161,2,1,2,-0.7244813201501,371.71599246131456,-0.28564538581
2,1162,2,2,3,-0.8810509280350901,-0.8811382549450901,361.93226013333555
2,1163,2,1,2,-0.7244813201501,372.1428724829125,-0.28564538581
2,1164,1,2,1,371.8985410500035,-0.7244813201501,-0.28643926681
2,1165,2,1,2,-0.7244813201501,373.61552817764084,-0.28564538581
2,1166,1,0,1,299.32702226348084,0.02480464015294347,0.44810014016329236
2,1167,2,0,2,-0.9920000000000001,354.0404664851435,-0.24516100000000002
2,1168,2,2,3,-0.8810509280350901,-0.8811382549450901,362.62697140958846
2,1169,2,1,2,-0.7244813201501,373.3465588956704,-0.28564538581
2,1170,1,2,1,373.2830802938601,-0.7244813201501,-0.28643926681
2,1171,2,1,2,-0.7244813201501,373.0952601087681,-0.28564538581
2,1172,1,2,1,373.1181118122269,-0.7244813201501,-0.28643926681
2,1173,1,2,1,372.2063708005535,-0.7244813201501,-0.28643926681
2,1174,2,2,3,-0.8810509280350901,-0.8811382549450901,362.1643444381789
2,1175,2,2,3,-0.8810509280350901,-0.8811382549450901,362.69670182916195
2,1176,2,1,2,-0.7244813201501,371.19599016109544,-0.28564538581
2,1177,2,2,3,-0.8810509280350901,-0.8811382549450901,362.2340051273328
2,1178,2,2,3,-0.8810509280350901,-0.8811382549450901,361.77177112220545
2,1179,2,2,3,-0.8810509280350901,-0.8811382549450901,361.30999935108326
2,1180,2,2,3,-0.8810509280350901,-0.8811382549450901,360.84868935173216
2,1181,2,2,3,-0.8810509280350901,-0.8811382549450901,361.4122234425074
2,1182,2,1,2,-0.7244813201501,370.2562012657941,-0.28564538581
2,1183,2,2,3,-0.8810509280350901,-0.8811382549450901,360.9508112190649
2,1184,2,2,3,-0.8810509280350901,-0.8811382549450901,360.48986040784587
2,1185,2,2,3,-0.8810509280350901,-0.8811382549450901,360.9959457806825
2,1186,1,2,1,369.5665205742989,-0.7244813201501,-0.28643926681
2,1187,2,2,3,-0.8810509280350901,-0.8811382549450901,361.38343673946986
2,1188,1,2,1,369.0868287540765,-0.7244813201501,-0.28643926681
2,1189,2,2,3,-0.8810509280350901,-0.8811382549450901,361.68492604664726
2,1190,2,1,2,-0.7244813201501,368.4871075070217,-0.28564538581
2,1191,2,2,3,-0.8810509280350901,-0.8811382549450901,361.2232411206006
2,1192,2,2,3,-0.8810509280350901,-0.8811382549450901,360.76201787948
2,1193,2,2,3,-0.8810509280350901,-0.8811382549450901,361.06603973472716
2,1194,2,1,2,-0.7244813201501,367.9839346900575,-0.28564538581
2,1195,2,2,3,-0.8810509280350901,-0.8811382549450901,361.2896533786488
2,1196,1,2,1,367.75147220625286,-0.7244813201501,-0.28643926681
2,1197,2,2,3,-0.8810509280350901,-0.8811382549450901,360.82836372527015
2,1198,2,2,3,-0.8810509280350901,-0.8811382549450901,360.36753536154487
2,1199,2,2,3,-0.8810509280350901,-0.8811382549450901,360.6383502990386
2,1200,2,1,2,-0.7244813201501,367.38109189458896,-0.28564538581
2,1201,2,2,3,-0.8810509280350901,-0.8811382549450901,360.84508791399276
2,1202,1,2,1,375.5918024829236,-0.7244813201501,-0.28643926681
2,1203,0,2,1,355.822070120486,-0.9920000000000001,-0.24516100000000002
2,1204,1,2,1,375.3162106804407,-0.7244813201501,-0.28643926681
2,1205,1,2,1,375.14101180632554,-0.7244813201501,-0.28643926681
2,1206,2,1,2,-0.7244813201501,375.5511149983702,-0.28564538581
2,1207,1,2,1,375.5253842943172,-0.7244813201501,-0.28643926681
2,1208,2,1,2,-0.7244813201501,377.45909009338817,-0.28564538581
2,1209,1,0,1,305.0205124850421,0.02480464015294347,0.44810014016329236
2,1210,2,0,2,-0.9920000000000001,357.6112432399401,-0.24516100000000002
2,1211,1,2,1,377.62885805101905,-0.7244813201501,-0.28643926681
2,1212,1,2,1,377.85122919296805,-0.7244813201501,-0.28643926681
2,1213,1,2,1,378.1687071615281,-0.7244813201501,-0.28643926681
2,1214,2,1,2,-0.7244813201501,377.88481380863954,-0.28564538581
2,1215,1,2,1,378.2867862782429,-0.7244813201501,-0.28643926681
2,1216,2,1,2,-0.7244813201501,378.1624436839355,-0.28564538581
2,1217,1,2,1,385.589793607356,-0.7244813201501,-0.28643926681
2,1218,0,2,1,357.5711454283998,-0.9920000000000001,-0.24516100000000002
2,1219,2,2,3,-0.8810509280350901,-0.8811382549450901,360.3842428260788
2,1220,2,2,3,-0.8810509280350901,-0.8811382549450901,359.9238585832527
2,1221,2,2,3,-0.8810509280350901,-0.8811382549450901,362.0048622920557
2,1222,1,2,1,382.9692956135339,-0.7244813201501,-0.28643926681
2,1223,2,2,3,-0.8810509280350901,-0.8811382549450901,363.62367509268455
2,1224,2,1,2,-0.7244813201501,381.01964410539773,-0.28564538581
2,1225,2,2,3,-0.8810509280350901,-0.8811382549450901,364.8822523498505
2,1226,2,1,2,-0.7244813201501,379.44102267749315,-0.28564538581
2,1227,2,2,3,-0.8810509280350901,-0.8811382549450901,365.8543639610207
2,1228,1,2,1,377.87718972446135,-0.7244813201501,-0.28643926681
2,1229,2,2,3,-0.8810509280350901,-0.8811382549450901,366.5826613066652
2,1230,2,1,2,-0.7244813201501,376.9165356670562,-0.28564538581
2,1231,2,2,3,-0.8810509280350901,-0.8811382549450901,367.1356294439148
2,1232,1,2,1,375.83946611418514,-0.7244813201501,-0.28643926681
2,1233,2,2,3,-0.8810509280350901,-0.8811382549450901,367.53017364482764
2,1234,1,2,1,375.0410066936046,-0.7244813201501,-0.28643926681
2,1235,2,2,3,-0.8810509280350901,-0.8811382549450901,367.0626434711828
2,1236,2,2,3,-0.8810509280350901,-0.8811382549450901,366.5955808277116
2,1237,2,2,3,-0.8810509280350901,-0.8811382549450901,366.9650824076073
2,1238,1,2,1,374.36644918259725,-0.7244813201501,-0.28643926681
2,1239,2,2,3,-0.8810509280350901,-0.8811382549450901,366.4981173251997
2,1240,2,2,3,-0.8810509280350901,-0.8811382549450901,366.0316192078745
2,1241,2,2,3,-0.8810509280350901,-0.8811382549450901,365.56558758866663
2,1242,2,2,3,-0.8810509280350901,-0.8811382549450901,365.10002200107795
2,1243,2,2,3,-0.8810509280350901,-0.8811382549450901,364.63492197907686
2,1244,2,2,3,-0.8810509280350901,-0.8811382549450901,364.17028705709777
2,1245,2,2,3,-0.8810509280350901,-0.8811382549450901,364.7155368204651
2,1246,1,2,1,373.6366424095636,-0.7244813201501,-0.28643926681
2,1247,2,2,3,-0.8810509280350901,-0.8811382549450901,365.13401073696537
2,1248,1,2,1,373.12124523156683,-0.7244813201501,-0.28643926681
2,1249,2,2,3,-0.8810509280350901,-0.8811382549450901,365.45961294119394
2,1250,1,2,1,372.7896223895883,-0.7244813201501,-0.28643926681
2,1251,2,2,3,-0.8810509280350901,-0.8811382549450901,365.72168577558034
2,1252,2,1,2,-0.7244813201501,372.3340298781987,-0.28564538581
2,1253,2,2,3,-0.8810509280350901,-0.8811382549450901,365.90891079522106
2,1254,1,2,1,380.3849397355823,-0.7244813201501,-0.28643926681
2,1255,0,2,1,359.47213991938247,-0.9920000000000001,-0.24516100000000002
2,1256,1,2,1,380.1045547958467,-0.7244813201501,-0.28643926681
2,1257,1,2,1,379.92598237915695,-0.7244813201501,-0.28643926681
2,1258,2,1,2,-0.7244813201501,380.241302345569,-0.28564538581
2,1259,1,2,1,380.19343469831864,-0.7244813201501,-0.28643926681
2,1260,2,1,2,-0.7244813201501,380.5798399666646,-0.28564538581
2,1261,1,2,1,380.66375000336774,-0.7244813201501,-0.28643926681
2,1262,2,1,2,-0.7244813201501,382.6438412343176,-0.28564538581
2,1263,1,0,1,310.6065898957837,0.02480464015294347,0.44810014016329236
2,1264,2,0,2,-0.9920000000000001,361.4152031837497,-0.24516100000000002
2,1265,1,2,1,381.25008059572525,-0.7244813201501,-0.28643926681
2,1266,2,2,3,-0.8810509280350901,-0.8811382549450901,366.96177769467573
2,1267,1,2,1,380.15428852792564,-0.7244813201501,-0.28643926681
2,1268,2,2,3,-0.8810509280350901,-0.8811382549450901,366.49481591698105
2,1269,2,2,3,-0.8810509280350901,-0.8811382549450901,367.3806088895476
2,1270,1,2,1,379.30953995519826,-0.7244813201501,-0.28643926681
2,1271,2,2,3,-0.8810509280350901,-0.8811382549450901,368.0905324790184
2,1272,2,1,2,-0.7244813201501,377.88627615565525,-0.28564538581
2,1273,2,2,3,-0.8810509280350901,-0.8811382549450901,368.5955145499516
2,1274,1,2,1,385.80685376234567,-0.7244813201501,-0.28643926681
2,1275,0,2,1,363.4579972005503,-0.9920000000000001,-0.24516100000000002
2,1276,2,1,2,-0.7244813201501,385.5948568122251,-0.28564538581
2,1277,1,2,1,385.31394411387953,-0.7244813201501,-0.28643926681
2,1278,2,1,2,-0.7244813201501,383.5442623788942,-0.28564538581
2,1279,2,2,3,-0.8810509280350901,-0.8811382549450901,369.60974015360716
2,1280,1,2,1,382.00751935385017,-0.7244813201501,-0.28643926681
2,1281,2,2,3,-0.8810509280350901,-0.8811382549450901,370.3675105542776
2,1282,1,2,1,380.77315096333865,-0.7244813201501,-0.28643926681
2,1283,2,2,3,-0.8810509280350901,-0.8811382549450901,369.8971430437233
2,1284,2,2,3,-0.8810509280350901,-0.8811382549450901,369.42724590067957
2,1285,2,2,3,-0.8810509280350901,-0.8811382549450901,368.95781865477886
2,1286,2,2,3,-0.8810509280350901,-0.8811382549450901,368.4888608361241
2,1287,2,2,3,-0.8810509280350901,-0.8811382549450901,368.02037197528796
2,1288,2,2,3,-0.8810509280350901,-0.8811382549450901,367.5523516033127
2,1289,2,2,3,-0.8810509280350901,-0.8811382549450901,367.08479925170934
2,1290,2,2,3,-0.8810509280350901,-0.8811382549450901,366.6177144524576
2,1291,2,2,3,-0.8810509280350901,-0.8811382549450901,367.5501399352388
2,1292,2,1,2,-0.7244813201501,379.4619813811064,-0.28564538581
2,1293,2,2,3,-0.8810509280350901,-0.8811382549450901,368.26397261405367
2,1294,1,2,1,378.39310303732543,-0.7244813201501,-0.28643926681
2,1295,2,2,3,-0.8810509280350901,-0.8811382549450901,367.7957086414396
2,1296,2,2,3,-0.8810509280350901,-0.8811382549450901,367.32791293279814
2,1297,2,2,3,-0.8810509280350901,-0.8811382549450901,367.95413937616524
2,1298,2,1,2,-0.7244813201501,377.4639846768487,-0.28564538581
2,1299,2,2,3,-0.8810509280350901,-0.8811382549450901,368.42765992155677
2,1300,2,1,2,-0.7244813201501,376.791924541398,-0.28564538581
2,1301,2,2,3,-0.8810509280350901,-0.8811382549450901,368.7872944589995
2,1302,2,1,2,-0.7244813201501,376.3226742386991,-0.28564538581
2,1303,2,2,3,-0.8810509280350901,-0.8811382549450901,369.0645097627308
2,1304,2,1,2,-0.7244813201501,376.02779328133954,-0.28564538581
2,1305,2,2,3,-0.8810509280350901,-0.8811382549450901,368.59544525296803
2,1306,2,2,3,-0.8810509280350901,-0.8811382549450901,368.1268498077151
2,1307,2,2,3,-0.8810509280350901,-0.8811382549450901,367.65872295790734
2,1308,2,2,3,-0.8810509280350901,-0.8811382549450901,367.1910642349494
2,1309,2,2,3,-0.8810509280350901,-0.8811382549450901,367.5987093463071
2,1310,2,1,2,-0.7244813201501,384.30840153060245,-0.28564538581
2,1311,2,0,2,-0.9920000000000001,365.16823700059194,-0.24516100000000002
2,1312,2,1,2,-0.7244813201501,384.02409312907184,-0.28564538581
2,1313,2,1,2,-0.7244813201501,383.84006903594275,-0.28564538581
2,1314,2,1,2,-0.7244813201501,383.7562289669068,-0.28564538581
2,1315,2,1,2,-0.7244813201501,383.7734877616945,-0.28564538581
2,1316,1,2,1,383.8986432509798,-0.7244813201501,-0.28643926681
2,1317,2,1,2,-0.7244813201501,382.4041664259193,-0.28564538581
2,1318,2,2,3,-0.8810509280350901,-0.8811382549450901,368.5968508878424
2,1319,2,1,2,-0.7244813201501,381.25483802122375,-0.28564538581
2,1320,2,2,3,-0.8810509280350901,-0.8811382549450901,369.3813947631593
2,1321,2,1,2,-0.7244813201501,380.39811230065413,-0.28564538581
2,1322,2,2,3,-0.8810509280350901,-0.8811382549450901,370.00266840460813
2,1323,2,1,2,-0.7244813201501,380.817464374471,-0.28564538581
2,1324,1,2,1,381.07219208060235,-0.7244813201501,-0.28643926681
2,1325,2,1,2,-0.7244813201501,389.00733392076177,-0.28564538581
2,1326,2,0,2,-0.9920000000000001,365.28167747258897,-0.24516100000000002
2,1327,2,2,3,-0.8810509280350901,-0.8811382549450901,371.4141276223027
2,1328,2,1,2,-0.7244813201501,386.97659916329354,-0.28564538581
2,1329,2,2,3,-0.8810509280350901,-0.8811382549450901,370.9427134946804
2,1330,2,2,3,-0.8810509280350901,-0.8811382549450901,370.4717707811857
2,1331,2,2,3,-0.8810509280350901,-0.8811382549450901,371.63527702023316
2,1332,2,1,2,-0.7244813201501,385.27083167196724,-0.28564538581
2,1333,2,2,3,-0.8810509280350901,-0.8811382549450901,372.5135616537346
2,1334,2,1,2,-0.7244813201501,383.9225911084902,-0.28564538581
2,1335,2,2,3,-0.8810509280350901,-0.8811382549450901,373.1705420081017
2,1336,2,1,2,-0.7244813201501,382.87421565644325,-0.28564538581
2,1337,2,2,3,-0.8810509280350901,-0.8811382549450901,373.65858427333893
2,1338,1,2,1,382.2839858980372,-0.7244813201501,-0.28643926681
2,1339,2,2,3,-0.8810509280350901,-0.8811382549450901,374.03834624545715
2,1340,2,1,2,-0.7244813201501,381.5808908187738,-0.28564538581
2,1341,2,2,3,-0.8810509280350901,-0.8811382549450901,374.31101981197
2,1342,2,1,2,-0.7244813201501,381.07959269828143,-0.28564538581
2,1343,2,2,3,-0.8810509280350901,-0.8811382549450901,374.5067975079029
2,1344,2,1,2,-0.7244813201501,380.7478063817357,-0.28564538581
2,1345,2,2,3,-0.8810509280350901,-0.8811382549450901,374.032290710395
2,1346,2,2,3,-0.8810509280350901,-0.8811382549450901,373.5582584196846
2,1347,2,2,3,-0.8810509280350901,-0.8811382549450901,373.7968256845546
2,1348,1,2,1,380.48218671403004,-0.7244813201501,-0.28643926681
2,1349,2,2,3,-0.8810509280350901,-0.8811382549450901,373.98455535324615
2,1350,2,1,2,-0.7244813201501,380.2554913176711,-0.28564538581
2,1351,2,2,3,-0.8810509280350901,-0.8811382549450901,374.13168528115875
2,1352,1,2,1,388.29472475842147,-0.7244813201501,-0.28643926681
2,1353,0,2,1,367.1876230707943,-0.9920000000000001,-0.24516100000000002
2,1354,2,1,2,-0.7244813201501,390.1135978298039,-0.28564538581
2,1355,1,0,1,315.9982049663703,0.02480464015294347,0.44810014016329236
2,1356,2,0,2,-0.9920000000000001,369.09664329414215,-0.24516100000000002
2,1357,1,2,1,389.92528425054945,-0.7244813201501,-0.28643926681
2,1358,1,2,1,389.8353589662989,-0.7244813201501,-0.28643926681
2,1359,1,2,1,388.2908599125037,-0.7244813201501,-0.28643926681
2,1360,2,2,3,-0.8810509280350901,-0.8811382549450901,375.05931188438075
2,1361,1,2,1,388.4025690525912,-0.7244813201501,-0.28643926681
2,1362,1,2,1,387.2931840238858,-0.7244813201501,-0.28643926681
2,1363,2,2,3,-0.8810509280350901,-0.8811382549450901,375.79540591430737
2,1364,1,2,1,386.4676108070136,-0.7244813201501,-0.28643926681
2,1365,2,2,3,-0.8810509280350901,-0.8811382549450901,376.37602914331876
2,1366,2,1,2,-0.7244813201501,385.180897980117,-0.28564538581
2,1367,2,2,3,-0.8810509280350901,-0.8811382549450901,376.77145181352546
2,1368,1,2,1,384.7642426798897,-0.7244813201501,-0.28643926681
2,1369,2,2,3,-0.8810509280350901,-0.8811382549450901,376.2946803617119
2,1370,2,2,3,-0.8810509280350901,-0.8811382549450901,375.8183856813502
2,1371,2,2,3,-0.8810509280350901,-0.8811382549450901,376.2282071385243
2,1372,1,2,1,392.72773899983844,-0.7244813201501,-0.28643926681
2,1373,0,2,1,369.42768876069283,-0.9920000000000001,-0.24516100000000002
2,1374,2,2,3,-0.8810509280350901,-0.8811382549450901,377.38543258565585
2,1375,1,2,1,392.43498080910797,-0.7244813201501,-0.28643926681
2,1376,2,1,2,-0.7244813201501,390.72633405541745,-0.28564538581
2,1377,2,2,3,-0.8810509280350901,-0.8811382549450901,378.2287963985766
2,1378,2,1,2,-0.7244813201501,389.3983514933348,-0.28564538581
2,1379,2,2,3,-0.8810509280350901,-0.8811382549450901,377.750567602178
2,1380,2,2,3,-0.8810509280350901,-0.8811382549450901,377.27281703457584
2,1381,2,2,3,-0.8810509280350901,-0.8811382549450901,377.9959721289584
2,1382,2,1,2,-0.7244813201501,388.2801175847682,-0.28564538581
2,1383,2,2,3,-0.8810509280350901,-0.8811382549450901,378.5361065569546
2,1384,2,1,2,-0.7244813201501,387.4271803754299,-0.28564538581
2,1385,2,2,3,-0.8810509280350901,-0.8811382549450901,378.9396853247487
2,1386,1,2,1,386.41675087887324,-0.7244813201501,-0.28643926681
2,1387,2,2,3,-0.8810509280350901,-0.8811382549450901,379.2009751292823
2,1388,1,2,1,385.6159723287849,-0.7244813201501,-0.28643926681
2,1389,2,2,3,-0.8810509280350901,-0.8811382549450901,379.3568588769038
2,1390,1,2,1,385.0107041247199,-0.7244813201501,-0.28643926681
2,1391,2,2,3,-0.8810509280350901,-0.8811382549450901,378.8775020180269
2,1392,2,2,3,-0.8810509280350901,-0.8811382549450901,378.3986245160089
2,1393,2,2,3,-0.8810509280350901,-0.8811382549450901,378.5748217727553
2,1394,1,2,1,384.4885410677507,-0.7244813201501,-0.28643926681
2,1395,2,2,3,-0.8810509280350901,-0.8811382549450901,378.6817051611871
2,1396,1,2,1,384.12917577193315,-0.7244813201501,-0.28643926681
2,1397,2,2,3,-0.8810509280350901,-0.8811382549450901,378.2030234560259
2,1398,2,2,3,-0.8810509280350901,-0.8811382549450901,377.72482043256986
2,1399,2,2,3,-0.8810509280350901,-0.8811382549450901,377.8800057063068
2,1400,2,1,2,-0.7244813201501,383.71618708305084,-0.28564538581
2,1401,2,2,3,-0.8810509280350901,-0.8811382549450901,377.97990765689815
2,1402,2,1,2,-0.7244813201501,383.46457923277865,-0.28564538581
2,1403,2,2,3,-0.8810509280350901,-0.8811382549450901,378.04491023525344
2,1404,2,1,2,-0.7244813201501,383.3445674227909,-0.28564538581
2,1405,2,2,3,-0.8810509280350901,-0.8811382549450901,377.56686532501817
2,1406,2,2,3,-0.8810509280350901,-0.8811382549450901,377.08929845969317
2,1407,2,2,3,-0.8810509280350901,-0.8811382549450901,376.61220916123347
2,1408,2,2,3,-0.8810509280350901,-0.8811382549450901,376.1355969520722
2,1409,2,2,3,-0.8810509280350901,-0.8811382549450901,376.3731494317213
2,1410,2,1,2,-0.7244813201501,391.48403425618454,-0.28564538581
2,1411,2,0,2,-0.9920000000000001,369.75115611803807,-0.24516100000000002
2,1412,2,2,3,-0.8810509280350901,-0.8811382549450901,377.3927538799114
2,1413,2,1,2,-0.7244813201501,391.19255022192834,-0.28564538581
2,1414,2,1,2,-0.7244813201501,391.0013576717064,-0.28564538581
2,1415,2,1,2,-0.7244813201501,390.9110328459833,-0.28564538581
2,1416,1,2,1,391.21700025380943,-0.7244813201501,-0.28643926681
2,1417,2,1,2,-0.7244813201501,391.2591621739256,-0.28564538581
2,1418,2,1,2,-0.7244813201501,391.36790301175165,-0.28564538581
2,1419,2,1,2,-0.7244813201501,390.1929953446877,-0.28564538581
2,1420,2,2,3,-0.8810509280350901,-0.8811382549450901,378.18258503104437
2,1421,2,1,2,-0.7244813201501,390.502802349343,-0.28564538581
2,1422,2,1,2,-0.7244813201501,389.6925980324821,-0.28564538581
2,1423,2,2,3,-0.8810509280350901,-0.8811382549450901,378.84389373315565
2,1424,2,1,2,-0.7244813201501,397.22870268491965,-0.28564538581
2,1425,2,0,2,-0.9920000000000001,370.28158598581666,-0.24516100000000002
2,1426,2,2,3,-0.8810509280350901,-0.8811382549450901,380.18514592564713
2,1427,2,1,2,-0.7244813201501,395.2441618630668,-0.28564538581
2,1428,2,2,3,-0.8810509280350901,-0.8811382549450901,379.7049607797215
2,1429,2,2,3,-0.8810509280350901,-0.8811382549450901,380.76142626742825
2,1430,1,2,1,394.1950317975563,-0.7244813201501,-0.28643926681
2,1431,2,2,3,-0.8810509280350901,-0.8811382549450901,381.6125812015317
2,1432,2,1,2,-0.7244813201501,392.7732597284636,-0.28564538581
2,1433,2,2,3,-0.8810509280350901,-0.8811382549450901,381.1309686203302
2,1434,2,2,3,-0.8810509280350901,-0.8811382549450901,380.64983765170984
2,1435,2,2,3,-0.8810509280350901,-0.8811382549450901,381.3676161280573
2,1436,1,2,1,400.03706201909796,-0.7244813201501,-0.28643926681
2,1437,0,2,1,371.00453288777663,-0.9920000000000001,-0.24516100000000002
2,1438,2,2,3,-0.8810509280350901,-0.8811382549450901,382.73452365514225
2,1439,1,2,1,399.73702495707886,-0.7244813201501,-0.28643926681
2,1440,1,2,1,399.5372879321218,-0.7244813201501,-0.28643926681
2,1441,1,2,1,399.4394054557579,-0.7244813201501,-0.28643926681
2,1442,2,1,2,-0.7244813201501,397.6895114603619,-0.28564538581
2,1443,2,2,3,-0.8810509280350901,-0.8811382549450901,383.7320033820801
2,1444,1,2,1,396.307032811663,-0.7244813201501,-0.28643926681
2,1445,2,2,3,-0.8810509280350901,-0.8811382549450901,383.248271378698
2,1446,2,2,3,-0.8810509280350901,-0.8811382549450901,382.7650231073193
2,1447,2,2,3,-0.8810509280350901,-0.8811382549450901,383.6232136328534
2,1448,2,1,2,-0.7244813201501,395.05772393388895,-0.28564538581
2,1449,2,2,3,-0.8810509280350901,-0.8811382549450901,384.27160693902306
2,1450,2,1,2,-0.7244813201501,394.0948406274633,-0.28564538581
2,1451,2,2,3,-0.8810509280350901,-0.8811382549450901,383.787335332084
2,1452,2,2,3,-0.8810509280350901,-0.8811382549450901,383.30354799675194
2,1453,2,2,3,-0.8810509280350901,-0.8811382549450901,383.88858241919564
2,1454,2,1,2,-0.7244813201501,393.2903262242174,-0.28564538581
2,1455,2,2,3,-0.8810509280350901,-0.8811382549450901,383.40469383677646
2,1456,2,2,3,-0.8810509280350901,-0.8811382549450901,382.9212891429397
2,1457,2,2,3,-0.8810509280350901,-0.8811382549450901,383.4646863122559
2,1458,1,2,1,392.42233197773265,-0.7244813201501,-0.28643926681
2,1459,2,2,3,-0.8810509280350901,-0.8811382549450901,383.8680285468258
2,1460,1,2,1,391.78303360609516,-0.7244813201501,-0.28643926681
2,1461,2,2,3,-0.8810509280350901,-0.8811382549450901,384.16792115134245
2,1462,2,1,2,-0.7244813201501,391.33894655033936,-0.28564538581
2,1463,2,2,3,-0.8810509280350901,-0.8811382549450901,384.3936847446918
2,1464,2,1,2,-0.7244813201501,391.0600266850299,-0.28564538581
2,1465,2,2,3,-0.8810509280350901,-0.8811382549450901,384.5692589120406
2,1466,2,1,2,-0.7244813201501,398.5838973335343,-0.28564538581
2,1467,2,0,2,-0.9920000000000001,373.36774508154133,-0.24516100000000002
2,1468,2,1,2,-0.7244813201501,398.2853134362008,-0.28564538581
2,1469,2,1,2,-0.7244813201501,398.0870281227646,-0.28564538581
2,1470,2,1,2,-0.7244813201501,397.98894109464186,-0.28564538581
2,1471,2,1,2,-0.7244813201501,397.9909521535472,-0.28564538581
2,1472,2,1,2,-0.7244813201501,398.0929612013937,-0.28564538581
2,1473,2,1,2,-0.7244813201501,396.9560217135463,-0.28564538581
2,1474,2,2,3,-0.8810509280350901,-0.8811382549450901,385.31082719998574
2,1475,1,2,1,396.10480988506396,-0.7244813201501,-0.28643926681
2,1476,2,2,3,-0.8810509280350901,-0.8811382549450901,385.8942574320512
2,1477,2,1,2,-0.7244813201501,395.3991037772643,-0.28564538581
2,1478,2,2,3,-0.8810509280350901,-0.8811382549450901,385.4083631746191
2,1479,2,2,3,-0.8810509280350901,-0.8811382549450901,384.9229548114445
2,1480,2,2,3,-0.8810509280350901,-0.8811382549450901,384.4380318566331
2,1481,2,2,3,-0.8810509280350901,-0.8811382549450901,383.9535938247764
2,1482,2,2,3,-0.8810509280350901,-0.8811382549450901,384.60262262014953
2,1483,1,2,1,394.73373398349236,-0.7244813201501,-0.28643926681
2,1484,2,2,3,-0.8810509280350901,-0.8811382549450901,384.11801999752936
2,1485,2,2,3,-0.8810509280350901,-0.8811382549450901,383.6339019775318
2,1486,2,2,3,-0.8810509280350901,-0.8811382549450901,383.15026807555427
2,1487,2,2,3,-0.8810509280350901,-0.8811382549450901,382.6671178074787
2,1488,2,2,3,-0.8810509280350901,-0.8811382549450901,383.3791564775852
2,1489,2,1,2,-0.7244813201501,394.01590422632034,-0.28564538581
2,1490,2,2,3,-0.8810509280350901,-0.8811382549450901,383.94871564039266
2,1491,1,2,1,401.4764152262593,-0.7244813201501,-0.28643926681
2,1492,0,2,1,374.0382670072866,-0.9920000000000001,-0.24516100000000002
2,1493,2,2,3,-0.8810509280350901,-0.8811382549450901,385.2000091837531
2,1494,1,2,1,401.1750680397427,-0.7244813201501,-0.28643926681
2,1495,2,1,2,-0.7244813201501,402.2154745130881,-0.28564538581
2,1496,1,0,1,321.62853191849007,0.02480464015294347,0.44810014016329236
2,1497,2,0,2,-0.9920000000000001,376.4596026558815,-0.24516100000000002
2,1498,1,2,1,400.4520606935008,-0.7244813201501,-0.28643926681
2,1499,2,2,3,-0.8810509280350901,-0.8811382549450901,386.22476227403433
2,1500,1,2,1,400.44929869327683,-0.7244813201501,-0.28643926681
2,1501,2,1,2,-0.7244813201501,400.12990540876365,-0.28564538581
2,1502,2,1,2,-0.7244813201501,399.9297755033549,-0.28564538581
2,1503,2,1,2,-0.7244813201501,398.47304941814883,-0.28564538581
2,1504,2,2,3,-0.8810509280350901,-0.8811382549450901,385.7385375117603
2,1505,2,2,3,-0.8810509280350901,-0.8811382549450901,385.25279897424855
2,1506,2,2,3,-0.8810509280350901,-0.8811382549450901,386.0763509692204
2,1507,2,1,2,-0.7244813201501,397.24730322228675,-0.28564538581
2,1508,2,2,3,-0.8810509280350901,-0.8811382549450901,385.5902746182512
2,1509,2,2,3,-0.8810509280350901,-0.8811382549450901,385.104684343633
2,1510,2,2,3,-0.8810509280350901,-0.8811382549450901,385.82321652738074
2,1511,1,2,1,396.2328676917658,-0.7244813201501,-0.28643926681
2,1512,2,2,3,-0.8810509280350901,-0.8811382549450901,385.3373933108534
2,1513,2,2,3,-0.8810509280350901,-0.8811382549450901,384.85205591754254
2,1514,2,2,3,-0.8810509280350901,-0.8811382549450901,385.4939042272731
2,1515,1,2,1,395.3734774410893,-0.7244813201501,-0.28643926681
2,1516,2,2,3,-0.8810509280350901,-0.8811382549450901,385.9864880712136
2,1517,1,2,1,394.7487920160305,-0.7244813201501,-0.28643926681
2,1518,2,2,3,-0.8810509280350901,-0.8811382549450901,386.3679696736793
2,1519,1,2,1,394.3243418121217,-0.7244813201501,-0.28643926681
2,1520,2,2,3,-0.8810509280350901,-0.8811382549450901,386.6692825457114
2,1521,1,2,1,402.06083108696157,-0.7244813201501,-0.28643926681
2,1522,0,2,1,378.6115783490133,-0.9920000000000001,-0.24516100000000002
2,1523,2,1,2,-0.7244813201501,402.1511431321093,-0.28564538581
2,1524,1,2,1,401.8639032035886,-0.7244813201501,-0.28643926681
2,1525,2,1,2,-0.7244813201501,402.0230261296036,-0.28564538581
2,1526,1,2,1,401.87571467759045,-0.7244813201501,-0.28643926681
2,1527,1,2,1,401.77383896291286,-0.7244813201501,-0.28643926681
2,1528,1,2,1,400.276714038647,-0.7244813201501,-0.28643926681
2,1529,2,2,3,-0.8810509280350901,-0.8811382549450901,387.5248790545138
2,1530,2,1,2,-0.7244813201501,399.26973360251986,-0.28564538581
2,1531,2,2,3,-0.8810509280350901,-0.8811382549450901,388.2000947757119
2,1532,2,1,2,-0.7244813201501,398.57456962506336,-0.28564538581
2,1533,2,2,3,-0.8810509280350901,-0.8811382549450901,387.71189468093615
2,1534,2,2,3,-0.8810509280350901,-0.8811382549450901,387.2241827862552
2,1535,2,2,3,-0.8810509280350901,-0.8811382549450901,387.860646900511
2,1536,2,1,2,-0.7244813201501,406.10026146467936,-0.28564538581
2,1537,2,0,2,-0.9920000000000001,379.1541022442629,-0.24516100000000002
2,1538,2,2,3,-0.8810509280350901,-0.8811382549450901,389.17850809546314
2,1539,2,1,2,-0.7244813201501,405.7941612032147,-0.28564538581
2,1540,2,1,2,-0.7244813201501,403.94341738434406,-0.28564538581
2,1541,2,2,3,-0.8810509280350901,-0.8811382549450901,390.15419393743014
2,1542,1,2,1,402.70287112265413,-0.7244813201501,-0.28643926681
2,1543,2,2,3,-0.8810509280350901,-0.8811382549450901,389.6640397434927
2,1544,2,2,3,-0.8810509280350901,-0.8811382549450901,389.1743757037492
2,1545,2,2,3,-0.8810509280350901,-0.8811382549450901,390.02452237451706
2,1546,1,2,1,401.6450117254659,-0.7244813201501,-0.28643926681
2,1547,2,2,3,-0.8810509280350901,-0.8811382549450901,389.5344978521425
2,1548,2,2,3,-0.8810509280350901,-0.8811382549450901,389.04496335429036
2,1549,2,2,3,-0.8810509280350901,-0.8811382549450901,389.8007811320072
2,1550,2,1,2,-0.7244813201501,400.34767836066754,-0.28564538581
2,1551,2,2,3,-0.8810509280350901,-0.8811382549450901,390.3574110194203
2,1552,1,2,1,399.67909278741183,-0.7244813201501,-0.28643926681
2,1553,2,2,3,-0.8810509280350901,-0.8811382549450901,390.78990010343205
2,1554,1,2,1,399.1993836189104,-0.7244813201501,-0.28643926681
2,1555,2,2,3,-0.8810509280350901,-0.8811382549450901,390.2991102033286
2,1556,2,2,3,-0.8810509280350901,-0.8811382549450901,389.80881109312526
2,1557,2,2,3,-0.8810509280350901,-0.8811382549450901,389.3190022820321
2,1558,2,2,3,-0.8810509280350901,-0.8811382549450901,388.82968327975004
2,1559,2,2,3,-0.8810509280350901,-0.8811382549450901,389.3656007772919
2,1560,2,1,2,-0.7244813201501,398.2097928907416,-0.28564538581
2,1561,2,2,3,-0.8810509280350901,-0.8811382549450901,389.7518101957461
2,1562,2,1,2,-0.7244813201501,397.4742428110463,-0.28564538581
2,1563,2,2,3,-0.8810509280350901,-0.8811382549450901,389.26205838555035
2,1564,2,2,3,-0.8810509280350901,-0.8811382549450901,388.77279632716477
2,1565,2,2,3,-0.8810509280350901,-0.8811382549450901,389.14546673274185
2,1566,2,1,2,-0.7244813201501,396.8522197364831,-0.28564538581
2,1567,2,2,3,-0.8810509280350901,-0.8811382549450901,389.41928981337946
2,1568,2,1,2,-0.7244813201501,396.41950745435935,-0.28564538581
2,1569,2,2,3,-0.8810509280350901,-0.8811382549450901,389.6241079235458
2,1570,1,2,1,404.22432375393544,-0.7244813201501,-0.28643926681
2,1571,0,2,1,379.8065487859673,-0.9920000000000001,-0.24516100000000002
2,1572,2,2,3,-0.8810509280350901,-0.8811382549450901,390.5799051828308
2,1573,1,2,1,403.9200994301815,-0.7244813201501,-0.28643926681
2,1574,1,2,1,403.7161793307513,-0.7244813201501,-0.28643926681
2,1575,1,2,1,402.3119720107764,-0.7244813201501,-0.28643926681
2,1576,2,2,3,-0.8810509280350901,-0.8811382549450901,391.2507998936146
2,1577,1,2,1,402.3096600387656,-0.7244813201501,-0.28643926681
2,1578,1,2,1,402.40735037872685,-0.7244813201501,-0.28643926681
2,1579,1,2,1,401.500444530322,-0.7244813201501,-0.28643926681
2,1580,2,2,3,-0.8810509280350901,-0.8811382549450901,391.77426391275503
2,1581,1,2,1,401.7981045813197,-0.7244813201501,-0.28643926681
2,1582,2,1,2,-0.7244813201501,401.22435464216665,-0.28564538581
2,1583,2,2,3,-0.8810509280350901,-0.8811382549450901,391.2824896488423
2,1584,2,2,3,-0.8810509280350901,-0.8811382549450901,390.79120715919345
2,1585,2,2,3,-0.8810509280350901,-0.8811382549450901,391.3332975528486
2,1586,2,1,2,-0.7244813201501,408.60325556967246,-0.28564538581
2,1587,2,0,2,-0.9920000000000001,380.5723272915729,-0.24516100000000002
2,1588,2,2,3,-0.8810509280350901,-0.8811382549450901,392.55169009896133
2,1589,2,1,2,-0.7244813201501,406.70554733250236,-0.28564538581
2,1590,2,2,3,-0.8810509280350901,-0.8811382549450901,393.46037027498295
2,1591,2,1,2,-0.7244813201501,405.18756925647546,-0.28564538581
2,1592,2,2,3,-0.8810509280350901,-0.8811382549450901,394.1279026038757
2,1593,2,1,2,-0.7244813201501,405.08238168721897,-0.28564538581
2,1594,2,1,2,-0.7244813201501,403.9928058762808,-0.28564538581
2,1595,2,2,3,-0.8810509280350901,-0.8811382549450901,393.6337747012718
2,1596,2,2,3,-0.8810509280350901,-0.8811382549450901,393.14014092657055
2,1597,2,2,3,-0.8810509280350901,-0.8811382549450901,393.72005514794944
2,1598,1,2,1,403.3594519508826,-0.7244813201501,-0.28643926681
2,1599,2,2,3,-0.8810509280350901,-0.8811382549450901,394.1806353762919
2,1600,1,2,1,410.5997279019395,-0.7244813201501,-0.28643926681
2,1601,0,2,1,383.16161904605053,-0.9920000000000001,-0.24516100000000002
2,1602,2,1,2,-0.7244813201501,410.6995341300939,-0.28564538581
2,1603,1,2,1,410.3883619704417,-0.7244813201501,-0.28643926681
2,1604,2,1,2,-0.7244813201501,410.55067353201616,-0.28564538581
2,1605,1,2,1,410.38344841061405,-0.7244813201501,-0.28643926681
2,1606,1,2,1,410.2730649622034,-0.7244813201501,-0.28643926681
2,1607,1,2,1,410.25850695681004,-0.7244813201501,-0.28643926681
2,1608,2,1,2,-0.7244813201501,410.51217425413654,-0.28564538581
2,1609,2,1,2,-0.7244813201501,410.9016620798824,-0.28564538581
2,1610,2,1,2,-0.7244813201501,411.55272053182466,-0.28564538581
2,1611,1,0,1,327.89896102148714,0.02480464015294347,0.44810014016329236
2,1612,2,0,2,-0.9920000000000001,385.5917401948875,-0.24516100000000002
2,1613,2,1,2,-0.7244813201501,411.24437673556577,-0.28564538581
2,1614,1,2,1,411.4285740004939,-0.7244813201501,-0.28643926681
2,1615,1,2,1,411.7171454264934,-0.7244813201501,-0.28643926681
2,1616,1,2,1,410.36931378609694,-0.7244813201501,-0.28643926681
2,1617,2,2,3,-0.8810509280350901,-0.8811382549450901,395.2891339034863
2,1618,1,2,1,417.4060285619258,-0.7244813201501,-0.28643926681
2,1619,0,2,1,388.35670253174374,-0.9920000000000001,-0.24516100000000002
2,1620,2,1,2,-0.7244813201501,415.0023121947321,-0.28564538581
2,1621,2,2,3,-0.8810509280350901,-0.8811382549450901,394.7938447695828
2,1622,2,2,3,-0.8810509280350901,-0.8811382549450901,394.29905092481323
2,1623,2,2,3,-0.8810509280350901,-0.8811382549450901,393.8047518738884
2,1624,2,2,3,-0.8810509280350901,-0.8811382549450901,393.3109471220145
2,1625,2,2,3,-0.8810509280350901,-0.8811382549450901,392.8176361748925
2,1626,2,2,3,-0.8810509280350901,-0.8811382549450901,392.32481853871764
2,1627,2,2,3,-0.8810509280350901,-0.8811382549450901,391.83249372017895
2,1628,2,2,3,-0.8810509280350901,-0.8811382549450901,391.3406612264588
2,1629,2,2,3,-0.8810509280350901,-0.8811382549450901,390.84932056523235
2,1630,2,2,3,-0.8810509280350901,-0.8811382549450901,390.3584712446671
2,1631,2,2,3,-0.8810509280350901,-0.8811382549450901,389.8681127734224
2,1632,2,2,3,-0.8810509280350901,-0.8811382549450901,389.378244660649
2,1633,2,2,3,-0.8810509280350901,-0.8811382549450901,391.42532614083973
2,1634,1,2,1,412.35025225390365,-0.7244813201501,-0.28643926681
2,1635,2,2,3,-0.8810509280350901,-0.8811382549450901,393.00546849989223
2,1636,1,2,1,410.22276841000263,-0.7244813201501,-0.28643926681
2,1637,2,2,3,-0.8810509280350901,-0.8811382549450901,394.21697572249326
2,1638,1,2,1,408.5279721655292,-0.7244813201501,-0.28643926681
2,1639,2,2,3,-0.8810509280350901,-0.8811382549450901,395.13978283321694
2,1640,2,1,2,-0.7244813201501,407.0961538002432,-0.28564538581
2,1641,2,2,3,-0.8810509280350901,-0.8811382549450901,395.82811188139226
2,1642,1,2,1,405.9715951807761,-0.7244813201501,-0.28643926681
2,1643,2,2,3,-0.8810509280350901,-0.8811382549450901,395.33228376951087
2,1644,2,2,3,-0.8810509280350901,-0.8811382549450901,394.83695148574134
2,1645,2,2,3,-0.8810509280350901,-0.8811382549450901,395.4446349653184
2,1646,2,1,2,-0.7244813201501,404.9251882083956,-0.28564538581
2,1647,2,2,3,-0.8810509280350901,-0.8811382549450901,394.9491903303531
2,1648,2,2,3,-0.8810509280350901,-0.8811382549450901,394.4542411400227
2,1649,2,2,3,-0.8810509280350901,-0.8811382549450901,394.99623902392267
2,1650,1,2,1,404.03573673520685,-0.7244813201501,-0.28643926681
2,1651,2,2,3,-0.8810509280350901,-0.8811382549450901,394.50124278489875
2,1652,2,2,3,-0.8810509280350901,-0.8811382549450901,394.00674154211384
2,1653,2,2,3,-0.8810509280350901,-0.8811382549450901,394.50560532468796
2,1654,1,2,1,403.2882179888303,-0.7244813201501,-0.28643926681
2,1655,2,2,3,-0.8810509280350901,-0.8811382549450901,394.8807173972438
2,1656,2,1,2,-0.7244813201501,402.5538510680056,-0.28564538581
2,1657,2,2,3,-0.8810509280350901,-0.8811382549450901,395.1453517915346
2,1658,1,2,1,402.11671831840886,-0.7244813201501,-0.28643926681
2,1659,2,2,3,-0.8810509280350901,-0.8811382549450901,394.6502064397431
2,1660,2,2,3,-0.8810509280350901,-0.8811382549450901,394.15555623330334
2,1661,2,2,3,-0.8810509280350901,-0.8811382549450901,393.66140067707005
2,1662,2,2,3,-0.8810509280350901,-0.8811382549450901,393.167739276393
2,1663,2,2,3,-0.8810509280350901,-0.8811382549450901,392.6745715371166
2,1664,2,2,3,-0.8810509280350901,-0.8811382549450901,392.1818969655795
2,1665,2,2,3,-0.8810509280350901,-0.8811382549450901,391.6897150686139
2,1666,2,2,3,-0.8810509280350901,-0.8811382549450901,391.1980253535453
2,1667,2,2,3,-0.8810509280350901,-0.8811382549450901,391.7877779317132
2,1668,1,2,1,401.4920365018076,-0.7244813201501,-0.28643926681
2,1669,2,2,3,-0.8810509280350901,-0.8811382549450901,392.25681310081194
2,1670,2,1,2,-0.7244813201501,400.7771786994353,-0.28564538581
2,1671,2,2,3,-0.8810509280350901,-0.8811382549450901,392.60798126824284
2,1672,1,2,1,409.0459451643891,-0.7244813201501,-0.28643926681
2,1673,0,2,1,388.3892224241254,-0.9920000000000001,-0.24516100000000002
2,1674,2,2,3,-0.8810509280350901,-0.8811382549450901,393.74273171269306
2,1675,1,2,1,407.2218810875068,-0.7244813201501,-0.28643926681
2,1676,2,2,3,-0.8810509280350901,-0.8811382549450901,394.58342476908695
2,1677,1,2,1,405.76345203089573,-0.7244813201501,-0.28643926681
2,1678,2,2,3,-0.8810509280350901,-0.8811382549450901,395.19566404323695
2,1679,1,2,1,405.65768857886485,-0.7244813201501,-0.28643926681
2,1680,1,2,1,405.65203089028597,-0.7244813201501,-0.28643926681
2,1681,1,2,1,405.7463788593957,-0.7244813201501,-0.28643926681
2,1682,1,2,1,405.9406324805363,-0.7244813201501,-0.28643926681
2,1683,1,2,1,406.2347506483361,-0.7244813201501,-0.28643926681
2,1684,2,1,2,-0.7244813201501,406.55514999938936,-0.28564538581
2,1685,1,2,1,406.95317174003736,-0.7244813201501,-0.28643926681
2,1686,2,1,2,-0.7244813201501,407.3775631038064,-0.28564538581
2,1687,1,2,1,414.99994300196784,-0.7244813201501,-0.28643926681
2,1688,0,2,1,388.6746709219933,-0.9920000000000001,-0.24516100000000002
2,1689,2,2,3,-0.8810509280350901,-0.8811382549450901,394.7004683791937
2,1690,2,2,3,-0.8810509280350901,-0.8811382549450901,394.20576791081453
2,1691,2,2,3,-0.8810509280350901,-0.8811382549450901,395.7701854769279
2,1692,1,2,1,412.7811970639869,-0.7244813201501,-0.28643926681
2,1693,2,2,3,-0.8810509280350901,-0.8811382549450901,395.27441529145096
2,1694,2,2,3,-0.8810509280350901,-0.8811382549450901,394.7791408761595
2,1695,2,2,3,-0.8810509280350901,-0.8811382549450901,394.2843617352833
2,1696,2,2,3,-0.8810509280350901,-0.8811382549450901,393.790077373548
2,1697,2,2,3,-0.8810509280350901,-0.8811382549450901,395.1755450426878
2,1698,2,1,2,-0.7244813201501,419.87394804860264,-0.28564538581
2,1699,2,0,2,-0.9920000000000001,388.92889787258736,-0.24516100000000002
2,1700,2,2,3,-0.8810509280350901,-0.8811382549450901,397.1262956465267
2,1701,1,2,1,417.40918606998514,-0.7244813201501,-0.28643926681
2,1702,2,2,3,-0.8810509280350901,-0.8811382549450901,398.63717550280256
2,1703,1,2,1,415.4333478377641,-0.7244813201501,-0.28643926681
2,1704,2,2,3,-0.8810509280350901,-0.8811382549450901,399.8013593884609
2,1705,1,2,1,415.41727924637655,-0.7244813201501,-0.28643926681
2,1706,2,1,2,-0.7244813201501,415.0951382092593,-0.28564538581
2,1707,2,1,2,-0.7244813201501,414.88070872307924,-0.28564538581
2,1708,1,2,1,414.95156950418664,-0.7244813201501,-0.28643926681
2,1709,2,1,2,-0.7244813201501,413.3558934879748,-0.28564538581
2,1710,2,2,3,-0.8810509280350901,-0.8811382549450901,400.64345690492434
2,1711,2,1,2,-0.7244813201501,413.34064210536667,-0.28564538581
2,1712,1,2,1,413.5121399579322,-0.7244813201501,-0.28643926681
2,1713,2,1,2,-0.7244813201501,413.62755363143407,-0.28564538581
2,1714,1,2,1,413.8981762039979,-0.7244813201501,-0.28643926681
2,1715,2,1,2,-0.7244813201501,414.1225653854336,-0.28564538581
2,1716,1,2,1,414.4939772742383,-0.7244813201501,-0.28643926681
2,1717,2,1,2,-0.7244813201501,413.45439357092334,-0.28564538581
2,1718,2,2,3,-0.8810509280350901,-0.8811382549450901,401.4110961779533
2,1719,2,1,2,-0.7244813201501,413.8363741100908,-0.28564538581
2,1720,1,2,1,414.81547955795554,-0.7244813201501,-0.28643926681
2,1721,0,1,2,0.02480464015294347,306.60360986462825,0.4484812350418096
2,1722,0,0,1,53.00368836775779,53.003653766421515,-0.271
2,1723,2,0,2,-0.9920000000000001,391.10274056156624,-0.24516100000000002
2,1724,1,2,1,414.50059025234066,-0.7244813201501,-0.28643926681
2,1725,2,1,2,-0.7244813201501,412.86163552367015,-0.28564538581
2,1726,2,2,3,-0.8810509280350901,-0.8811382549450901,402.04328847700134
2,1727,2,1,2,-0.7244813201501,412.6516047164268,-0.28564538581
2,1728,1,2,1,412.4408529436263,-0.7244813201501,-0.28643926681
2,1729,2,1,2,-0.7244813201501,412.30567059751695,-0.28564538581
2,1730,2,1,2,-0.7244813201501,412.2933649269194,-0.28564538581
2,1731,2,1,2,-0.7244813201501,412.3833207184081,-0.28564538581
2,1732,1,2,1,411.27166721489283,-0.7244813201501,-0.28643926681
2,1733,2,2,3,-0.8810509280350901,-0.8811382549450901,402.4548546835756
2,1734,1,2,1,410.3875311070775,-0.7244813201501,-0.28643926681
2,1735,2,2,3,-0.8810509280350901,-0.8811382549450901,401.952399828892
2,1736,2,2,3,-0.8810509280350901,-0.8811382549450901,401.4504474290631
2,1737,2,2,3,-0.8810509280350901,-0.8811382549450901,401.83159484864643
2,1738,2,1,2,-0.7244813201501,409.7103475490128,-0.28564538581
2,1739,2,2,3,-0.8810509280350901,-0.8811382549450901,402.11171584653397
2,1740,1,2,1,409.06615516655404,-0.7244813201501,-0.28643926681
2,1741,2,2,3,-0.8810509280350901,-0.8811382549450901,402.2980936233694
2,1742,1,2,1,408.5870509186122,-0.7244813201501,-0.28643926681
2,1743,2,2,3,-0.8810509280350901,-0.8811382549450901,401.79579552974604
2,1744,2,2,3,-0.8810509280350901,-0.8811382549450901,401.2939997342163
2,1745,2,2,3,-0.8810509280350901,-0.8811382549450901,401.51313338066336
2,1746,2,1,2,-0.7244813201501,408.1637422034918,-0.28564538581
2,1747,2,2,3,-0.8810509280350901,-0.8811382549450901,401.6714564997093
2,1748,1,2,1,407.82580562176423,-0.7244813201501,-0.28643926681
2,1749,2,2,3,-0.8810509280350901,-0.8811382549450901,401.1697850432096
2,1750,2,2,3,-0.8810509280350901,-0.8811382549450901,400.66861525816637
2,1751,2,2,3,-0.8810509280350901,-0.8811382549450901,400.8765084889044
2,1752,1,2,1,407.5299993999893,-0.7244813201501,-0.28643926681
2,1753,2,2,3,-0.8810509280350901,-0.8811382549450901,400.3756319804155
2,1754,2,2,3,-0.8810509280350901,-0.8811382549450901,399.8752563484351
2,1755,2,2,3,-0.8810509280350901,-0.8811382549450901,399.3753810920866
2,1756,2,2,3,-0.8810509280350901,-0.8811382549450901,398.87600571099455
2,1757,2,2,3,-0.8810509280350901,-0.8811382549450901,398.37712970528355
2,1758,2,2,3,-0.8810509280350901,-0.8811382549450901,397.8787525755783
2,1759,2,2,3,-0.8810509280350901,-0.8811382549450901,398.3363472586194
2,1760,1,2,1,415.39622449286,-0.7244813201501,-0.28643926681
2,1761,0,2,1,393.11613621238524,-0.9920000000000001,-0.24516100000000002
2,1762,2,1,2,-0.7244813201501,415.7713295713054,-0.28564538581
2,1763,1,2,1,415.49752893157915,-0.7244813201501,-0.28643926681
2,1764,2,1,2,-0.7244813201501,414.13940623981506,-0.28564538581
2,1765,1,0,1,306.49743090701736,0.02480464015294347,0.44810014016329236
2,1766,1,0,1,306.49093347611034,0.02480464015294347,0.44810014016329236
2,1767,1,0,1,306.58444254263424,0.02480464015294347,0.44810014016329236
2,1768,1,0,1,306.7778581000916,0.02480464015294347,0.44810014016329236
2,1769,1,0,1,315.6186248703725,0.02480464015294347,0.44810014016329236
2,1770,2,0,2,-0.9920000000000001,394.8109752652694,-0.24516100000000002
2,1771,1,2,1,414.4811812912592,-0.7244813201501,-0.28643926681
2,1772,2,1,2,-0.7244813201501,414.1468292551361,-0.28564538581
2,1773,1,2,1,414.5194656591334,-0.7244813201501,-0.28643926681
2,1774,1,2,1,414.2137197778361,-0.7244813201501,-0.28643926681
2,1775,0,1,2,0.02480464015294347,315.5025705447616,0.4484812350418096
2,1776,0,1,2,0.02480464015294347,323.3379415473654,0.4484812350418096
2,1777,0,2,1,394.7591898066029,-0.9920000000000001,-0.24516100000000002
2,1778,2,2,3,-0.8810509280350901,-0.8811382549450901,399.40987079076325
2,1779,1,2,1,412.43392500833806,-0.7244813201501,-0.28643926681
2,1780,2,2,3,-0.8810509280350901,-0.8811382549450901,400.1998422875124
2,1781,1,2,1,411.01031689396797,-0.7244813201501,-0.28643926681
2,1782,2,2,3,-0.8810509280350901,-0.8811382549450901,400.77083676094475
2,1783,2,1,2,-0.7244813201501,409.9943010410023,-0.28564538581
2,1784,2,2,3,-0.8810509280350901,-0.8811382549450901,401.1823272911968
2,1785,1,2,1,409.0040886413427,-0.7244813201501,-0.28643926681
2,1786,2,2,3,-0.8810509280350901,-0.8811382549450901,401.4562747746115
2,1787,2,1,2,-0.7244813201501,408.354900407544,-0.28564538581
2,1788,2,2,3,-0.8810509280350901,-0.8811382549450901,401.6377824374972
2,1789,2,1,2,-0.7244813201501,407.8815508281018,-0.28564538581
2,1790,2,2,3,-0.8810509280350901,-0.8811382549450901,401.1361446550597
2,1791,2,2,3,-0.8810509280350901,-0.8811382549450901,400.63500851040465
2,1792,2,2,3,-0.8810509280350901,-0.8811382549450901,400.13437350189423
2,1793,2,2,3,-0.8810509280350901,-0.8811382549450901,399.6342391283923
2,1794,2,2,3,-0.8810509280350901,-0.8811382549450901,399.1346048892639
2,1795,2,2,3,-0.8810509280350901,-0.8811382549450901,398.63547028437466
2,1796,2,2,3,-0.8810509280350901,-0.8811382549450901,399.0521967879193
2,1797,2,1,2,-0.7244813201501,407.2995632272956,-0.28564538581
2,1798,2,2,3,-0.8810509280350901,-0.8811382549450901,398.55314459113134
2,1799,2,2,3,-0.8810509280350901,-0.8811382549450901,398.0545914465402
2,1800,2,2,3,-0.8810509280350901,-0.8811382549450901,398.47122376778526
2,1801,1,2,1,406.4131190248207,-0.7244813201501,-0.28643926681
2,1802,2,2,3,-0.8810509280350901,-0.8811382549450901,397.97275254401745
2,1803,2,2,3,-0.8810509280350901,-0.8811382549450901,397.47477979147345
2,1804,2,2,3,-0.8810509280350901,-0.8811382549450901,397.86220059578335
2,1805,1,2,1,405.66016498132115,-0.7244813201501,-0.28643926681
2,1806,2,2,3,-0.8810509280350901,-0.8811382549450901,398.13633686935583
2,1807,1,2,1,405.1096458332553,-0.7244813201501,-0.28643926681
2,1808,2,2,3,-0.8810509280350901,-0.8811382549450901,398.3289702189492
2,1809,2,1,2,-0.7244813201501,404.83699565648493,-0.28564538581
2,1810,2,2,3,-0.8810509280350901,-0.8811382549450901,398.4745648779133
2,1811,1,2,1,404.49890629435856,-0.7244813201501,-0.28643926681
2,1812,2,2,3,-0.8810509280350901,-0.8811382549450901,398.57250011326346
2,1813,1,2,1,404.3076931761358,-0.7244813201501,-0.28643926681
2,1814,2,2,3,-0.8810509280350901,-0.8811382549450901,398.6417117263746
2,1815,1,2,1,412.8580836493759,-0.7244813201501,-0.28643926681
2,1816,0,2,1,396.15655015724036,-0.9920000000000001,-0.24516100000000002
2,1817,2,1,2,-0.7244813201501,413.4858268732109,-0.28564538581
2,1818,1,0,1,330.3250922248953,0.02480464015294347,0.44810014016329236
2,1819,2,0,2,-0.9920000000000001,397.4802383264746,-0.24516100000000002
2,1820,1,2,1,413.2695552083126,-0.7244813201501,-0.28643926681
2,1821,2,1,2,-0.7244813201501,412.93952310198443,-0.28564538581
2,1822,1,2,1,412.81068886210323,-0.7244813201501,-0.28643926681
2,1823,1,2,1,412.79787817324114,-0.7244813201501,-0.28643926681
2,1824,1,2,1,412.8866522984521,-0.7244813201501,-0.28643926681
2,1825,2,1,2,-0.7244813201501,412.69312246353473,-0.28564538581
2,1826,1,2,1,411.45467503415824,-0.7244813201501,-0.28643926681
2,1827,2,2,3,-0.8810509280350901,-0.8811382549450901,399.41498518186825
2,1828,2,1,2,-0.7244813201501,410.18248924328805,-0.28564538581
2,1829,2,2,3,-0.8810509280350901,-0.8811382549450901,399.98155309876694
2,1830,2,1,2,-0.7244813201501,409.16241407573716,-0.28564538581
2,1831,2,2,3,-0.8810509280350901,-0.8811382549450901,399.48157154566815
2,1832,2,2,3,-0.8810509280350901,-0.8811382549450901,398.98208997412246
2,1833,2,2,3,-0.8810509280350901,-0.8811382549450901,399.49095997020817
2,1834,2,1,2,-0.7244813201501,408.29577770521405,-0.28564538581
2,1835,2,2,3,-0.8810509280350901,-0.8811382549450901,398.99146901023795
2,1836,2,2,3,-0.8810509280350901,-0.8811382549450901,398.4924775412277
2,1837,2,2,3,-0.8810509280350901,-0.8811382549450901,397.99398506368647
2,1838,2,2,3,-0.8810509280350901,-0.8811382549450901,397.49599107862275
2,1839,2,2,3,-0.8810509280350901,-0.8811382549450901,398.0676739635767
2,1840,2,1,2,-0.7244813201501,407.4748996570867,-0.28564538581
2,1841,2,2,3,-0.8810509280350901,-0.8811382549450901,397.5696062896131
2,1842,2,2,3,-0.8810509280350901,-0.8811382549450901,397.07203668332346
2,1843,2,2,3,-0.8810509280350901,-0.8811382549450901,397.6048480810427
2,1844,2,1,2,-0.7244813201501,406.7902896514013,-0.28564538581
2,1845,2,2,3,-0.8810509280350901,-0.8811382549450901,397.10724323296165
2,1846,2,2,3,-0.8810509280350901,-0.8811382549450901,396.6101359897287
2,1847,2,2,3,-0.8810509280350901,-0.8811382549450901,396.11352585373896
2,1848,2,2,3,-0.8810509280350901,-0.8811382549450901,395.61741232788523
2,1849,2,2,3,-0.8810509280350901,-0.8811382549450901,396.2279097705854
2,1850,2,1,2,-0.7244813201501,406.1378237535491,-0.28564538581
2,1851,2,2,3,-0.8810509280350901,-0.8811382549450901,396.7127633451282
2,1852,2,1,2,-0.7244813201501,414.7745849725152,-0.28564538581
2,1853,2,0,2,-0.9920000000000001,398.79489840610614,-0.24516100000000002
2,1854,2,1,2,-0.7244813201501,414.4598103875427,-0.28564538581
2,1855,2,1,2,-0.7244813201501,414.24535057715514,-0.28564538581
2,1856,2,1,2,-0.7244813201501,414.131105226578,-0.28564538581
2,1857,2,1,2,-0.7244813201501,414.1169741213514,-0.28564538581
2,1858,2,1,2,-0.7244813201501,414.2028571472301,-0.28564538581
2,1859,2,1,2,-0.7244813201501,414.38865429008285,-0.28564538581
2,1860,2,1,2,-0.7244813201501,414.6742656357928,-0.28564538581
2,1861,2,1,2,-0.7244813201501,415.05959137015697,-0.28564538581
2,1862,2,1,2,-0.7244813201501,422.9343271753458,-0.28564538581
2,1863,2,0,2,-0.9920000000000001,398.18997213666324,-0.24516100000000002
2,1864,2,2,3,-0.8810509280350901,-0.8811382549450901,398.81198540097466
2,1865,2,1,2,-0.7244813201501,420.2232810125077,-0.28564538581
2,1866,2,2,3,-0.8810509280350901,-0.8811382549450901,398.3131734155737
2,1867,2,2,3,-0.8810509280350901,-0.8811382549450901,399.9839608942546
2,1868,2,1,2,-0.7244813201501,417.99936503978813,-0.28564538581
2,1869,2,2,3,-0.8810509280350901,-0.8811382549450901,401.2662410896849
2,1870,1,2,1,416.61332409384045,-0.7244813201501,-0.28643926681
2,1871,2,2,3,-0.8810509280350901,-0.8811382549450901,400.7649748485952
2,1872,2,2,3,-0.8810509280350901,-0.8811382549450901,400.2642098737466
2,1873,2,2,3,-0.8810509280350901,-0.8811382549450901,401.38250797166216
2,1874,1,2,1,415.48885997365096,-0.7244813201501,-0.28643926681
2,1875,2,2,3,-0.8810509280350901,-0.8811382549450901,400.8811254636905
2,1876,2,2,3,-0.8810509280350901,-0.8811382549450901,400.3802443382268
2,1877,2,2,3,-0.8810509280350901,-0.8811382549450901,401.3756170417956
2,1878,1,2,1,423.26029074641997,-0.7244813201501,-0.28643926681
2,1879,0,2,1,398.102702179266,-0.9920000000000001,-0.24516100000000002
2,1880,2,2,3,-0.8810509280350901,-0.8811382549450901,403.0408241215116
2,1881,1,2,1,422.93703045567355,-0.7244813201501,-0.28643926681
2,1882,1,2,1,422.71409342521787,-0.7244813201501,-0.28643926681
2,1883,1,2,1,422.5923451166166,-0.7244813201501,-0.28643926681
2,1884,2,1,2,-0.7244813201501,422.4659376666946,-0.28564538581
2,1885,1,2,1,420.51255617859164,-0.7244813201501,-0.28643926681
2,1886,2,2,3,-0.8810509280350901,-0.8811382549450901,402.5377832973901
2,1887,2,2,3,-0.8810509280350901,-0.8811382549450901,403.81552313096853
2,1888,2,1,2,-0.7244813201501,418.8460837292152,-0.28564538581
2,1889,2,2,3,-0.8810509280350901,-0.8811382549450901,404.7990355155908
2,1890,1,2,1,417.530238131672,-0.7244813201501,-0.28643926681
2,1891,2,2,3,-0.8810509280350901,-0.8811382549450901,405.55525337139306
2,1892,2,1,2,-0.7244813201501,416.43289196887133,-0.28564538581
2,1893,2,2,3,-0.8810509280350901,-0.8811382549450901,406.1260192900788
2,1894,1,2,1,415.5909418717632,-0.7244813201501,-0.28643926681
2,1895,2,2,3,-0.8810509280350901,-0.8811382549450901,406.5574291505594
2,1896,2,1,2,-0.7244813201501,414.8856562994372,-0.28564538581
2,1897,2,2,3,-0.8810509280350901,-0.8811382549450901,406.8753662091477
2,1898,2,1,2,-0.7244813201501,414.3777519241991,-0.28564538581
2,1899,2,2,3,-0.8810509280350901,-0.8811382549450901,407.1108151079397
2,1900,1,2,1,413.94020269301984,-0.7244813201501,-0.28643926681
2,1901,2,2,3,-0.8810509280350901,-0.8811382549450901,407.2798136637547
2,1902,1,2,1,413.6668839764296,-0.7244813201501,-0.28643926681
2,1903,2,2,3,-0.8810509280350901,-0.8811382549450901,407.40485381104577
2,1904,1,2,1,421.612363094534,-0.7244813201501,-0.28643926681
2,1905,0,2,1,400.03239989895474,-0.9920000000000001,-0.24516100000000002
2,1906,2,1,2,-0.7244813201501,421.9938779246805,-0.28564538581
2,1907,1,2,1,420.25874915695505,-0.7244813201501,-0.28643926681
2,1908,2,2,3,-0.8810509280350901,-0.8811382549450901,408.16689792523226
2,1909,2,1,2,-0.7244813201501,427.7083844102479,-0.28564538581
2,1910,2,0,2,-0.9920000000000001,402.37559202654666,-0.24516100000000002
2,1911,2,1,2,-0.7244813201501,425.4460688638211,-0.28564538581
2,1912,2,2,3,-0.8810509280350901,-0.8811382549450901,409.36936895022734
2,1913,2,1,2,-0.7244813201501,423.6290295035115,-0.28564538581
2,1914,2,2,3,-0.8810509280350901,-0.8811382549450901,410.27170597605226
2,1915,2,1,2,-0.7244813201501,422.1830254447895,-0.28564538581
2,1916,2,2,3,-0.8810509280350901,-0.8811382549450901,410.94265384805277
2,1917,1,2,1,420.8662179091913,-0.7244813201501,-0.28643926681
2,1918,2,2,3,-0.8810509280350901,-0.8811382549450901,410.4317111942047
2,1919,2,2,3,-0.8810509280350901,-0.8811382549450901,409.9212794830105
2,1920,2,2,3,-0.8810509280350901,-0.8811382549450901,410.49490710771937
2,1921,1,2,1,419.71859192193637,-0.7244813201501,-0.28643926681
2,1922,2,2,3,-0.8810509280350901,-0.8811382549450901,410.8975569972191
2,1923,1,2,1,418.82559087246744,-0.7244813201501,-0.28643926681
2,1924,2,2,3,-0.8810509280350901,-0.8811382549450901,410.3866594402219
2,1925,2,2,3,-0.8810509280350901,-0.8811382549450901,409.8762727807817
2,1926,2,2,3,-0.8810509280350901,-0.8811382549450901,410.2509217641111
2,1927,2,1,2,-0.7244813201501,417.9446254492615,-0.28564538581
2,1928,2,2,3,-0.8810509280350901,-0.8811382549450901,409.740670842347
2,1929,2,2,3,-0.8810509280350901,-0.8811382549450901,409.23093017150467
2,1930,2,2,3,-0.8810509280350901,-0.8811382549450901,409.5856665853011
2,1931,1,2,1,417.21106672782577,-0.7244813201501,-0.28643926681
2,1932,2,2,3,-0.8810509280350901,-0.8811382549450901,409.07608091871583
2,1933,2,2,3,-0.8810509280350901,-0.8811382549450901,408.5670048377971
2,1934,2,2,3,-0.8810509280350901,-0.8811382549450901,408.0584378329593
2,1935,2,2,3,-0.8810509280350901,-0.8811382549450901,407.55037939512636
2,1936,2,2,3,-0.8810509280350901,-0.8811382549450901,407.99923706166845
2,1937,1,2,1,416.48188452414837,-0.7244813201501,-0.28643926681
2,1938,2,2,3,-0.8810509280350901,-0.8811382549450901,408.3299575991016
2,1939,2,1,2,-0.7244813201501,415.74870438049265,-0.28564538581
2,1940,2,2,3,-0.8810509280350901,-0.8811382549450901,408.55703966472186
2,1941,1,2,1,415.3296726134476,-0.7244813201501,-0.28643926681
2,1942,2,2,3,-0.8810509280350901,-0.8811382549450901,408.7181128043055
2,1943,2,1,2,-0.7244813201501,414.851975949952,-0.28564538581
2,1944,2,2,3,-0.8810509280350901,-0.8811382549450901,408.81742157732816
2,1945,1,2,1,414.64674340391167,-0.7244813201501,-0.28643926681
2,1946,2,2,3,-0.8810509280350901,-0.8811382549450901,408.8850100256155
2,1947,2,1,2,-0.7244813201501,414.35534877453705,-0.28564538581
2,1948,2,2,3,-0.8810509280350901,-0.8811382549450901,408.9183158436035
2,1949,1,2,1,422.7606447194758,-0.7244813201501,-0.28643926681
